age,gender,height_cm,weight_kg,steps_per_day,BMR,BMI,TDEE,metabolism_label
29,male,173,77,10921,1711.25,25.727555214006482,2951.90625,fast
36,female,167,55,6187,1252.75,19.721036967980208,1722.53125,slow
49,male,180,45,9008,1335.0,13.888888888888888,2069.25,medium
24,female,150,79,6935,1446.5,35.111111111111114,1988.9375,medium
36,male,169,85,7238,1731.25,29.76086271489094,2380.46875,fast
28,male,176,75,5911,1715.0,24.212293388429753,2358.125,fast
44,male,181,67,8438,1586.25,20.45114617990904,2458.6875,fast
43,male,161,74,2600,1536.25,28.54828131630724,1843.5,slow
29,female,160,59,10502,1284.0,23.046874999999996,2214.9,medium
36,female,166,49,3541,1186.5,17.78197125852809,1423.8,slow
57,female,167,63,8547,1227.75,22.589551436050055,1903.0125,slow
38,male,167,63,9029,1488.75,22.589551436050055,2307.5625,fast
43,female,164,70,7934,1349.0,26.026174895895306,2090.9500000000003,medium
18,female,167,59,6474,1382.75,21.15529420201513,1901.28125,slow
43,female,172,67,3289,1369.0,22.647376960519203,1642.8,slow
38,male,165,76,11345,1606.25,27.915518824609737,2770.78125,fast
28,male,172,55,6797,1490.0,18.591130340724717,2048.75,medium
19,female,167,72,7547,1507.75,25.816630212628635,2337.0125000000003,fast
43,male,186,91,9559,1862.5,26.303618915481554,2886.875,fast
43,female,162,55,8783,1186.5,20.957171162932475,1839.075,slow
30,female,165,58,5346,1300.25,21.30394857667585,1787.84375,slow
31,female,157,77,6770,1435.25,31.238589800803275,1973.46875,medium
26,male,166,56,14859,1472.5,20.322252866889244,2797.75,fast
31,male,164,70,8510,1575.0,26.026174895895306,2441.25,fast
18,female,168,61,7431,1409.0,21.612811791383223,1937.375,medium
33,female,150,49,5018,1101.5,21.77777777777778,1514.5625,slow
30,male,169,86,3933,1771.25,30.110990511536716,2125.5,medium
33,female,151,75,9379,1367.75,32.89329415376518,2120.0125000000003,medium
42,male,165,76,7445,1586.25,27.915518824609737,2181.09375,medium
25,female,160,56,9807,1274.0,21.874999999999996,1974.7,medium
41,female,163,48,5794,1132.75,18.06616733787497,1557.53125,slow
18,female,160,49,8683,1239.0,19.140624999999996,1920.45,slow
39,male,152,77,9816,1530.0,33.3275623268698,2371.5,fast
31,male,173,84,8816,1771.25,28.06642386982525,2745.4375,fast
18,male,170,84,7881,1817.5,29.065743944636683,2817.125,fast
22,male,160,78,8242,1675.0,30.468749999999993,2596.25,fast
43,female,158,69,10256,1301.5,27.639801313892,2245.0875,medium
35,female,151,74,10812,1347.75,32.45471689838165,2324.86875,fast
21,male,169,88,5663,1836.25,30.811246104828268,2524.84375,fast
43,male,183,69,5615,1623.75,20.603780345785182,2232.65625,medium
40,male,159,71,8533,1508.75,28.084332107116012,2338.5625,fast
46,female,163,94,7734,1567.75,35.37957770333848,2430.0125000000003,fast
30,female,163,95,7422,1657.75,35.75595618954421,2279.40625,fast
23,female,163,59,9285,1332.75,22.20633068613798,2065.7625000000003,medium
33,male,172,97,11366,1885.0,32.787993510005414,3251.625,fast
29,female,165,74,6644,1465.25,27.180899908172638,2014.71875,medium
18,female,158,75,6661,1486.5,30.043262297708697,2043.9375,medium
26,male,171,72,4642,1663.75,24.622960911049557,1996.5,medium
42,female,156,67,5679,1274.0,27.531229454306374,1751.75,slow
44,male,165,75,8143,1566.25,27.548209366391188,2427.6875,fast
23,male,173,70,5782,1671.25,23.38868655818771,2297.96875,fast
30,female,165,52,6907,1240.25,19.100091827364558,1705.34375,slow
22,male,178,73,7852,1737.5,23.04002019946976,2693.125,fast
26,male,167,90,7821,1818.75,32.2707877657858,2819.0625,fast
33,female,163,57,8595,1262.75,21.453573713726524,1957.2625,medium
55,female,164,45,7966,1039.0,16.731112433075552,1610.45,slow
21,male,156,61,9600,1485.0,25.06574621959237,2301.75,fast
26,female,171,57,6705,1347.75,19.493177387914233,1853.15625,slow
30,female,158,65,13112,1326.5,26.037493991347535,2520.35,fast
55,female,167,45,6289,1057.75,16.1353938828929,1454.40625,slow
27,female,158,58,5990,1271.5,23.233456176894723,1748.3125,slow
31,female,173,61,5168,1375.25,20.381569714992146,1890.96875,slow
30,male,155,66,7848,1483.75,27.47138397502601,2299.8125,fast
29,female,160,79,3910,1484.0,30.859374999999993,1780.8,slow
60,female,160,73,11361,1269.0,28.515624999999993,2189.025,medium
31,female,160,69,7815,1374.0,26.953124999999996,2129.7000000000003,medium
41,female,172,64,6822,1349.0,21.63331530557058,1854.875,slow
33,male,174,75,5943,1677.5,24.772096710265558,2306.5625,fast
23,male,180,58,10704,1595.0,17.901234567901234,2751.375,fast
28,male,167,83,11131,1738.75,29.760837606224676,2999.34375,fast
34,male,166,72,8736,1592.5,26.1286108288576,2468.375,fast
42,male,174,71,7793,1592.5,23.450918219051392,2468.375,fast
38,female,150,64,10177,1226.5,28.444444444444443,2115.7125,medium
49,female,156,57,8154,1139.0,23.422090729783037,1765.45,slow
31,male,190,53,5393,1567.5,14.681440443213297,2155.3125,medium
38,male,169,73,8987,1601.25,25.55932915514163,2481.9375,fast
46,male,185,67,8123,1601.25,19.576333089846603,2481.9375,fast
28,male,169,46,11926,1381.25,16.105878645705683,2382.65625,fast
53,male,172,73,7706,1545.0,24.675500270416443,2394.75,fast
36,female,156,56,8080,1194.0,23.011176857330703,1850.7,slow
39,male,159,75,7031,1553.75,29.666548000474663,2136.40625,medium
28,male,179,47,11425,1453.75,14.66870572079523,2507.71875,fast
26,female,150,55,3770,1196.5,24.444444444444443,1435.8,slow
37,female,154,68,11331,1296.5,28.67262607522348,2236.4625,medium
28,female,150,62,5389,1256.5,27.555555555555557,1727.6875,slow
35,male,176,77,7635,1700.0,24.857954545454547,2635.0,fast
29,female,156,51,11314,1179.0,20.956607495069033,2033.775,medium
56,male,164,61,6001,1360.0,22.679952409280194,1870.0,slow
20,female,156,52,4155,1234.0,21.367521367521366,1480.8,slow
18,female,162,68,9926,1441.5,25.910684346898332,2234.3250000000003,medium
33,male,174,81,7877,1737.5,26.7538644470868,2693.125,fast
45,female,156,45,10884,1039.0,18.49112426035503,1792.275,slow
36,female,168,64,6289,1349.0,22.67573696145125,1854.875,slow
50,male,172,68,3502,1510.0,22.985397512168742,1812.0,slow
25,female,153,65,6855,1320.25,27.76709812465291,1815.34375,slow
18,female,168,65,5628,1449.0,23.030045351473927,1992.375,medium
46,female,159,73,6076,1332.75,28.875440053795337,1832.53125,slow
44,female,161,49,6827,1115.25,18.90359168241966,1533.46875,slow
48,male,167,85,8813,1658.75,30.477966223242138,2571.0625,fast
45,male,157,57,2401,1331.25,23.124670372023203,1597.5,slow
38,male,182,82,7241,1772.5,24.755464315903875,2437.1875,fast
43,female,162,61,9491,1246.5,23.243408017070564,1932.075,medium
18,female,168,66,4071,1459.0,23.384353741496604,1750.8,slow
38,male,163,65,4851,1483.75,24.46460160337235,1780.5,slow
35,male,177,72,8382,1656.25,22.981901752370007,2567.1875,fast
26,male,166,54,7021,1452.5,19.5964581216432,1997.1875,medium
30,female,154,54,6815,1191.5,22.76943835385394,1638.3125,slow
28,male,171,70,6947,1633.75,23.938989774631512,2246.40625,medium
36,male,164,72,8289,1570.0,26.769779892920884,2433.5,fast
57,female,157,54,2019,1075.25,21.907582457706194,1290.3,slow
39,male,164,77,9127,1605.0,28.628792385484836,2487.75,fast
32,female,153,45,8008,1085.25,19.223375624759708,1682.1375,slow
27,male,174,86,8058,1817.5,28.405337561104506,2817.125,fast
26,female,157,64,9776,1330.25,25.96454217209623,2061.8875000000003,medium
47,female,150,92,5939,1461.5,40.888888888888886,2009.5625,medium
49,female,163,49,7024,1102.75,18.442545824080696,1516.28125,slow
42,male,167,55,8988,1388.75,19.721036967980208,2152.5625,medium
35,male,170,67,6903,1562.5,23.18339100346021,2148.4375,medium
31,female,150,71,7863,1331.5,31.555555555555557,2063.8250000000003,medium
29,male,175,78,5056,1733.75,25.46938775510204,2383.90625,fast
37,male,182,86,7285,1817.5,25.963047941069917,2499.0625,fast
29,male,162,75,2000,1622.5,28.577960676726104,1947.0,medium
53,male,171,69,7846,1498.75,23.59700420642249,2323.0625,fast
33,female,151,54,7618,1157.75,23.683171790710933,1794.5125,slow
54,female,150,45,8074,956.5,20.0,1482.575,slow
27,female,165,75,9429,1485.25,27.548209366391188,2302.1375000000003,fast
58,male,165,69,7898,1436.25,25.344352617079892,2226.1875,medium
38,male,165,73,7110,1576.25,26.813590449954088,2167.34375,medium
39,female,164,68,8688,1349.0,25.282569898869724,2090.9500000000003,medium
40,male,177,45,8401,1361.25,14.363688595231254,2109.9375,medium
52,male,175,93,6504,1768.75,30.367346938775512,2432.03125,fast
18,female,157,62,11691,1350.25,25.153150229218223,2329.18125,fast
22,male,158,63,7637,1512.5,25.236340330075304,2344.375,fast
25,female,162,63,8922,1356.5,24.005486968449926,2102.5750000000003,medium
25,female,163,61,10135,1342.75,22.95908765854944,2316.24375,fast
35,female,161,56,5375,1230.25,21.60410477990818,1691.59375,slow
30,male,172,79,5227,1720.0,26.703623580313685,2365.0,fast
31,male,175,87,6388,1813.75,28.408163265306122,2493.90625,fast
18,male,167,87,12498,1828.75,31.1950948402596,3154.59375,fast
26,female,151,45,11240,1102.75,19.735976492259113,1902.24375,slow
43,male,159,68,6400,1463.75,26.897670187097027,2012.65625,medium
51,female,164,64,8605,1249.0,23.795359904818564,1935.95,medium
27,female,169,54,6261,1300.25,18.906901018871892,1787.84375,slow
34,female,167,45,11323,1162.75,16.1353938828929,2005.74375,medium
27,male,174,77,10797,1727.5,25.43268595587264,2979.9375,fast
43,male,153,69,9070,1436.25,29.475842624631554,2226.1875,medium
42,female,159,56,7706,1182.75,22.151022507021082,1833.2625,slow
32,male,168,45,7364,1345.0,15.94387755102041,1849.375,slow
44,female,155,51,5698,1097.75,21.227887617065555,1509.40625,slow
23,female,163,52,7088,1262.75,19.57168128269788,1736.28125,slow
29,male,163,61,3470,1488.75,22.95908765854944,1786.5,slow
36,male,168,65,6132,1525.0,23.030045351473927,2096.875,medium
45,male,167,52,9252,1343.75,18.645344042454013,2082.8125,medium
48,male,151,47,4398,1178.75,20.613131003026183,1414.5,slow
30,female,161,55,6946,1245.25,21.218317194552675,1712.21875,slow
20,male,164,58,11880,1510.0,21.564544913741823,2604.75,fast
32,male,177,52,8352,1471.25,16.59804015448945,2280.4375,fast
35,male,169,78,4866,1666.25,27.309968138370508,1999.5,medium
43,male,174,72,7653,1597.5,23.781212841854934,2476.125,fast
30,female,168,49,9039,1229.0,17.361111111111114,1904.95,slow
28,male,168,88,9424,1795.0,31.17913832199547,2782.25,fast
18,male,182,57,5459,1622.5,17.208066658616108,2230.9375,medium
30,female,159,56,10039,1242.75,22.151022507021082,2143.74375,medium
18,female,171,64,7258,1457.75,21.887076365377382,2004.40625,medium
30,female,161,65,7596,1345.25,25.076193048107708,2085.1375000000003,medium
31,male,179,97,9180,1938.75,30.273711806747606,3005.0625,fast
41,male,161,59,6944,1396.25,22.76146753597469,1919.84375,slow
29,male,164,74,5054,1625.0,27.513384889946465,2234.375,medium
32,female,155,83,7447,1477.75,34.54734651404786,2031.90625,medium
51,male,180,59,8775,1465.0,18.209876543209877,2270.75,fast
31,male,178,66,11137,1622.5,20.830703194041156,2798.8125,fast
39,female,154,64,5611,1246.5,26.986001011975038,1713.9375,slow
42,female,159,70,11252,1322.75,27.688778133776353,2281.74375,fast
54,female,157,63,7947,1180.25,25.558846200657225,1829.3875,slow
37,male,157,75,6798,1551.25,30.427197857925268,2132.96875,medium
60,male,169,85,5742,1611.25,29.76086271489094,2215.46875,medium
22,male,160,91,5739,1805.0,35.54687499999999,2481.875,fast
18,female,157,67,8831,1400.25,27.18163008641324,2170.3875000000003,medium
30,female,155,69,10025,1347.75,28.720083246618103,2324.86875,fast
36,male,160,76,9026,1585.0,29.687499999999993,2456.75,fast
43,male,176,72,7528,1610.0,23.243801652892564,2495.5,fast
18,female,159,71,7834,1452.75,28.084332107116012,2251.7625000000003,medium
37,female,155,59,7114,1212.75,24.55775234131113,1667.53125,slow
34,male,174,72,7574,1642.5,23.781212841854934,2545.875,fast
55,female,162,46,11035,1036.5,17.527815881725342,1787.9625,slow
23,female,168,58,7837,1354.0,20.549886621315196,2098.7000000000003,medium
36,male,179,86,9590,1803.75,26.840610467838083,2795.8125,fast
37,male,176,72,10163,1640.0,23.243801652892564,2829.0,fast
59,female,155,53,3696,1042.75,22.060353798126947,1251.3,slow
18,female,150,51,9484,1196.5,22.666666666666668,1854.575,slow
18,male,167,77,9360,1728.75,27.60945175517229,2679.5625,fast
34,male,171,90,5004,1803.75,30.778701138811947,2480.15625,fast
39,female,150,71,8019,1291.5,31.555555555555557,2001.825,medium
45,female,171,45,7684,1132.75,15.389350569405973,1755.7625,slow
29,female,159,68,10485,1367.75,26.897670187097027,2359.36875,fast
49,male,166,62,8678,1417.5,22.49963710262738,2197.125,medium
56,female,155,45,5304,977.75,18.730489073881373,1344.40625,slow
40,male,177,61,7761,1521.25,19.4707778735357,2357.9375,fast
31,female,160,68,7597,1364.0,26.562499999999996,2114.2000000000003,medium
28,female,161,61,10470,1315.25,23.533042706685695,2268.80625,medium
43,female,160,84,9551,1464.0,32.81249999999999,2269.2000000000003,fast
18,female,163,64,8263,1407.75,24.088223117166624,2182.0125000000003,medium
27,female,156,56,5124,1239.0,23.011176857330703,1703.625,slow
45,male,178,88,9121,1772.5,27.77427092538821,2747.375,fast
45,male,169,74,7118,1576.25,25.909456951787405,2167.34375,medium
38,female,162,59,7508,1251.5,22.481329065691202,1939.825,medium
31,female,155,50,7886,1152.75,20.811654526534856,1786.7625,slow
40,female,175,58,8047,1312.75,18.93877551020408,2034.7625,medium
33,female,157,57,10268,1225.25,23.124670372023203,2113.55625,medium
36,male,172,69,6488,1590.0,23.323418063818284,2186.25,medium
42,male,176,63,7396,1525.0,20.33832644628099,2096.875,medium
28,female,162,80,7335,1511.5,30.48315805517451,2078.3125,medium
40,female,159,77,7769,1402.75,30.457655947153988,2174.2625000000003,medium
46,male,179,69,4632,1583.75,21.534908398614277,1900.5,slow
18,male,166,85,5176,1802.5,30.84627667295689,2478.4375,fast
21,female,170,61,10293,1406.5,21.107266435986162,2426.2125,fast
29,female,156,81,2000,1479.0,33.28402366863905,1774.8,slow
25,male,172,86,8728,1815.0,29.069767441860467,2813.25,fast
20,male,174,54,8291,1532.5,17.8359096313912,2375.375,fast
35,female,155,72,5868,1352.75,29.968782518210194,1860.03125,slow
54,male,167,75,7319,1528.75,26.89232313815483,2102.03125,medium
44,female,152,66,8697,1229.0,28.566481994459835,1904.95,slow
43,female,165,58,7619,1235.25,21.30394857667585,1914.6375,slow
49,female,166,59,7567,1221.5,21.410944984758313,1893.325,slow
34,female,154,56,10187,1191.5,23.61275088547816,2055.3375,medium
36,male,162,83,9058,1667.5,31.626276482243554,2584.625,fast
35,female,158,64,9700,1291.5,25.63691716071142,2001.825,medium
35,male,165,80,8483,1661.25,29.384756657483933,2574.9375,fast
46,female,163,57,13533,1197.75,21.453573713726524,2275.725,fast
36,male,176,69,10793,1615.0,22.275309917355372,2785.875,fast
51,male,166,92,10187,1707.5,33.386558281318045,2945.4375,fast
31,male,172,78,6065,1705.0,26.365603028664147,2344.375,fast
40,male,156,61,7466,1390.0,25.06574621959237,1911.25,slow
29,male,171,85,7223,1778.75,29.06877329776684,2445.78125,fast
46,male,168,88,9393,1705.0,31.17913832199547,2642.75,fast
36,female,167,82,6352,1522.75,29.402273297715947,2093.78125,medium
49,female,171,69,10333,1352.75,23.59700420642249,2333.49375,fast
43,male,171,78,4365,1638.75,26.674874320303687,1966.5,medium
29,female,164,56,10970,1279.0,20.820939916716245,2206.275,medium
28,female,155,61,10431,1277.75,25.390218522372525,2204.11875,medium
32,female,154,80,12011,1441.5,33.732501264968796,2486.5875,fast
22,female,162,66,7282,1401.5,25.14860539551897,1927.0625,medium
51,female,170,45,6118,1096.5,15.570934256055365,1507.6875,slow
35,male,161,83,6265,1666.25,32.02036958450677,2291.09375,fast
56,male,161,56,3718,1291.25,21.60410477990818,1549.5,slow
43,male,178,86,7276,1762.5,27.143037495265748,2423.4375,fast
44,female,158,81,13269,1416.5,32.446723281525394,2691.35,fast
33,female,159,70,7629,1367.75,27.688778133776353,2120.0125000000003,medium
22,male,174,74,5263,1722.5,24.441802087462015,2368.4375,fast
35,female,163,60,10214,1282.75,22.582709172343712,2212.74375,medium
18,male,172,59,7729,1580.0,19.94321254732288,2449.0,fast
45,female,152,69,4866,1254.0,29.864958448753463,1504.8,slow
39,female,154,56,6015,1166.5,23.61275088547816,1603.9375,slow
40,male,163,71,12508,1533.75,26.722872520606725,2914.125,fast
36,male,171,67,8197,1563.75,22.91303307000445,2423.8125,fast
46,male,178,79,4642,1677.5,24.933720489837143,2013.0,medium
43,male,182,60,6399,1527.5,18.11375437749064,2100.3125,medium
44,female,158,66,11087,1266.5,26.43807082198365,2184.7125,medium
38,male,164,82,7152,1660.0,30.487804878048784,2282.5,fast
32,male,179,70,7813,1663.75,21.847008520333322,2578.8125,fast
20,female,168,78,11465,1569.0,27.636054421768712,2706.525,fast
26,male,180,53,6741,1530.0,16.358024691358022,2103.75,medium
31,male,169,57,8280,1476.25,19.95728440880922,2288.1875,fast
27,female,175,73,6687,1527.75,23.836734693877553,2100.65625,medium
34,female,151,60,3414,1212.75,26.314635323012148,1455.3,slow
41,male,174,68,8480,1567.5,22.460034350640772,2429.625,fast
22,male,166,55,7261,1482.5,19.959355494266223,2038.4375,medium
18,female,159,50,4741,1242.75,19.77769866698311,1491.3,slow
59,male,176,75,6301,1560.0,24.212293388429753,2145.0,medium
27,female,150,60,7101,1241.5,26.666666666666668,1707.0625,slow
38,male,172,65,5261,1540.0,21.971335857220122,2117.5,medium
19,male,173,71,8881,1701.25,23.722810651876106,2636.9375,fast
30,male,178,59,7671,1557.5,18.621386188612547,2414.125,fast
47,male,172,68,8502,1525.0,22.985397512168742,2363.75,fast
24,male,173,80,6865,1766.25,26.729927495071667,2428.59375,fast
21,female,155,53,9737,1232.75,22.060353798126947,1910.7625,slow
39,male,176,79,9202,1700.0,25.50361570247934,2635.0,fast
56,female,151,68,5662,1182.75,29.823253366080436,1626.28125,slow
58,female,150,55,5155,1036.5,24.444444444444443,1425.1875,slow
44,male,185,65,4075,1591.25,18.991964937910883,1909.5,slow
41,male,159,64,12241,1433.75,25.315454293738377,2473.21875,fast
44,male,177,75,6164,1641.25,23.93948099205209,2256.71875,medium
35,female,161,71,4225,1380.25,27.390918560240728,1656.3,slow
28,female,152,54,4440,1189.0,23.372576177285318,1426.8,slow
46,female,158,55,8013,1146.5,22.031725684986377,1777.075,slow
44,female,160,67,12794,1289.0,26.171874999999996,2449.1,fast
21,male,168,70,6178,1650.0,24.801587301587304,2268.75,medium
50,female,162,53,7360,1131.5,20.195092211553114,1555.8125,slow
47,female,164,58,4525,1209.0,21.564544913741823,1450.8,slow
49,female,157,77,4463,1345.25,31.238589800803275,1614.3,slow
18,female,156,52,9473,1244.0,21.367521367521366,1928.2,medium
57,female,162,64,6727,1206.5,24.38652644413961,1658.9375,slow
36,male,187,68,6480,1673.75,19.445794846864363,2301.40625,fast
27,male,168,73,9270,1650.0,25.86451247165533,2557.5,fast
29,male,175,77,6173,1723.75,25.142857142857142,2370.15625,fast
35,male,169,83,6774,1716.25,29.060607121599386,2359.84375,fast
26,female,163,68,6193,1407.75,25.59373706198954,1935.65625,medium
23,male,167,59,10782,1523.75,21.15529420201513,2628.46875,fast
41,female,160,53,14073,1164.0,20.703124999999996,2211.6,medium
34,male,175,88,8894,1808.75,28.73469387755102,2803.5625,fast
37,male,169,78,9994,1656.25,27.309968138370508,2567.1875,fast
39,female,160,45,5883,1094.0,17.578124999999996,1504.25,slow
30,female,164,62,6923,1334.0,23.051754907792983,1834.25,slow
32,male,180,73,6657,1700.0,22.530864197530864,2337.5,fast
22,male,168,62,6098,1565.0,21.9671201814059,2151.875,medium
34,female,154,45,9781,1081.5,18.974531961544947,1676.325,slow
43,female,162,72,9183,1356.5,27.43484224965706,2102.5750000000003,medium
21,male,168,57,2995,1520.0,20.19557823129252,1824.0,slow
29,female,151,59,4883,1227.75,25.876058067628612,1473.3,slow
42,female,154,63,4703,1221.5,26.564344746162927,1465.8,slow
44,male,166,57,8782,1392.5,20.685150239512268,2158.375,medium
34,male,174,73,5067,1652.5,24.111507464658473,2272.1875,fast
18,male,169,67,8884,1641.25,23.458562375266975,2543.9375,fast
18,female,156,51,2000,1234.0,20.956607495069033,1480.8,slow
37,male,164,69,6550,1535.0,25.654372397382513,2110.625,medium
55,female,155,70,8248,1232.75,29.1363163371488,1910.7625,slow
37,female,158,74,7173,1381.5,29.642685467072578,1899.5625,slow
35,male,182,69,7725,1657.5,20.830817534114235,2569.125,fast
42,male,178,70,7735,1607.5,22.093170054286073,2491.625,fast
21,male,163,86,5857,1778.75,32.36854981369265,2445.78125,fast
28,male,178,86,2000,1837.5,27.143037495265748,2205.0,medium
26,female,166,69,10777,1436.5,25.039918710988534,2477.9625,fast
25,female,153,73,7367,1400.25,31.184587124610193,1925.34375,medium
27,female,166,62,8171,1361.5,22.49963710262738,2110.3250000000003,medium
35,male,175,59,8410,1513.75,19.26530612244898,2346.3125,fast
39,female,158,54,4296,1171.5,21.63114885435026,1405.8,slow
18,male,176,65,5598,1665.0,20.983987603305785,2289.375,fast
31,female,158,65,9539,1321.5,26.037493991347535,2048.3250000000003,medium
22,male,177,67,8873,1671.25,21.38593635289987,2590.4375,fast
43,male,164,86,7149,1675.0,31.975014872099948,2303.125,fast
21,female,161,60,6588,1340.25,23.147255121330193,1842.84375,slow
37,female,155,55,8965,1172.75,22.892819979188342,1817.7625,slow
30,male,163,89,6260,1763.75,33.49768527230984,2425.15625,fast
18,male,170,93,9058,1907.5,32.17993079584775,2956.625,fast
45,male,171,57,6917,1418.75,19.493177387914233,1950.78125,medium
31,female,154,55,8971,1196.5,23.19109461966605,1854.575,slow
41,female,164,80,9862,1459.0,29.744199881023206,2261.4500000000003,medium
36,female,170,45,4734,1171.5,15.570934256055365,1405.8,slow
33,male,178,59,7514,1542.5,18.621386188612547,2390.875,fast
52,male,167,74,9831,1528.75,26.533758829646096,2369.5625,fast
31,male,167,54,3346,1433.75,19.362472659471475,1720.5,slow
57,male,167,73,5780,1493.75,26.175194521137367,2053.90625,medium
32,male,170,100,6652,1907.5,34.602076124567475,2622.8125,fast
42,male,166,62,7491,1452.5,22.49963710262738,1997.1875,medium
44,female,165,62,10766,1270.25,22.77318640955005,2191.18125,medium
30,male,163,61,7161,1483.75,22.95908765854944,2040.15625,medium
41,female,166,51,6150,1181.5,18.507766003774133,1624.5625,slow
46,female,164,59,5101,1224.0,21.936347412254616,1683.0,slow
42,female,166,66,7621,1326.5,23.95122659311947,2056.0750000000003,medium
29,male,175,49,7925,1443.75,16.0,2237.8125,medium
29,male,160,55,2000,1410.0,21.484374999999996,1692.0,slow
23,male,150,71,11930,1537.5,31.555555555555557,2652.1875,fast
32,male,163,71,9532,1573.75,26.722872520606725,2439.3125,fast
25,male,163,76,6947,1658.75,28.604764951635367,2280.78125,fast
33,female,161,75,6901,1430.25,28.93406890166274,1966.59375,medium
33,female,154,45,9710,1086.5,18.974531961544947,1684.075,slow
33,male,168,76,11724,1650.0,26.92743764172336,2846.25,fast
41,female,160,60,5989,1234.0,23.437499999999996,1696.75,slow
32,female,176,51,9027,1289.0,16.464359504132233,1997.95,medium
39,male,169,52,10411,1386.25,18.20664542558034,2391.28125,fast
26,male,168,77,12286,1695.0,27.281746031746035,2923.875,fast
31,female,161,66,12028,1350.25,25.461980633463213,2329.18125,fast
39,female,156,48,6955,1099.0,19.72386587771203,1511.125,slow
38,female,166,45,4975,1136.5,16.330381768036002,1363.8,slow
26,male,177,68,8058,1661.25,21.705129432793896,2574.9375,fast
28,male,169,64,9006,1561.25,22.40817898532965,2419.9375,fast
36,male,177,81,9522,1741.25,25.854639471416256,2698.9375,fast
38,male,168,68,3592,1545.0,24.092970521541954,1854.0,slow
37,female,171,51,7787,1232.75,17.441263978660103,1910.7625,slow
35,male,176,60,7486,1530.0,19.369834710743802,2103.75,medium
18,female,152,60,5307,1299.0,25.969529085872576,1786.125,slow
36,male,159,83,5829,1648.75,32.83097978719196,2267.03125,medium
24,female,152,48,8838,1149.0,20.775623268698062,1780.95,slow
21,female,160,73,9140,1464.0,28.515624999999993,2269.2000000000003,fast
19,male,179,100,7957,2028.75,31.210012171904747,3144.5625,fast
25,male,172,96,4831,1915.0,32.44997295835587,2298.0,fast
25,female,167,61,8257,1367.75,21.872422819032593,2120.0125000000003,medium
46,male,180,57,6861,1470.0,17.59259259259259,2021.25,medium
28,male,171,65,4356,1583.75,22.229061933586404,1900.5,slow
38,male,167,74,10793,1598.75,26.533758829646096,2757.84375,fast
37,male,175,58,5400,1493.75,18.93877551020408,2053.90625,medium
29,female,166,68,5400,1411.5,24.677021338365513,1940.8125,medium
36,female,156,72,7077,1354.0,29.585798816568044,1861.75,slow
51,male,167,86,11303,1653.75,30.83653053175087,2852.71875,fast
41,female,164,56,9166,1219.0,20.820939916716245,1889.45,slow
38,male,164,86,4696,1700.0,31.975014872099948,2040.0,medium
24,female,163,72,6554,1457.75,27.09925100681245,2004.40625,medium
24,male,165,78,7948,1696.25,28.650137741046834,2629.1875,fast
40,female,155,72,8365,1327.75,29.968782518210194,2058.0125000000003,medium
25,male,171,51,2000,1458.75,17.441263978660103,1750.5,slow
24,female,157,77,6556,1470.25,31.238589800803275,2021.59375,medium
29,male,169,75,7976,1666.25,26.25958474843318,2582.6875,fast
38,male,165,82,8738,1666.25,30.119375573921033,2582.6875,fast
43,male,166,79,6533,1617.5,28.668892437218755,2224.0625,medium
30,female,158,60,6953,1276.5,24.034609838166958,1755.1875,slow
34,male,167,81,3459,1688.75,29.043708989207214,2026.5,medium
42,male,163,64,7871,1453.75,24.088223117166624,2253.3125,medium
38,female,166,72,8036,1406.5,26.1286108288576,2180.0750000000003,medium
40,male,185,65,9487,1611.25,18.991964937910883,2497.4375,fast
34,female,168,50,8095,1219.0,17.71541950113379,1889.45,slow
29,male,170,65,8102,1572.5,22.49134948096886,2437.375,fast
48,female,157,72,8075,1300.25,29.21010994360826,2015.3875,medium
49,male,168,88,10272,1690.0,31.17913832199547,2915.25,fast
31,female,154,88,7060,1526.5,37.10575139146568,2098.9375,medium
31,female,150,72,6961,1341.5,32.0,1844.5625,slow
29,female,150,59,2330,1221.5,26.22222222222222,1465.8,slow
18,female,150,91,5742,1596.5,40.44444444444444,2195.1875,medium
31,male,164,75,10851,1625.0,27.885187388459254,2803.125,fast
28,female,159,71,6045,1402.75,28.084332107116012,1928.78125,medium
26,male,171,73,2094,1673.75,24.96494647925858,2008.5,medium
34,male,165,89,5726,1756.25,32.690541781450875,2414.84375,fast
36,female,163,45,9737,1127.75,16.937031879257784,1748.0125,slow
41,male,172,67,8939,1545.0,22.647376960519203,2394.75,fast
25,female,150,51,6732,1161.5,22.666666666666668,1597.0625,slow
43,female,160,45,5259,1074.0,17.578124999999996,1476.75,slow
36,male,173,58,11027,1486.25,19.37919743392696,2563.78125,fast
35,male,187,68,6706,1678.75,19.445794846864363,2308.28125,fast
34,female,154,45,5886,1081.5,18.974531961544947,1487.0625,slow
33,male,164,69,3787,1555.0,25.654372397382513,1866.0,slow
43,female,162,54,11938,1176.5,20.576131687242793,2029.4625,medium
35,male,164,75,10127,1605.0,27.885187388459254,2768.625,fast
39,female,163,45,5767,1112.75,16.937031879257784,1530.03125,slow
33,female,157,78,15000,1435.25,31.64428577224228,2726.975,fast
22,female,158,58,9449,1296.5,23.233456176894723,2009.575,medium
36,female,150,77,6254,1366.5,34.22222222222222,1878.9375,slow
46,male,161,52,10681,1301.25,20.060954438486167,2244.65625,medium
49,female,174,62,8545,1301.5,20.478266613819528,2017.325,medium
30,male,169,70,6574,1611.25,24.508945765204302,2215.46875,medium
18,female,153,61,4553,1315.25,26.05835362467427,1578.3,slow
33,female,161,64,9759,1320.25,24.690405462752206,2046.3875,medium
25,female,160,49,8324,1204.0,19.140624999999996,1866.2,slow
19,male,162,57,7857,1492.5,21.719250114311837,2313.375,fast
22,male,170,79,6273,1747.5,27.33564013840831,2402.8125,fast
24,male,163,56,5337,1463.75,21.077195227520797,2012.65625,medium
35,female,168,65,4542,1364.0,23.030045351473927,1636.8,slow
55,male,163,45,6784,1198.75,16.937031879257784,1648.28125,slow
25,male,177,84,5914,1826.25,26.812218711098343,2511.09375,fast
30,male,161,71,6080,1571.25,27.390918560240728,2160.46875,medium
50,female,170,54,2255,1191.5,18.68512110726644,1429.8,slow
37,female,157,65,6642,1285.25,26.370238143535232,1767.21875,slow
28,female,159,51,7572,1202.75,20.17325264032277,1864.2625,slow
36,female,167,45,5393,1152.75,16.1353938828929,1585.03125,slow
18,male,183,80,7968,1858.75,23.888440980620498,2881.0625,fast
45,male,171,71,8213,1558.75,24.280975342840534,2416.0625,fast
50,male,181,70,10976,1586.25,21.36686914318855,2736.28125,fast
46,male,168,70,10008,1525.0,24.801587301587304,2630.625,fast
43,male,175,72,10198,1603.75,23.510204081632654,2766.46875,fast
24,female,150,54,9655,1196.5,24.0,1854.575,slow
48,female,160,76,3901,1359.0,29.687499999999993,1630.8,slow
39,male,165,80,10456,1641.25,29.384756657483933,2831.15625,fast
38,male,174,69,5318,1592.5,22.79032897344431,2189.6875,medium
32,female,154,53,7138,1171.5,22.34778208804183,1610.8125,slow
56,male,175,92,9180,1738.75,30.040816326530614,2695.0625,fast
35,male,174,66,6951,1577.5,21.79944510503369,2169.0625,medium
30,male,174,58,7321,1522.5,19.157088122605362,2093.4375,medium
18,female,154,52,5150,1231.5,21.926125822229718,1693.3125,slow
26,female,156,75,8199,1434.0,30.818540433925047,2222.7000000000003,medium
35,male,170,52,10507,1412.5,17.99307958477509,2436.5625,fast
27,male,174,80,8515,1757.5,26.42356982428326,2724.125,fast
52,female,168,64,6270,1269.0,22.67573696145125,1744.875,slow
18,female,158,48,4959,1216.5,19.227687870533565,1459.8,slow
22,female,160,53,9724,1259.0,20.703124999999996,1951.45,medium
40,male,175,64,3654,1538.75,20.897959183673468,1846.5,slow
35,male,169,68,7887,1566.25,23.80869017191275,2427.6875,fast
18,female,156,64,4867,1364.0,26.298487836949374,1636.8,slow
44,female,155,60,9862,1187.75,24.97398543184183,1841.0125,slow
41,male,168,63,8354,1480.0,22.321428571428577,2294.0,fast
18,male,169,89,9815,1861.25,31.161373901474043,2884.9375,fast
29,female,155,59,7998,1252.75,24.55775234131113,1941.7625,medium
23,female,167,64,6788,1407.75,22.948115744558788,1935.65625,medium
18,female,159,61,10279,1352.75,24.128792373719392,2333.49375,fast
28,female,151,55,7130,1192.75,24.121749046094468,1640.03125,slow
37,male,160,91,5945,1730.0,35.54687499999999,2378.75,fast
31,male,184,68,8412,1680.0,20.085066162570886,2604.0,fast
41,male,168,76,6031,1610.0,26.92743764172336,2213.75,medium
22,female,171,51,9095,1307.75,17.441263978660103,2027.0125,medium
44,female,163,64,11199,1277.75,24.088223117166624,2204.11875,medium
19,male,162,69,2000,1612.5,26.291723822588015,1935.0,medium
41,male,168,82,5128,1670.0,29.053287981859416,2296.25,fast
35,male,173,57,10285,1481.25,19.045073340238563,2555.15625,fast
25,female,154,52,7839,1196.5,21.926125822229718,1854.575,slow
32,male,171,83,5644,1743.75,28.384802161348794,2397.65625,fast
40,female,151,83,12094,1412.75,36.40191219683347,2436.99375,fast
36,male,170,74,8109,1627.5,25.605536332179934,2522.625,fast
25,male,165,75,7874,1661.25,27.548209366391188,2574.9375,fast
50,female,159,53,7397,1112.75,20.964360587002094,1530.03125,slow
55,female,163,72,12453,1302.75,27.09925100681245,2247.24375,medium
21,female,155,57,6705,1272.75,23.725286160249738,1750.03125,slow
29,female,166,72,7651,1451.5,26.1286108288576,2249.8250000000003,medium
23,male,175,79,6908,1773.75,25.79591836734694,2438.90625,fast
37,female,172,63,6542,1359.0,21.29529475392104,1868.625,slow
25,female,174,45,7961,1251.5,14.863258026159334,1939.825,medium
41,male,171,75,11420,1618.75,25.64891761567662,2792.34375,fast
28,female,159,59,4419,1282.75,23.337684427040067,1539.3,slow
37,female,164,45,8995,1129.0,16.731112433075552,1749.95,slow
18,female,163,86,4092,1627.75,32.36854981369265,1953.3,medium
26,male,179,61,11458,1603.75,19.038107424861895,2766.46875,fast
33,female,151,50,9577,1117.75,21.928862769176792,1732.5125,slow
49,male,168,75,10136,1560.0,26.573129251700685,2691.0,fast
22,male,174,82,6369,1802.5,27.08415906989034,2478.4375,fast
27,female,165,55,3857,1285.25,20.202020202020204,1542.3,slow
26,female,162,52,3584,1241.5,19.81405273586343,1489.8,slow
34,male,174,45,12500,1372.5,14.863258026159334,2607.75,fast
49,male,165,49,10018,1281.25,17.99816345270891,2210.15625,medium
18,female,171,52,9365,1337.75,17.783249546869126,2073.5125000000003,medium
37,male,168,53,12458,1400.0,18.77834467120182,2415.0,fast
18,male,164,69,7933,1630.0,25.654372397382513,2526.5,fast
33,male,176,70,11277,1640.0,22.59814049586777,2829.0,fast
20,male,171,61,4924,1583.75,20.86111966075032,1900.5,slow
30,female,163,62,9274,1327.75,23.335466144755166,2058.0125000000003,medium
28,male,178,72,10775,1697.5,22.724403484408533,2928.1875,fast
18,male,172,65,7296,1640.0,21.971335857220122,2255.0,medium
50,female,177,54,7834,1235.25,17.236426314277505,1914.6375,slow
26,female,152,49,5627,1149.0,21.208448753462605,1579.875,slow
46,male,163,58,12033,1373.75,21.829952199932254,2369.71875,fast
18,male,165,86,5047,1806.25,31.58861340679523,2483.59375,fast
28,male,167,55,6339,1458.75,19.721036967980208,2005.78125,medium
48,female,150,54,8071,1076.5,24.0,1668.575,slow
36,male,157,81,4011,1616.25,32.86137368655929,1939.5,medium
40,female,150,74,5004,1316.5,32.888888888888886,1810.1875,slow
49,male,172,61,8847,1445.0,20.61925365062196,2239.75,medium
45,male,176,81,7314,1690.0,26.149276859504134,2323.75,fast
32,male,169,79,4715,1691.25,27.660095935016283,2029.5,medium
39,male,175,77,11686,1673.75,25.142857142857142,2887.21875,fast
18,male,173,87,2000,1866.25,29.06879615089044,2239.5,medium
26,female,170,61,8636,1381.5,21.107266435986162,2141.3250000000003,medium
34,female,180,65,12106,1444.0,20.061728395061728,2490.9,fast
34,female,155,70,8552,1337.75,29.1363163371488,2073.5125000000003,medium
36,male,171,84,11233,1733.75,28.726787729557817,2990.71875,fast
37,female,165,54,9430,1225.25,19.834710743801654,1899.1375,slow
34,female,160,54,6259,1209.0,21.093749999999996,1662.375,slow
18,male,172,59,4118,1580.0,19.94321254732288,1896.0,slow
33,male,174,75,9870,1677.5,24.772096710265558,2600.125,fast
26,female,166,83,5856,1576.5,30.120481927710845,2167.6875,medium
36,male,169,80,9637,1681.25,28.01022373166206,2605.9375,fast
31,male,160,67,8150,1520.0,26.171874999999996,2356.0,fast
39,male,168,76,7394,1620.0,26.92743764172336,2227.5,medium
49,female,155,54,11753,1102.75,22.476586888657646,1902.24375,slow
27,male,170,76,13634,1692.5,26.29757785467128,3215.75,fast
25,male,162,74,7673,1632.5,28.19692120103642,2530.375,fast
23,male,172,93,5930,1895.0,31.435911303407252,2605.625,fast
49,male,178,86,10034,1732.5,27.143037495265748,2988.5625,fast
41,female,177,87,5056,1610.25,27.769797950780426,2214.09375,medium
40,male,172,76,4183,1640.0,25.689561925365066,1968.0,medium
28,female,159,45,11351,1142.75,17.799928800284796,1971.24375,medium
31,male,158,70,8743,1537.5,28.040378144528116,2383.125,fast
49,male,174,79,4705,1637.5,26.09327520147972,1965.0,medium
33,female,158,64,6576,1301.5,25.63691716071142,1789.5625,slow
38,male,172,72,10866,1610.0,24.337479718766904,2777.25,fast
35,male,169,90,10725,1786.25,31.51150169811982,3081.28125,fast
24,female,164,74,8781,1484.0,27.513384889946465,2300.2000000000003,fast
27,male,165,61,5420,1511.25,22.4058769513315,2077.96875,medium
24,female,150,67,4126,1326.5,29.77777777777778,1591.8,slow
38,female,163,45,8016,1117.75,16.937031879257784,1732.5125,slow
18,female,160,57,11174,1319.0,22.265624999999996,2275.275,fast
45,male,186,62,4047,1562.5,17.921146953405014,1875.0,slow
29,female,169,65,9735,1400.25,22.758306781975424,2170.3875000000003,medium
18,female,150,68,7960,1366.5,30.22222222222222,2118.0750000000003,medium
34,female,150,67,10857,1276.5,29.77777777777778,2201.9625,medium
35,male,156,71,5775,1515.0,29.17488494411571,2083.125,medium
27,female,153,70,7103,1360.25,29.903028749626213,1870.34375,slow
40,male,162,73,7912,1547.5,27.815881725346742,2398.625,fast
47,female,158,84,2535,1431.5,33.64845377343374,1717.8,slow
21,male,160,77,8868,1670.0,30.078124999999993,2588.5,fast
41,male,166,78,10581,1617.5,28.305995064595734,2790.1875,fast
42,male,170,84,2149,1697.5,29.065743944636683,2037.0,medium
38,male,154,75,8044,1527.5,31.624219935908247,2367.625,fast
38,female,164,86,4672,1534.0,31.975014872099948,1840.8,slow
18,male,162,62,11194,1547.5,23.624447492760247,2669.4375,fast
35,female,172,58,8562,1319.0,19.60519199567334,2044.45,medium
45,female,172,58,6656,1269.0,19.60519199567334,1744.875,slow
21,male,166,84,12721,1777.5,30.48337930033387,3377.25,fast
40,male,172,61,11799,1490.0,20.61925365062196,2570.25,fast
34,female,150,74,6896,1346.5,32.888888888888886,1851.4375,slow
33,female,173,60,9311,1355.25,20.04744562130375,2100.6375000000003,medium
24,female,164,72,6913,1464.0,26.769779892920884,2013.0,medium
40,male,179,77,9659,1693.75,24.031709372366656,2625.3125,fast
55,male,176,58,9595,1410.0,18.72417355371901,2185.5,medium
44,male,177,69,11563,1581.25,22.024322512687924,2727.65625,fast
33,female,168,75,5935,1474.0,26.573129251700685,2026.75,medium
47,female,160,57,2000,1174.0,22.265624999999996,1408.8,slow
33,male,165,68,9851,1551.25,24.977043158861342,2404.4375,fast
41,male,173,76,7585,1641.25,25.393431120318084,2543.9375,fast
46,female,156,45,9049,1034.0,18.49112426035503,1602.7,slow
36,male,168,90,9527,1775.0,31.88775510204082,2751.25,fast
51,female,158,77,9920,1341.5,30.844415958980928,2079.3250000000003,medium
46,male,167,67,10129,1488.75,24.023808670084982,2568.09375,fast
40,male,174,63,7704,1522.5,20.808561236623067,2359.875,fast
48,female,150,45,8261,986.5,20.0,1529.075,slow
22,female,160,74,11315,1469.0,28.906249999999993,2534.025,fast
50,male,162,58,3475,1347.5,22.10028959000152,1617.0,slow
35,female,162,82,10178,1496.5,31.24523700655387,2581.4625,fast
35,female,168,52,10152,1234.0,18.42403628117914,2128.65,medium
25,male,176,64,4979,1620.0,20.66115702479339,1944.0,medium
44,female,161,66,9139,1285.25,25.461980633463213,1992.1375,medium
25,male,180,78,10076,1785.0,24.074074074074073,3079.125,fast
49,female,150,88,8829,1411.5,39.111111111111114,2187.8250000000003,medium
20,male,177,62,5976,1631.25,19.789970953429727,2242.96875,medium
42,female,150,69,8820,1256.5,30.666666666666668,1947.575,medium
27,female,164,65,6152,1379.0,24.167162403331353,1896.125,slow
29,female,156,45,6851,1119.0,18.49112426035503,1538.625,slow
31,male,173,65,7667,1581.25,21.71806608974573,2450.9375,fast
30,female,169,62,3921,1365.25,21.707923392038097,1638.3,slow
38,male,172,77,3661,1660.0,26.027582477014604,1992.0,medium
40,female,167,61,7023,1292.75,21.872422819032593,1777.53125,slow
34,male,166,86,6006,1732.5,31.20917404557991,2382.1875,fast
24,male,177,72,4727,1711.25,22.981901752370007,2053.5,medium
54,female,167,64,10112,1252.75,22.948115744558788,2160.99375,medium
36,male,165,82,10424,1676.25,30.119375573921033,2891.53125,fast
21,male,166,80,7897,1737.5,29.03178980984178,2693.125,fast
47,female,150,55,13050,1091.5,24.444444444444443,2073.85,medium
41,male,176,64,7808,1540.0,20.66115702479339,2387.0,fast
30,male,177,74,9130,1701.25,23.620287912158062,2636.9375,fast
46,male,177,56,9669,1441.25,17.87481247406556,2233.9375,medium
42,male,174,55,6527,1432.5,18.166204254194742,1969.6875,medium
53,female,156,57,8355,1119.0,23.422090729783037,1734.45,slow
32,female,151,84,6342,1462.75,36.84048945221701,2011.28125,medium
24,female,181,48,6718,1330.25,14.651567412472147,1829.09375,slow
39,male,177,74,6749,1656.25,23.620287912158062,2277.34375,fast
29,female,158,61,6370,1291.5,24.435186668803073,1775.8125,slow
36,female,165,71,4805,1400.25,26.07897153351699,1680.3,slow
39,male,167,70,8029,1553.75,25.099501595611173,2408.3125,fast
37,male,171,68,6705,1568.75,23.25501863821347,2157.03125,medium
37,male,175,71,8636,1623.75,23.183673469387756,2516.8125,fast
30,male,172,62,2660,1550.0,20.9572742022715,1860.0,slow
37,female,162,54,7055,1206.5,20.576131687242793,1658.9375,slow
33,female,151,60,5572,1217.75,26.314635323012148,1674.40625,slow
33,female,163,72,5875,1412.75,27.09925100681245,1942.53125,medium
21,female,164,45,4250,1209.0,16.731112433075552,1450.8,slow
31,male,172,82,6549,1745.0,27.717685235262305,2399.375,fast
30,male,168,78,9624,1685.0,27.636054421768712,2611.75,fast
30,female,162,64,14232,1341.5,24.38652644413961,2548.85,fast
35,female,159,65,7405,1307.75,25.71100826707804,1798.15625,slow
22,female,150,68,11602,1346.5,30.22222222222222,2322.7125,fast
36,male,162,72,6619,1557.5,27.43484224965706,2141.5625,medium
34,male,181,86,7344,1826.25,26.25072494734593,2511.09375,fast
37,male,168,76,5728,1630.0,26.92743764172336,2241.25,medium
30,male,172,75,4362,1680.0,25.351541373715524,2016.0,medium
45,male,170,76,7296,1602.5,26.29757785467128,2203.4375,medium
48,female,151,64,4756,1182.75,28.068944344546292,1419.3,slow
36,female,158,45,6864,1096.5,18.02595737862522,1507.6875,slow
37,female,158,62,8612,1261.5,24.83576349943919,1955.325,medium
28,male,175,86,5307,1818.75,28.081632653061224,2500.78125,fast
29,male,173,58,9203,1521.25,19.37919743392696,2357.9375,fast
58,female,175,79,8819,1432.75,25.79591836734694,2220.7625000000003,medium
37,male,172,88,9222,1775.0,29.745808545159548,2751.25,fast
37,female,150,54,5180,1131.5,24.0,1555.8125,slow
24,female,155,65,7031,1337.75,27.055150884495315,1839.40625,slow
43,male,180,72,11529,1635.0,22.22222222222222,2820.375,fast
45,female,157,54,4724,1135.25,21.907582457706194,1362.3,slow
41,female,152,80,7055,1384.0,34.62603878116344,1903.0,slow
18,male,182,68,8218,1732.5,20.528921627822726,2685.375,fast
27,male,174,66,2382,1617.5,21.79944510503369,1941.0,medium
37,male,163,62,6134,1458.75,23.335466144755166,2005.78125,medium
22,male,173,73,5891,1706.25,24.3910588392529,2346.09375,fast
27,male,175,80,12121,1763.75,26.122448979591837,3042.46875,fast
33,male,174,85,5453,1777.5,28.075042938300964,2444.0625,fast
50,male,170,63,4488,1447.5,21.79930795847751,1737.0,slow
22,male,162,73,6497,1637.5,27.815881725346742,2251.5625,medium
50,male,176,82,6361,1675.0,26.47210743801653,2303.125,fast
36,male,187,80,6886,1793.75,22.877405702193368,2466.40625,fast
43,female,167,48,4301,1147.75,17.21108680841909,1377.3,slow
42,female,156,65,7569,1254.0,26.709401709401707,1943.7,medium
40,female,158,65,4630,1276.5,26.037493991347535,1531.8,slow
27,female,150,65,9312,1291.5,28.88888888888889,2001.825,medium
42,female,161,68,9247,1315.25,26.23355580417422,2038.6375,medium
32,female,170,57,8938,1311.5,19.723183391003463,2032.825,medium
44,male,168,85,4734,1685.0,30.116213151927443,2022.0,medium
51,male,166,73,9041,1517.5,26.491508201480624,2352.125,fast
36,female,171,61,2873,1337.75,20.86111966075032,1605.3,slow
38,female,155,75,12055,1367.75,31.217481789802285,2359.36875,fast
43,female,160,77,5384,1394.0,30.078124999999993,1916.75,slow
24,female,161,62,10192,1345.25,23.9188302920412,2320.55625,fast
31,female,166,67,8765,1391.5,24.31412396574249,2156.8250000000003,medium
27,male,168,54,8606,1460.0,19.13265306122449,2263.0,medium
50,male,174,72,6969,1562.5,23.781212841854934,2148.4375,medium
38,female,157,70,9476,1330.25,28.398718000730252,2061.8875000000003,medium
33,female,163,56,7134,1252.75,21.077195227520797,1722.53125,slow
34,female,156,49,8053,1134.0,20.134779750164363,1757.7,slow
44,female,156,60,10814,1194.0,24.654832347140037,2059.65,medium
30,male,172,72,5922,1650.0,24.337479718766904,2268.75,medium
34,male,164,86,7338,1720.0,31.975014872099948,2365.0,fast
30,female,158,79,8590,1466.5,31.64556962025316,2273.0750000000003,fast
18,male,167,74,8623,1698.75,26.533758829646096,2633.0625,fast
41,male,171,58,5443,1448.75,19.835162956123252,1992.03125,medium
36,male,170,92,8747,1807.5,31.83391003460208,2801.625,fast
27,male,164,90,7674,1795.0,33.462224866151104,2782.25,fast
29,male,171,80,2375,1728.75,27.358845456721728,2074.5,medium
27,female,150,81,6608,1451.5,36.0,1995.8125,medium
45,female,169,60,5801,1270.25,21.007667798746546,1746.59375,slow
29,female,160,63,3706,1324.0,24.609374999999996,1588.8,slow
18,female,162,83,7546,1591.5,31.626276482243554,2466.8250000000003,fast
43,male,166,71,5902,1537.5,25.76571345623458,2114.0625,medium
48,male,180,89,6096,1780.0,27.469135802469133,2447.5,fast
22,female,150,65,9382,1316.5,28.88888888888889,2040.575,medium
46,female,160,45,4707,1059.0,17.578124999999996,1270.8,slow
18,male,170,75,3468,1727.5,25.95155709342561,2073.0,medium
41,male,157,69,7285,1471.25,27.993022029291247,2022.96875,medium
40,male,175,59,10482,1488.75,19.26530612244898,2568.09375,fast
26,male,178,84,8958,1827.5,26.511804065143288,2832.625,fast
30,female,153,51,12955,1155.25,21.78649237472767,2194.975,medium
34,female,157,77,10219,1420.25,31.238589800803275,2449.93125,fast
25,male,165,70,2000,1611.25,25.71166207529844,1933.5,medium
23,male,168,68,4476,1620.0,24.092970521541954,1944.0,medium
41,male,176,59,10706,1490.0,19.047004132231404,2570.25,fast
23,male,172,67,6231,1635.0,22.647376960519203,2248.125,medium
32,female,159,67,9179,1342.75,26.502116213757365,2081.2625000000003,medium
33,female,159,45,11237,1117.75,17.799928800284796,1928.11875,medium
59,male,179,65,8456,1478.75,20.286507911738084,2292.0625,fast
28,male,170,86,6827,1787.5,29.75778546712803,2457.8125,fast
28,male,162,67,6958,1547.5,25.529644871208653,2127.8125,medium
32,female,153,72,6576,1355.25,30.757400999615534,1863.46875,slow
24,female,151,72,8424,1382.75,31.577562387614577,2143.2625000000003,medium
18,male,165,80,2000,1746.25,29.384756657483933,2095.5,medium
28,male,165,78,6846,1676.25,28.650137741046834,2304.84375,fast
30,male,165,58,3120,1466.25,21.30394857667585,1759.5,slow
37,female,157,45,9818,1085.25,18.25631871475516,1682.1375,slow
39,female,152,68,6686,1274.0,29.43213296398892,1751.75,slow
26,female,157,65,5497,1340.25,26.370238143535232,1842.84375,slow
43,female,163,73,8805,1372.75,27.475629493018182,2127.7625000000003,medium
35,female,157,51,7675,1155.25,20.690494543389182,1790.6375,slow
30,female,158,69,10288,1366.5,27.639801313892,2357.2125,fast
57,male,170,51,2338,1292.5,17.647058823529413,1551.0,slow
41,female,150,57,8593,1141.5,25.333333333333332,1769.325,slow
18,male,166,78,13573,1732.5,28.305995064595734,3291.75,fast
40,female,154,69,6509,1291.5,29.094282341035587,1775.8125,slow
32,female,158,70,7361,1366.5,28.040378144528116,1878.9375,slow
48,male,174,75,5030,1602.5,24.772096710265558,2203.4375,medium
27,female,162,45,11733,1166.5,17.146776406035663,2012.2125,medium
31,male,169,69,6695,1596.25,24.158817968558527,2194.84375,medium
49,female,159,76,9801,1347.75,30.062101973814325,2089.0125000000003,medium
44,female,151,64,9844,1202.75,28.068944344546292,1864.2625,slow
34,male,168,86,7917,1745.0,30.470521541950117,2704.75,fast
40,female,158,49,6801,1116.5,19.62826470116968,1535.1875,slow
18,female,166,66,10254,1446.5,23.95122659311947,2495.2125,fast
25,female,155,76,11090,1442.75,31.63371488033298,2488.74375,fast
28,female,159,69,8224,1382.75,27.29322416043669,2143.2625000000003,medium
18,male,174,62,8217,1622.5,20.478266613819528,2514.875,fast
20,female,166,69,6681,1466.5,25.039918710988534,2016.4375,medium
25,male,179,86,7835,1858.75,26.840610467838083,2881.0625,fast
48,male,171,90,4782,1733.75,30.778701138811947,2080.5,medium
21,male,165,68,5952,1611.25,24.977043158861342,2215.46875,medium
34,male,172,70,9943,1610.0,23.661438615467823,2495.5,fast
22,male,162,92,5136,1827.5,35.055631763450684,2512.8125,fast
50,female,165,78,5587,1400.25,28.650137741046834,1925.34375,medium
52,male,174,84,9549,1672.5,27.74474831549742,2592.375,fast
35,female,158,75,9325,1401.5,30.043262297708697,2172.3250000000003,medium
54,female,152,57,8541,1089.0,24.67105263157895,1687.95,slow
46,female,178,50,4853,1221.5,15.780835753061481,1465.8,slow
26,male,170,86,13196,1797.5,29.75778546712803,3415.25,fast
33,female,158,62,9391,1281.5,24.83576349943919,1986.325,medium
24,male,175,82,3635,1798.75,26.775510204081634,2158.5,medium
35,male,172,63,10406,1535.0,21.29529475392104,2647.875,fast
31,male,168,81,10026,1710.0,28.69897959183674,2949.75,fast
35,male,172,74,8741,1645.0,25.013520822065985,2549.75,fast
40,female,159,55,6647,1182.75,21.75546853368142,1626.28125,slow
18,female,166,60,10850,1386.5,21.773842357381334,2391.7125,fast
22,male,170,47,5785,1427.5,16.262975778546714,1962.8125,medium
33,male,177,90,11203,1846.25,28.72737719046251,3184.78125,fast
28,female,161,66,7827,1365.25,25.461980633463213,2116.1375000000003,medium
29,male,164,60,7661,1485.0,22.308149910767405,2301.75,fast
26,male,167,58,6603,1498.75,20.796729893506402,2060.78125,medium
50,male,176,62,6846,1475.0,20.015495867768596,2028.125,medium
45,female,156,52,7695,1109.0,21.367521367521366,1718.95,slow
24,male,172,84,7918,1800.0,28.393726338561386,2790.0,fast
27,male,171,86,8292,1798.75,29.410758865975858,2788.0625,fast
44,female,155,59,9212,1177.75,24.55775234131113,1825.5125,slow
35,female,159,67,2000,1327.75,26.502116213757365,1593.3,slow
40,male,178,82,6610,1737.5,25.88057063502083,2389.0625,fast
28,female,165,59,4825,1320.25,21.6712580348944,1584.3,slow
31,female,158,81,6847,1481.5,32.446723281525394,2037.0625,medium
27,female,159,67,8545,1367.75,26.502116213757365,2120.0125000000003,medium
34,female,150,61,9334,1216.5,27.11111111111111,1885.575,slow
19,male,182,72,8941,1767.5,21.736505252988767,2739.625,fast
31,female,159,57,7453,1247.75,22.54657648036074,1715.65625,slow
35,female,155,63,11471,1262.75,26.22268470343392,2178.24375,medium
18,female,165,67,5911,1450.25,24.609733700642796,1994.09375,medium
29,male,169,75,2000,1666.25,26.25958474843318,1999.5,medium
31,male,174,70,4019,1637.5,23.120623596247853,1965.0,medium
51,male,183,73,10058,1623.75,21.798202394816204,2800.96875,fast
41,male,173,72,9810,1601.25,24.0569347455645,2481.9375,fast
29,female,165,45,7799,1175.25,16.528925619834713,1821.6375,slow
36,male,167,83,4487,1698.75,29.760837606224676,2038.5,medium
46,male,179,68,2000,1573.75,21.22280827689523,1888.5,slow
43,female,172,68,7642,1379.0,22.985397512168742,2137.4500000000003,medium
21,male,166,79,10100,1727.5,28.668892437218755,2979.9375,fast
31,male,164,68,11117,1555.0,25.282569898869724,2682.375,fast
46,male,165,72,7627,1526.25,26.44628099173554,2365.6875,fast
57,female,158,70,11111,1241.5,28.040378144528116,2141.5875,medium
28,female,167,55,11497,1292.75,19.721036967980208,2229.99375,medium
38,male,153,65,12694,1421.25,27.76709812465291,2700.375,fast
39,female,150,50,11572,1081.5,22.22222222222222,1865.5875,slow
18,female,173,59,4996,1420.25,19.713321527615356,1704.3,slow
47,female,151,45,6196,997.75,19.735976492259113,1371.90625,slow
32,female,163,70,4446,1397.75,26.346494034400994,1677.3,slow
55,male,181,80,5468,1661.25,24.41927902078691,2284.21875,fast
32,female,150,62,7232,1236.5,27.555555555555557,1700.1875,slow
41,male,182,79,9570,1727.5,23.849776597029344,2677.625,fast
32,female,152,69,6846,1319.0,29.864958448753463,1813.625,slow
37,female,177,45,7419,1210.25,14.363688595231254,1664.09375,slow
31,female,155,53,7782,1182.75,22.060353798126947,1833.2625,slow
43,male,184,78,2000,1720.0,23.03875236294896,2064.0,medium
20,female,165,49,7461,1260.25,17.99816345270891,1732.84375,slow
36,female,166,58,10779,1276.5,21.04804761213529,2201.9625,medium
23,female,153,50,6285,1180.25,21.35930624973301,1622.84375,slow
27,female,154,68,2912,1346.5,28.67262607522348,1615.8,slow
27,female,160,57,8498,1274.0,22.265624999999996,1974.7,medium
35,male,160,63,5204,1460.0,24.609374999999996,2007.5,medium
46,female,150,73,6727,1276.5,32.44444444444444,1755.1875,slow
33,male,176,94,9385,1880.0,30.34607438016529,2914.0,fast
25,female,164,66,5196,1399.0,24.538964901844146,1923.625,slow
38,male,168,62,5702,1485.0,21.9671201814059,2041.875,medium
18,male,162,96,7840,1887.5,36.579789666209415,2925.625,fast
39,female,161,74,5748,1390.25,28.54828131630724,1911.59375,slow
33,male,168,67,7113,1560.0,23.738662131519277,2145.0,medium
46,male,176,55,8378,1425.0,17.75568181818182,2208.75,medium
24,female,157,54,4958,1240.25,21.907582457706194,1488.3,slow
29,male,160,62,5904,1480.0,24.218749999999996,2035.0,medium
38,female,163,54,10127,1207.75,20.32443825510934,2083.36875,medium
31,male,172,70,8644,1625.0,23.661438615467823,2518.75,fast
36,male,170,81,6007,1697.5,28.027681660899656,2334.0625,fast
43,female,155,57,9293,1162.75,23.725286160249738,1802.2625,slow
38,male,172,77,6900,1660.0,26.027582477014604,2282.5,fast
35,female,162,62,2283,1296.5,23.624447492760247,1555.8,slow
26,female,154,57,7064,1241.5,24.034407151290267,1707.0625,slow
33,male,172,86,9438,1775.0,29.069767441860467,2751.25,fast
30,female,164,69,8973,1404.0,25.654372397382513,2176.2000000000003,medium
45,male,176,58,9550,1460.0,18.72417355371901,2263.0,medium
20,male,177,71,7394,1721.25,22.66270867247598,2366.71875,fast
38,male,167,55,8029,1408.75,19.721036967980208,2183.5625,medium
18,female,164,79,7217,1564.0,29.372397382510414,2150.5,medium
39,female,165,76,10143,1435.25,27.915518824609737,2475.80625,fast
30,male,164,75,4971,1630.0,27.885187388459254,1956.0,medium
34,female,161,45,9483,1125.25,17.360441340997646,1744.1375,slow
44,male,172,70,7827,1560.0,23.661438615467823,2418.0,fast
19,female,150,65,2168,1331.5,28.88888888888889,1597.8,slow
28,female,159,59,5034,1282.75,23.337684427040067,1763.78125,slow
36,female,156,45,11864,1084.0,18.49112426035503,1869.9,slow
47,male,167,61,8507,1423.75,21.872422819032593,2206.8125,medium
42,female,154,45,7862,1041.5,18.974531961544947,1614.325,slow
42,female,156,75,2637,1354.0,30.818540433925047,1624.8,slow
20,male,167,77,9198,1718.75,27.60945175517229,2664.0625,fast
43,male,176,76,9075,1650.0,24.535123966942148,2557.5,fast
25,male,168,45,7946,1380.0,15.94387755102041,2139.0,medium
43,male,177,81,5448,1706.25,25.854639471416256,2346.09375,fast
32,female,156,55,10233,1204.0,22.600262984878366,2076.9,medium
44,male,173,75,8575,1616.25,25.05930702662969,2505.1875,fast
36,female,159,65,7472,1302.75,25.71100826707804,1791.28125,slow
43,female,155,59,9790,1182.75,24.55775234131113,1833.2625,slow
36,female,156,45,6207,1084.0,18.49112426035503,1490.5,slow
21,male,171,63,7222,1598.75,21.545090797168363,2198.28125,medium
18,female,151,45,7284,1142.75,19.735976492259113,1571.28125,slow
29,female,166,75,4502,1481.5,27.21730294672667,1777.8,slow
31,male,172,61,8299,1535.0,20.61925365062196,2379.25,fast
51,female,158,59,4744,1161.5,23.634033007530842,1393.8,slow
34,female,157,60,8030,1250.25,24.341758286340216,1937.8875,medium
45,male,170,97,4340,1812.5,33.564013840830455,2175.0,medium
28,female,153,79,7540,1445.25,33.74770387457816,2240.1375000000003,medium
51,female,153,59,5140,1130.25,25.20398137468495,1554.09375,slow
22,male,157,67,7190,1546.25,27.18163008641324,2126.09375,medium
35,male,183,72,10730,1693.75,21.49959688255845,2921.71875,fast
47,female,156,76,3809,1339.0,31.22945430637738,1606.8,slow
27,male,184,91,8026,1930.0,26.878544423440452,2991.5,fast
45,female,163,59,6179,1222.75,22.20633068613798,1681.28125,slow
39,female,161,75,8545,1400.25,28.93406890166274,2170.3875000000003,medium
29,female,168,58,6657,1324.0,20.549886621315196,1820.5,slow
42,male,183,73,9229,1668.75,21.798202394816204,2586.5625,fast
44,female,156,60,3917,1194.0,24.654832347140037,1432.8,slow
18,female,156,45,8783,1174.0,18.49112426035503,1819.7,slow
23,male,178,73,6055,1732.5,23.04002019946976,2382.1875,fast
20,male,171,53,8130,1503.75,18.125235115078144,2330.8125,fast
34,male,168,67,5678,1555.0,23.738662131519277,2138.125,medium
36,male,163,91,9066,1753.75,34.25044224472129,2718.3125,fast
45,male,170,90,13535,1742.5,31.14186851211073,3310.75,fast
24,female,167,46,8573,1222.75,16.493958191401628,1895.2625,slow
26,female,168,73,8107,1489.0,25.86451247165533,2307.9500000000003,fast
34,male,156,76,6723,1570.0,31.22945430637738,2158.75,medium
32,female,165,65,7245,1360.25,23.875114784205696,1870.34375,slow
29,female,163,63,9561,1342.75,23.711844630960897,2081.2625000000003,medium
40,female,164,52,2729,1184.0,19.333729922665082,1420.8,slow
39,male,179,78,2452,1708.75,24.343809494085704,2050.5,medium
30,female,167,60,6077,1332.75,21.513858510523864,1832.53125,slow
47,female,150,89,5804,1431.5,39.55555555555556,1968.3125,medium
39,female,154,45,8046,1056.5,18.974531961544947,1637.575,slow
30,male,169,61,6859,1521.25,21.35779559539232,2091.71875,medium
25,female,150,62,9873,1271.5,27.555555555555557,1970.825,medium
50,male,177,73,12723,1591.25,23.301094832264035,3023.375,fast
43,female,163,47,7930,1112.75,17.68978885166924,1724.7625,slow
34,male,175,81,8606,1738.75,26.448979591836736,2695.0625,fast
18,female,166,55,7991,1336.5,19.959355494266223,2071.5750000000003,medium
37,female,167,49,6055,1187.75,17.569651116927822,1633.15625,slow
29,female,166,68,8570,1411.5,24.677021338365513,2187.8250000000003,medium
42,male,166,81,9207,1642.5,29.3946871824648,2545.875,fast
23,male,173,79,2808,1761.25,26.395803401383272,2113.5,medium
35,female,161,48,5259,1150.25,18.517804097064154,1581.59375,slow
34,female,165,54,8407,1240.25,19.834710743801654,1922.3875,slow
33,female,169,74,10029,1470.25,25.909456951787405,2536.18125,fast
35,male,170,56,8448,1452.5,19.377162629757787,2251.375,medium
30,male,169,65,3787,1561.25,22.758306781975424,1873.5,slow
36,female,150,68,6129,1276.5,30.22222222222222,1755.1875,slow
28,female,169,75,7554,1505.25,26.25958474843318,2333.1375000000003,fast
38,female,150,68,7013,1266.5,30.22222222222222,1741.4375,slow
18,female,154,71,8778,1421.5,29.93759487265981,2203.3250000000003,medium
18,male,167,91,8401,1868.75,32.62935207429452,2896.5625,fast
45,female,151,49,6198,1047.75,21.490285513793253,1440.65625,slow
34,male,158,62,7183,1442.5,24.83576349943919,1983.4375,medium
46,male,168,68,6230,1505.0,24.092970521541954,2069.375,medium
25,male,171,71,6052,1658.75,24.280975342840534,2280.78125,fast
30,male,168,91,3879,1815.0,32.242063492063494,2178.0,medium
51,male,182,57,4694,1457.5,17.208066658616108,1749.0,slow
32,male,172,74,10151,1660.0,25.013520822065985,2863.5,fast
50,male,175,82,3959,1668.75,26.775510204081634,2002.5,medium
25,male,165,63,6171,1541.25,23.140495867768596,2119.21875,medium
42,female,159,73,13010,1352.75,28.875440053795337,2570.225,fast
24,male,165,60,7591,1516.25,22.03856749311295,2350.1875,fast
33,male,172,63,7953,1545.0,21.29529475392104,2394.75,fast
45,male,167,68,7272,1503.75,24.38237297859371,2067.65625,medium
28,female,169,65,9600,1405.25,22.758306781975424,2178.1375000000003,medium
24,female,166,72,6333,1476.5,26.1286108288576,2030.1875,medium
35,female,162,47,10134,1146.5,17.908855357415025,1977.7125,medium
30,female,152,69,5029,1329.0,29.864958448753463,1827.375,slow
34,male,168,57,7238,1455.0,20.19557823129252,2000.625,medium
31,male,173,70,8478,1631.25,23.38868655818771,2528.4375,fast
51,male,156,87,6939,1595.0,35.74950690335305,2193.125,medium
34,female,156,82,4429,1464.0,33.694937541091385,1756.8,slow
32,female,161,64,8543,1325.25,24.690405462752206,2054.1375000000003,medium
32,female,153,47,8909,1105.25,20.07774787474903,1713.1375,slow
40,male,165,70,7680,1536.25,25.71166207529844,2381.1875,fast
27,male,165,70,6568,1601.25,25.71166207529844,2201.71875,medium
47,male,166,84,7032,1647.5,30.48337930033387,2265.3125,medium
36,female,171,46,9684,1187.75,15.731336137614994,1841.0125,slow
49,female,150,81,6568,1341.5,36.0,1844.5625,slow
25,female,150,52,8348,1171.5,23.11111111111111,1815.825,slow
36,male,165,92,10000,1776.25,33.792470156106525,3064.03125,fast
31,female,157,45,8843,1115.25,18.25631871475516,1728.6375,slow
45,male,178,70,6529,1592.5,22.093170054286073,2189.6875,medium
35,female,150,60,10373,1201.5,26.666666666666668,2072.5875,medium
47,female,162,60,10262,1216.5,22.86236854138088,2098.4625,medium
31,female,150,71,10199,1331.5,31.555555555555557,2296.8375,fast
33,female,167,63,5632,1347.75,22.589551436050055,1853.15625,slow
40,female,162,55,6380,1201.5,20.957171162932475,1652.0625,slow
18,female,160,75,7255,1499.0,29.296874999999993,2061.125,medium
22,female,162,83,7780,1571.5,31.626276482243554,2435.8250000000003,fast
19,male,168,66,5084,1620.0,23.384353741496604,2227.5,medium
18,female,156,61,5891,1334.0,25.06574621959237,1834.25,slow
24,female,166,60,4730,1356.5,21.773842357381334,1627.8,slow
34,male,175,78,3139,1708.75,25.46938775510204,2050.5,medium
38,male,171,87,2000,1753.75,29.75274443418488,2104.5,medium
34,female,150,62,7724,1226.5,27.555555555555557,1901.075,slow
41,male,171,72,8902,1588.75,24.622960911049557,2462.5625,fast
43,female,160,59,3232,1214.0,23.046874999999996,1456.8,slow
25,male,163,73,5934,1628.75,27.475629493018182,2239.53125,medium
51,male,167,65,7044,1443.75,23.306680053067517,1985.15625,medium
28,female,158,60,8575,1286.5,24.034609838166958,1994.075,medium
46,male,165,79,7921,1596.25,29.017447199265384,2474.1875,fast
34,female,163,84,6295,1527.75,31.615792841281195,2100.65625,medium
39,male,167,71,7131,1563.75,25.458065904119906,2150.15625,medium
35,female,173,77,5975,1515.25,25.727555214006482,2083.46875,medium
34,male,168,89,7668,1775.0,31.533446712018144,2751.25,fast
29,male,174,72,3642,1667.5,23.781212841854934,2001.0,medium
32,male,167,72,4141,1608.75,25.816630212628635,1930.5,medium
34,female,163,74,7996,1427.75,27.85200797922391,2213.0125000000003,medium
36,female,164,50,6761,1184.0,18.590124925639504,1628.0,slow
44,male,167,81,6770,1638.75,29.043708989207214,2253.28125,medium
41,female,157,57,6623,1185.25,23.124670372023203,1629.71875,slow
44,male,163,53,4447,1333.75,19.94805976890361,1600.5,slow
35,male,181,73,11291,1691.25,22.282592106468055,2917.40625,fast
45,female,166,52,8008,1171.5,18.870663376397157,1815.825,slow
34,male,168,91,5256,1795.0,32.242063492063494,2468.125,fast
32,female,168,56,6647,1289.0,19.841269841269845,1772.375,slow
18,female,159,68,6621,1422.75,26.897670187097027,1956.28125,medium
24,female,154,56,4085,1241.5,23.61275088547816,1489.8,slow
34,female,158,59,10052,1246.5,23.634033007530842,2150.2125,medium
22,female,153,80,7581,1485.25,34.17488999957281,2302.1375000000003,fast
23,female,163,69,4312,1432.75,25.970115548195267,1719.3,slow
33,female,159,76,4808,1427.75,30.062101973814325,1713.3,slow
23,female,158,65,8246,1361.5,26.037493991347535,2110.3250000000003,medium
43,female,167,75,11510,1417.75,26.89232313815483,2445.61875,fast
18,female,153,83,2998,1535.25,35.45644837455679,1842.3,slow
18,male,167,83,7979,1788.75,29.760837606224676,2772.5625,fast
51,female,162,56,7371,1156.5,21.338210638622158,1590.1875,slow
18,male,169,72,4139,1691.25,25.209201358495854,2029.5,medium
34,male,165,50,8704,1366.25,18.36547291092746,2117.6875,medium
39,male,175,74,6689,1643.75,24.163265306122447,2260.15625,medium
36,female,165,55,7323,1240.25,20.202020202020204,1705.34375,slow
52,female,166,82,2000,1436.5,29.757584555087824,1723.8,slow
34,male,177,59,5242,1531.25,18.832391713747644,2105.46875,medium
44,male,174,45,12605,1322.5,14.863258026159334,2512.75,fast
33,male,175,76,6044,1693.75,24.816326530612244,2328.90625,fast
30,male,165,78,7126,1666.25,28.650137741046834,2291.09375,fast
33,female,163,95,8170,1642.75,35.75595618954421,2546.2625000000003,fast
42,female,150,51,5089,1076.5,22.666666666666668,1480.1875,slow
18,female,152,71,8397,1409.0,30.730609418282548,2183.9500000000003,medium
38,male,163,65,7320,1483.75,24.46460160337235,2040.15625,medium
47,male,172,70,10349,1545.0,23.661438615467823,2665.125,fast
36,female,164,65,2626,1334.0,24.167162403331353,1600.8,slow
41,male,168,78,9320,1630.0,27.636054421768712,2526.5,fast
24,female,166,52,6563,1276.5,18.870663376397157,1755.1875,slow
39,male,164,85,7455,1685.0,31.603212373587155,2316.875,fast
29,male,174,86,6818,1807.5,28.405337561104506,2485.3125,fast
27,male,155,57,10588,1408.75,23.725286160249738,2430.09375,fast
31,female,168,69,2440,1424.0,24.44727891156463,1708.8,slow
46,male,175,79,8485,1658.75,25.79591836734694,2571.0625,fast
46,male,172,87,8221,1720.0,29.40778799351001,2666.0,fast
18,male,172,52,6491,1510.0,17.577068685776098,2076.25,medium
49,female,163,49,9074,1102.75,18.442545824080696,1709.2625,slow
43,female,152,74,5524,1314.0,32.029085872576175,1806.75,slow
36,male,172,75,10709,1650.0,25.351541373715524,2846.25,fast
44,female,163,61,12652,1247.75,22.95908765854944,2370.725,fast
42,female,150,64,7297,1206.5,28.444444444444443,1658.9375,slow
40,female,164,68,4293,1344.0,25.282569898869724,1612.8,slow
39,male,165,82,7503,1661.25,30.119375573921033,2574.9375,fast
25,female,165,64,9796,1385.25,23.507805325987146,2147.1375000000003,medium
48,female,163,55,2851,1167.75,20.70081674131507,1401.3,slow
18,male,167,69,8175,1648.75,24.740937287102444,2555.5625,fast
40,female,161,69,7326,1335.25,26.61934338952972,1835.96875,slow
18,female,172,72,2903,1544.0,24.337479718766904,1852.8,slow
47,female,157,48,8854,1065.25,19.473406629072173,1651.1375,slow
26,male,170,64,6264,1577.5,22.145328719723185,2169.0625,medium
38,female,174,76,10360,1496.5,25.102391333069097,2581.4625,fast
32,male,161,58,7584,1431.25,22.375679950619187,2218.4375,medium
45,male,178,58,9485,1472.5,18.30576947355132,2282.375,fast
24,female,154,65,8300,1331.5,27.40765727778715,2063.8250000000003,medium
23,female,173,45,6005,1255.25,15.035584215977813,1725.96875,slow
33,male,163,79,4154,1648.75,29.733900410252552,1978.5,medium
32,female,158,64,9301,1306.5,25.63691716071142,2025.075,medium
20,female,152,69,10111,1379.0,29.864958448753463,2378.775,fast
23,female,162,55,9138,1286.5,20.957171162932475,1994.075,medium
42,female,161,82,5412,1455.25,31.634581999151262,2000.96875,medium
34,female,166,57,8298,1276.5,20.685150239512268,1978.575,medium
29,male,168,73,11821,1640.0,25.86451247165533,2829.0,fast
42,female,155,53,6946,1127.75,22.060353798126947,1550.65625,slow
19,female,150,84,7824,1521.5,37.333333333333336,2358.3250000000003,fast
31,male,168,80,7841,1700.0,28.344671201814062,2635.0,fast
32,female,150,63,5939,1246.5,28.0,1713.9375,slow
29,female,152,54,7990,1184.0,23.372576177285318,1835.2,slow
18,female,164,63,6654,1404.0,23.423557406305775,1930.5,medium
47,female,157,73,8071,1315.25,29.61580591504726,2038.6375,medium
25,male,175,68,7702,1653.75,22.20408163265306,2563.3125,fast
30,female,163,70,5402,1407.75,26.346494034400994,1935.65625,medium
42,female,162,73,10607,1371.5,27.815881725346742,2365.8375,fast
29,male,172,57,13184,1505.0,19.2671714440238,2859.5,fast
40,female,154,54,8593,1141.5,22.76943835385394,1769.325,slow
26,male,175,76,10653,1728.75,24.816326530612244,2982.09375,fast
26,female,150,63,5705,1276.5,28.0,1755.1875,slow
41,male,167,64,12370,1483.75,22.948115744558788,2559.46875,fast
32,male,170,75,8818,1657.5,25.95155709342561,2569.125,fast
18,male,150,81,7821,1662.5,36.0,2576.875,fast
49,female,164,53,8010,1149.0,19.705532421177875,1780.95,slow
36,female,158,66,7166,1306.5,26.43807082198365,1796.4375,slow
36,male,174,70,9834,1612.5,23.120623596247853,2499.375,fast
36,female,154,79,6791,1411.5,33.310844999156686,1940.8125,medium
34,male,165,68,7297,1546.25,24.977043158861342,2126.09375,medium
22,male,176,60,8007,1595.0,19.369834710743802,2472.25,fast
39,male,169,72,5134,1586.25,25.209201358495854,2181.09375,medium
49,male,165,59,9163,1381.25,21.6712580348944,2140.9375,medium
30,male,170,62,6824,1537.5,21.453287197231838,2114.0625,medium
21,female,151,58,8177,1257.75,25.437480812245077,1949.5125,medium
47,male,175,81,8157,1673.75,26.448979591836736,2594.3125,fast
40,female,164,68,7178,1344.0,25.282569898869724,1848.0,slow
28,female,160,64,6052,1339.0,24.999999999999996,1841.125,slow
39,male,173,78,6112,1671.25,26.061679307694877,2297.96875,fast
36,female,150,66,7247,1256.5,29.333333333333332,1727.6875,slow
42,male,170,84,8794,1697.5,29.065743944636683,2631.125,fast
43,male,174,62,8408,1497.5,20.478266613819528,2321.125,fast
34,male,181,76,5095,1726.25,23.198315069747565,2373.59375,fast
31,male,173,62,7987,1551.25,20.715693808680545,2404.4375,fast
27,male,170,55,9253,1482.5,19.031141868512112,2297.875,fast
37,male,163,79,8504,1628.75,29.733900410252552,2524.5625,fast
53,female,174,60,5433,1261.5,19.817677368212443,1734.5625,slow
36,male,171,70,5488,1593.75,23.938989774631512,2191.40625,medium
28,female,162,45,10702,1161.5,17.146776406035663,2003.5875,medium
28,female,162,50,4602,1211.5,19.05197378448407,1453.8,slow
36,female,167,59,4927,1292.75,21.15529420201513,1551.3,slow
32,female,152,65,10264,1279.0,28.133656509695292,2206.275,medium
41,male,170,45,9456,1312.5,15.570934256055365,2034.375,medium
29,male,177,65,10187,1616.25,20.747550193111813,2788.03125,fast
31,male,178,70,2268,1662.5,22.093170054286073,1995.0,medium
41,male,186,76,7614,1722.5,21.967857555786793,2669.875,fast
32,female,161,60,4339,1285.25,23.147255121330193,1542.3,slow
41,male,162,67,9175,1482.5,25.529644871208653,2297.875,fast
26,female,150,60,8441,1246.5,26.666666666666668,1932.075,medium
34,male,160,83,5189,1665.0,32.42187499999999,2289.375,fast
49,male,167,81,2714,1613.75,29.043708989207214,1936.5,medium
35,female,165,77,7110,1465.25,28.282828282828287,2014.71875,medium
30,female,166,50,10393,1226.5,18.144868631151112,2115.7125,medium
25,male,163,53,7786,1428.75,19.94805976890361,2214.5625,medium
33,female,161,63,9494,1310.25,24.3046178773967,2030.8875,medium
33,female,166,55,7363,1261.5,19.959355494266223,1734.5625,slow
30,female,161,62,11224,1315.25,23.9188302920412,2268.80625,medium
37,male,163,59,8997,1428.75,22.20633068613798,2214.5625,medium
26,male,170,80,7145,1737.5,27.68166089965398,2389.0625,fast
36,male,178,76,7442,1697.5,23.98687034465345,2334.0625,fast
36,female,162,62,4303,1291.5,23.624447492760247,1549.8,slow
39,female,153,68,5516,1280.25,29.04865649963689,1760.34375,slow
42,female,166,63,7146,1296.5,22.8625344752504,1782.6875,slow
39,female,162,61,5742,1266.5,23.243408017070564,1741.4375,slow
29,male,171,72,10642,1648.75,24.622960911049557,2844.09375,fast
18,female,165,62,11987,1400.25,22.77318640955005,2415.43125,fast
27,female,166,73,10934,1471.5,26.491508201480624,2538.3375,fast
24,female,162,63,8741,1361.5,24.005486968449926,2110.3250000000003,medium
42,male,168,63,8135,1475.0,22.321428571428577,2286.25,fast
34,male,175,84,5847,1768.75,27.428571428571427,2432.03125,fast
23,female,159,45,4699,1167.75,17.799928800284796,1401.3,slow
32,male,166,100,9567,1882.5,36.289737262302225,2917.875,fast
37,female,156,51,9008,1139.0,20.956607495069033,1765.45,slow
29,female,159,59,6018,1277.75,23.337684427040067,1756.90625,slow
43,male,171,56,8028,1418.75,19.15119181970521,2199.0625,medium
23,female,150,81,4855,1471.5,36.0,1765.8,slow
35,male,163,82,9524,1668.75,30.863035868869737,2586.5625,fast
29,female,156,73,7846,1399.0,29.996712689020377,2168.4500000000003,medium
45,male,154,90,10305,1642.5,37.949063923089895,2833.3125,fast
54,male,151,69,4088,1368.75,30.26183062146397,1642.5,slow
37,female,160,58,6014,1234.0,22.656249999999996,1696.75,slow
36,male,173,65,12476,1556.25,21.71806608974573,2684.53125,fast
51,female,167,53,4163,1157.75,19.003908350962746,1389.3,slow
36,male,178,72,11025,1657.5,22.724403484408533,2859.1875,fast
25,male,174,84,7995,1807.5,27.74474831549742,2801.625,fast
25,female,160,74,5361,1454.0,28.906249999999993,1999.25,medium
32,female,162,54,6910,1231.5,20.576131687242793,1693.3125,slow
33,female,159,49,8536,1157.75,19.382144693643447,1794.5125,slow
18,female,153,67,2000,1375.25,28.621470374642232,1650.3,slow
51,female,159,48,4270,1057.75,18.986590720303784,1269.3,slow
40,male,181,69,7673,1626.25,21.06162815542871,2520.6875,fast
24,female,169,60,5581,1375.25,21.007667798746546,1890.96875,slow
25,female,150,65,11956,1301.5,28.88888888888889,2245.0875,medium
26,male,168,69,4995,1615.0,24.44727891156463,1938.0,medium
18,female,157,70,4314,1430.25,28.398718000730252,1716.3,slow
46,male,173,74,7938,1596.25,24.725182932941294,2474.1875,fast
35,male,171,65,7554,1548.75,22.229061933586404,2400.5625,fast
32,male,180,79,7330,1760.0,24.382716049382715,2420.0,fast
35,female,162,61,5662,1286.5,23.243408017070564,1768.9375,slow
56,male,174,81,5907,1622.5,26.7538644470868,2230.9375,medium
35,male,161,77,9971,1606.25,29.705644072373747,2489.6875,fast
39,male,161,75,12510,1566.25,28.93406890166274,2975.875,fast
42,male,173,80,13485,1676.25,26.729927495071667,3184.875,fast
42,male,172,72,11865,1590.0,24.337479718766904,2742.75,fast
25,female,166,51,7831,1261.5,18.507766003774133,1955.325,medium
43,male,179,69,4717,1598.75,21.534908398614277,1918.5,slow
18,female,159,75,7033,1492.75,29.666548000474663,2052.53125,medium
49,male,171,78,7729,1608.75,26.674874320303687,2493.5625,fast
30,female,165,63,2535,1350.25,23.140495867768596,1620.3,slow
27,male,174,65,6143,1607.5,21.469150482230148,2210.3125,medium
31,male,160,80,6987,1650.0,31.249999999999993,2268.75,medium
27,female,165,73,3097,1465.25,26.813590449954088,1758.3,slow
27,male,176,91,9128,1880.0,29.3775826446281,2914.0,fast
34,male,158,74,5785,1562.5,29.642685467072578,2148.4375,medium
24,female,160,63,4826,1349.0,24.609374999999996,1618.8,slow
24,female,165,48,8931,1230.25,17.63085399449036,1906.8875,slow
39,male,170,63,7433,1502.5,21.79930795847751,2065.9375,medium
28,female,160,92,7447,1619.0,35.93749999999999,2226.125,medium
20,female,171,60,6635,1407.75,20.519134092541297,1935.65625,medium
41,female,162,61,9149,1256.5,23.243408017070564,1947.575,medium
34,female,155,70,10476,1337.75,29.1363163371488,2307.61875,fast
48,female,158,86,9110,1446.5,34.449607434705975,2242.0750000000003,medium
23,female,160,49,7702,1214.0,19.140624999999996,1881.7,slow
20,male,179,76,7300,1783.75,23.719609250647608,2452.65625,fast
40,female,159,47,2753,1102.75,18.59103674696412,1323.3,slow
32,male,169,59,9470,1491.25,20.65754000210077,2311.4375,fast
32,male,169,80,5790,1701.25,28.01022373166206,2339.21875,fast
35,female,160,46,9871,1124.0,17.968749999999996,1742.2,slow
30,female,160,68,8565,1369.0,26.562499999999996,2121.9500000000003,medium
48,male,174,74,3873,1592.5,24.441802087462015,1911.0,slow
27,female,155,55,8841,1222.75,22.892819979188342,1895.2625,slow
37,male,173,67,7974,1571.25,22.386314277122523,2435.4375,fast
35,female,168,71,4558,1424.0,25.15589569160998,1708.8,slow
36,male,168,75,7710,1625.0,26.573129251700685,2518.75,fast
26,male,169,73,14795,1661.25,25.55932915514163,3156.375,fast
42,female,165,59,2512,1250.25,21.6712580348944,1500.3,slow
26,male,179,60,6115,1593.75,18.726007303142847,2191.40625,medium
24,male,174,70,7673,1672.5,23.120623596247853,2592.375,fast
20,female,150,60,7539,1276.5,26.666666666666668,1978.575,medium
38,female,152,60,6057,1199.0,25.969529085872576,1648.625,slow
43,female,161,65,5945,1280.25,25.076193048107708,1760.34375,slow
46,female,153,50,5399,1065.25,21.35930624973301,1464.71875,slow
18,male,166,84,6657,1792.5,30.48337930033387,2464.6875,fast
41,female,158,60,9768,1221.5,24.034609838166958,1893.325,slow
18,male,178,73,10970,1757.5,23.04002019946976,3031.6875,fast
41,female,156,64,8108,1249.0,26.298487836949374,1935.95,medium
38,male,173,75,6232,1646.25,25.05930702662969,2263.59375,medium
18,female,172,54,5063,1364.0,18.25310978907518,1875.5,slow
29,female,150,77,7923,1401.5,34.22222222222222,2172.3250000000003,medium
30,female,158,77,5511,1446.5,30.844415958980928,1988.9375,medium
24,male,168,75,12670,1685.0,26.573129251700685,3201.5,fast
33,female,154,45,9120,1086.5,18.974531961544947,1684.075,slow
49,female,157,61,11140,1185.25,24.747454257779218,2044.55625,medium
34,male,163,82,5128,1673.75,30.863035868869737,2301.40625,fast
42,female,162,50,6153,1141.5,19.05197378448407,1569.5625,slow
40,female,177,67,11680,1415.25,21.38593635289987,2441.30625,fast
18,female,154,67,8222,1381.5,28.25096980941137,2141.3250000000003,medium
46,female,156,72,4178,1304.0,29.585798816568044,1564.8,slow
20,female,165,77,13969,1540.25,28.282828282828287,2926.475,fast
37,female,163,62,6561,1292.75,23.335466144755166,1777.53125,slow
41,male,155,80,4801,1568.75,33.29864724245577,1882.5,slow
32,female,150,51,10891,1126.5,22.666666666666668,1943.2125,medium
28,male,176,90,8641,1865.0,29.054752066115704,2890.75,fast
29,female,150,66,8586,1291.5,29.333333333333332,2001.825,medium
54,female,163,71,5048,1297.75,26.722872520606725,1784.40625,slow
38,female,154,59,3466,1201.5,24.87771968291449,1441.8,slow
31,female,168,52,7971,1254.0,18.42403628117914,1943.7,medium
34,female,157,61,10373,1260.25,24.747454257779218,2173.93125,medium
24,female,156,69,7732,1384.0,28.353057199211044,2145.2000000000003,medium
32,female,166,66,6118,1376.5,23.95122659311947,1892.6875,slow
45,male,171,74,7477,1588.75,25.3069320474676,2184.53125,medium
50,male,167,72,4962,1518.75,25.816630212628635,1822.5,slow
47,male,168,59,5059,1410.0,20.904195011337873,1938.75,medium
28,male,171,72,8637,1653.75,24.622960911049557,2563.3125,fast
30,female,165,49,8569,1210.25,17.99816345270891,1875.8875,slow
29,female,162,49,8142,1196.5,18.670934308794386,1854.575,slow
41,male,150,85,5218,1587.5,37.77777777777778,2182.8125,medium
35,female,167,45,5170,1157.75,16.1353938828929,1591.90625,slow
18,female,153,45,6812,1155.25,19.223375624759708,1588.46875,slow
53,male,178,78,2033,1632.5,24.61810377477591,1959.0,medium
40,female,165,45,5463,1120.25,16.528925619834713,1540.34375,slow
36,male,167,72,10982,1588.75,25.816630212628635,2740.59375,fast
39,male,175,100,2000,1903.75,32.6530612244898,2284.5,fast
42,male,175,59,7624,1478.75,19.26530612244898,2292.0625,fast
41,male,168,72,5289,1570.0,25.510204081632658,2158.75,medium
32,female,164,51,6898,1214.0,18.961927424152293,1669.25,slow
21,male,154,63,7904,1492.5,26.564344746162927,2313.375,fast
18,female,151,72,11534,1412.75,31.577562387614577,2436.99375,fast
44,female,150,67,6873,1226.5,29.77777777777778,1686.4375,slow
21,female,155,64,8100,1342.75,26.638917793964616,2081.2625000000003,medium
18,female,162,47,6506,1231.5,17.908855357415025,1693.3125,slow
29,female,155,81,6240,1472.75,33.71488033298647,2025.03125,medium
43,female,157,45,6790,1055.25,18.25631871475516,1450.96875,slow
52,female,159,62,5511,1192.75,24.524346347059055,1640.03125,slow
28,female,151,62,4523,1262.75,27.19178983377922,1515.3,slow
18,male,180,78,9142,1820.0,24.074074074074073,2821.0,fast
20,male,167,56,9483,1508.75,20.07960127648894,2338.5625,fast
21,male,164,66,10536,1585.0,24.538964901844146,2734.125,fast
37,female,159,54,5916,1187.75,21.359914560341757,1633.15625,slow
48,male,165,76,12539,1556.25,27.915518824609737,2956.875,fast
40,female,159,85,10349,1482.75,33.62208773387128,2557.74375,fast
23,male,180,83,5086,1845.0,25.61728395061728,2536.875,fast
27,female,158,49,6991,1181.5,19.62826470116968,1624.5625,slow
28,male,169,48,10401,1401.25,16.806134238997235,2417.15625,fast
43,female,155,66,9565,1252.75,27.47138397502601,1941.7625,medium
32,female,157,53,9386,1190.25,21.50188648626719,1844.8875,slow
33,male,169,66,10247,1556.25,23.1084345786212,2684.53125,fast
18,female,155,64,2000,1357.75,26.638917793964616,1629.3,slow
39,female,159,45,9918,1087.75,17.799928800284796,1686.0125,slow
40,female,162,58,10274,1231.5,22.10028959000152,2124.3375,medium
39,male,161,70,5870,1516.25,27.005130974885226,2084.84375,medium
25,female,156,45,4366,1139.0,18.49112426035503,1366.8,slow
41,female,160,65,8222,1284.0,25.390624999999996,1990.2,medium
29,male,178,76,8511,1732.5,23.98687034465345,2685.375,fast
32,male,169,73,9321,1631.25,25.55932915514163,2528.4375,fast
53,male,167,65,9164,1433.75,23.306680053067517,2222.3125,medium
39,male,167,63,10559,1483.75,22.589551436050055,2559.46875,fast
45,male,166,75,5804,1567.5,27.21730294672667,2155.3125,medium
42,male,165,61,5970,1436.25,22.4058769513315,1974.84375,medium
32,male,172,61,10243,1530.0,20.61925365062196,2639.25,fast
39,male,179,65,7479,1578.75,20.286507911738084,2170.78125,medium
41,female,150,75,7151,1321.5,33.333333333333336,1817.0625,slow
30,female,150,86,8672,1486.5,38.22222222222222,2304.0750000000003,fast
35,female,178,64,6212,1416.5,20.199469763918696,1947.6875,medium
44,female,159,71,7622,1322.75,28.084332107116012,2050.2625000000003,medium
32,male,157,70,9970,1526.25,28.398718000730252,2365.6875,fast
34,female,164,75,9229,1444.0,27.885187388459254,2238.2000000000003,medium
18,female,155,45,5988,1167.75,18.730489073881373,1605.65625,slow
29,female,152,85,4790,1494.0,36.79016620498615,1792.8,slow
41,male,165,74,10059,1571.25,27.180899908172638,2710.40625,fast
46,male,164,64,2000,1440.0,23.795359904818564,1728.0,slow
34,female,156,45,8003,1094.0,18.49112426035503,1695.7,slow
36,female,163,57,5288,1247.75,21.453573713726524,1715.65625,slow
44,male,166,56,9705,1382.5,20.322252866889244,2142.875,medium
35,female,163,59,7241,1272.75,22.20633068613798,1750.03125,slow
37,female,174,59,7055,1331.5,19.487382745408905,1830.8125,slow
35,male,160,74,6464,1570.0,28.906249999999993,2158.75,medium
36,female,157,80,7392,1440.25,32.45567771512029,1980.34375,medium
29,male,152,69,6684,1500.0,29.864958448753463,2062.5,medium
39,female,155,63,9638,1242.75,26.22268470343392,1926.2625,medium
33,female,151,69,8495,1307.75,30.26183062146397,2027.0125,medium
41,male,178,100,4984,1912.5,31.561671506122963,2295.0,fast
35,female,162,52,9267,1196.5,19.81405273586343,1854.575,slow
32,male,166,57,9309,1452.5,20.685150239512268,2251.375,medium
31,male,173,72,10796,1651.25,24.0569347455645,2848.40625,fast
25,male,177,69,7826,1676.25,22.024322512687924,2598.1875,fast
48,female,166,59,7707,1226.5,21.410944984758313,1901.075,slow
37,female,156,67,6827,1299.0,27.531229454306374,1786.125,slow
32,male,176,67,8105,1615.0,21.62964876033058,2503.25,fast
35,female,162,45,5081,1126.5,17.146776406035663,1548.9375,slow
30,male,159,80,9291,1648.75,31.644317867172973,2555.5625,fast
18,female,150,58,6833,1266.5,25.77777777777778,1741.4375,slow
45,female,174,77,2000,1471.5,25.43268595587264,1765.8,slow
36,male,170,61,5657,1497.5,21.107266435986162,2059.0625,medium
25,male,167,59,7619,1513.75,21.15529420201513,2346.3125,fast
34,male,156,90,6592,1710.0,36.98224852071006,2351.25,fast
31,female,169,55,5606,1290.25,19.257028815517668,1774.09375,slow
37,female,163,67,7613,1342.75,25.21735857578381,2081.2625000000003,medium
31,male,164,70,9031,1575.0,26.026174895895306,2441.25,fast
40,female,157,50,6594,1120.25,20.28479857195018,1540.34375,slow
37,female,165,77,6839,1455.25,28.282828282828287,2000.96875,medium
34,female,157,72,8850,1370.25,29.21010994360826,2123.8875000000003,medium
42,female,162,66,6435,1301.5,25.14860539551897,1789.5625,slow
47,male,168,74,9084,1560.0,26.218820861678008,2418.0,fast
28,male,170,52,6575,1447.5,17.99307958477509,1990.3125,medium
30,female,168,76,5435,1499.0,26.92743764172336,2061.125,medium
30,male,161,45,6923,1311.25,17.360441340997646,1802.96875,slow
37,male,166,90,6520,1757.5,32.660763536072004,2416.5625,fast
47,male,183,57,8806,1483.75,17.020514198692105,2299.8125,fast
34,female,164,65,7251,1344.0,24.167162403331353,1848.0,slow
33,female,153,61,4417,1240.25,26.05835362467427,1488.3,slow
20,male,176,89,4734,1895.0,28.731921487603305,2274.0,fast
43,female,155,45,8143,1042.75,18.730489073881373,1616.2625,slow
35,male,172,67,5614,1575.0,22.647376960519203,2165.625,medium
37,male,158,94,7089,1747.5,37.6542220797949,2402.8125,fast
39,female,165,47,9311,1145.25,17.263544536271812,1775.1375,slow
19,female,162,45,8183,1206.5,17.146776406035663,1870.075,slow
34,female,151,56,10082,1172.75,24.560326301478007,2022.99375,medium
18,male,170,52,2000,1497.5,17.99307958477509,1797.0,slow
38,male,180,74,6172,1680.0,22.839506172839506,2310.0,fast
38,male,174,94,2065,1842.5,31.04769454353283,2211.0,medium
41,male,164,73,7190,1555.0,27.141582391433676,2138.125,medium
46,male,180,74,5395,1640.0,22.839506172839506,2255.0,medium
27,male,166,56,5686,1467.5,20.322252866889244,2017.8125,medium
33,male,164,94,8995,1805.0,34.94943486020227,2797.75,fast
40,male,167,71,7321,1558.75,25.458065904119906,2143.28125,medium
33,male,170,73,10905,1632.5,25.25951557093426,2816.0625,fast
41,female,164,48,10173,1139.0,17.846519928613922,1964.775,medium
41,male,182,51,4492,1447.5,15.396691220867044,1737.0,slow
22,female,185,55,6977,1435.25,16.070124178232284,1973.46875,medium
20,male,155,80,6137,1673.75,33.29864724245577,2301.40625,fast
42,male,172,60,5976,1470.0,20.281233098972418,2021.25,medium
25,female,164,51,11430,1249.0,18.961927424152293,2154.525,medium
36,male,161,92,7999,1751.25,35.492457852706295,2714.4375,fast
46,female,168,57,3015,1229.0,20.19557823129252,1474.8,slow
47,male,168,72,10557,1540.0,25.510204081632658,2656.5,fast
27,male,163,76,5260,1648.75,28.604764951635367,2267.03125,medium
49,female,157,67,9041,1245.25,27.18163008641324,1930.1375,medium
25,female,162,45,10981,1176.5,17.146776406035663,2029.4625,medium
34,male,184,68,6163,1665.0,20.085066162570886,2289.375,fast
21,male,166,70,3277,1637.5,25.402816083611555,1965.0,medium
29,female,160,63,9764,1324.0,24.609374999999996,2052.2000000000003,medium
38,female,167,45,10203,1142.75,16.1353938828929,1971.24375,medium
22,male,162,72,6700,1627.5,27.43484224965706,2237.8125,medium
55,male,169,48,5812,1266.25,16.806134238997235,1741.09375,slow
30,female,161,50,9600,1195.25,19.28937926777516,1852.6375,slow
39,female,159,77,8515,1407.75,30.457655947153988,2182.0125000000003,medium
38,female,165,55,5569,1230.25,20.202020202020204,1691.59375,slow
30,female,163,68,12477,1387.75,25.59373706198954,2393.86875,fast
27,female,164,48,9577,1209.0,17.846519928613922,1873.95,slow
40,female,161,76,8508,1405.25,29.319856487018246,2178.1375000000003,medium
50,female,162,53,10204,1131.5,20.195092211553114,1951.8375,medium
60,female,161,51,10805,1055.25,19.675166853130666,1820.30625,slow
25,male,176,69,10381,1670.0,22.275309917355372,2880.75,fast
34,female,150,67,9584,1276.5,29.77777777777778,1978.575,medium
39,male,166,65,9605,1497.5,23.588329220496444,2321.125,fast
36,male,165,80,6180,1656.25,29.384756657483933,2277.34375,fast
36,male,163,86,7504,1703.75,32.36854981369265,2640.8125,fast
26,male,184,72,4061,1745.0,21.266540642722116,2094.0,medium
46,female,162,62,6789,1241.5,23.624447492760247,1707.0625,slow
35,male,182,70,6554,1667.5,21.132713440405748,2292.8125,fast
48,female,166,53,3349,1166.5,19.233560749020178,1399.8,slow
50,female,164,64,8715,1254.0,23.795359904818564,1943.7,medium
48,female,154,76,10046,1321.5,32.04587620172036,2279.5875,fast
25,female,172,63,11865,1419.0,21.29529475392104,2447.775,fast
41,male,169,66,10433,1516.25,23.1084345786212,2615.53125,fast
24,female,163,72,7928,1457.75,27.09925100681245,2259.5125000000003,medium
36,female,161,67,8249,1335.25,25.847768218818715,2069.6375000000003,medium
28,male,162,54,6051,1417.5,20.576131687242793,1949.0625,medium
29,female,161,68,4977,1380.25,26.23355580417422,1656.3,slow
38,female,153,88,7985,1485.25,37.5923789995301,2302.1375000000003,fast
31,female,152,64,5117,1274.0,27.700831024930746,1751.75,slow
18,male,176,70,6771,1715.0,22.59814049586777,2358.125,fast
36,male,162,70,6445,1537.5,26.672763298277697,2114.0625,medium
40,male,163,54,7673,1363.75,20.32443825510934,2113.8125,medium
45,male,174,87,8225,1737.5,28.735632183908045,2693.125,fast
43,male,176,68,12632,1570.0,21.952479338842977,2983.0,fast
39,male,175,66,9575,1563.75,21.551020408163264,2423.8125,fast
20,female,153,78,10050,1475.25,33.320517749583495,2544.80625,fast
48,female,156,55,5100,1124.0,22.600262984878366,1545.5,slow
51,female,179,80,8701,1502.75,24.968009737523797,2329.2625000000003,fast
24,male,163,89,12750,1793.75,33.49768527230984,3408.125,fast
36,male,168,61,10243,1485.0,21.612811791383223,2561.625,fast
39,female,171,54,8571,1252.75,18.467220683287167,1941.7625,medium
41,male,170,61,11842,1472.5,21.107266435986162,2540.0625,fast
31,female,163,55,8238,1252.75,20.70081674131507,1941.7625,medium
20,female,169,80,8300,1595.25,28.01022373166206,2472.6375000000003,fast
28,male,156,79,3429,1630.0,32.462195923734384,1956.0,medium
33,male,175,72,8257,1653.75,23.510204081632654,2563.3125,fast
42,male,170,70,5936,1557.5,24.221453287197235,2141.5625,medium
35,male,175,58,7718,1503.75,18.93877551020408,2330.8125,fast
18,female,152,64,10081,1339.0,27.700831024930746,2309.775,fast
40,female,152,64,5671,1229.0,27.700831024930746,1689.875,slow
37,male,167,64,7318,1503.75,22.948115744558788,2067.65625,medium
45,male,161,77,5317,1556.25,29.705644072373747,2139.84375,medium
35,male,176,94,9300,1870.0,30.34607438016529,2898.5,fast
39,male,161,69,5569,1506.25,26.61934338952972,2071.09375,medium
48,female,160,67,10002,1269.0,26.171874999999996,2189.025,medium
53,male,170,62,4632,1422.5,21.453287197231838,1707.0,slow
41,female,154,78,9255,1376.5,32.889188733344575,2133.5750000000003,medium
18,male,178,46,7135,1487.5,14.518368892816563,2045.3125,medium
54,female,160,45,5818,1019.0,17.578124999999996,1401.125,slow
53,male,163,62,5323,1378.75,23.335466144755166,1895.78125,slow
31,female,169,47,10356,1210.25,16.45600644235146,2087.68125,medium
38,male,166,66,9103,1512.5,23.95122659311947,2344.375,fast
30,male,159,67,13453,1518.75,26.502116213757365,2885.625,fast
35,male,159,73,9678,1553.75,28.875440053795337,2408.3125,fast
34,female,164,67,11849,1364.0,24.910767400356935,2352.9,fast
42,male,156,55,6510,1320.0,22.600262984878366,1815.0,slow
54,female,162,60,10596,1181.5,22.86236854138088,2038.0875,medium
18,male,183,71,5628,1768.75,21.20099137030069,2432.03125,fast
30,male,174,56,9363,1502.5,18.49649887699828,2328.875,fast
33,female,150,45,3541,1061.5,20.0,1273.8,slow
42,male,172,52,5749,1390.0,17.577068685776098,1911.25,slow
28,female,152,89,12168,1539.0,38.52146814404432,2654.775,fast
19,female,157,45,2990,1175.25,18.25631871475516,1410.3,slow
55,female,150,55,8901,1051.5,24.444444444444443,1629.825,slow
34,male,174,86,8180,1782.5,28.405337561104506,2762.875,fast
32,male,179,86,7419,1823.75,26.840610467838083,2507.65625,fast
34,male,171,51,3516,1413.75,17.441263978660103,1696.5,slow
27,male,163,66,10711,1548.75,24.840980089578082,2671.59375,fast
40,male,177,66,11587,1571.25,21.06674327300584,2710.40625,fast
27,male,172,69,5151,1635.0,23.323418063818284,2248.125,medium
39,male,169,71,7185,1576.25,24.859073561850078,2167.34375,medium
41,male,166,76,8738,1597.5,27.58020031934969,2476.125,fast
37,male,166,71,6180,1567.5,25.76571345623458,2155.3125,medium
60,male,172,67,2000,1450.0,22.647376960519203,1740.0,slow
54,male,175,66,6569,1488.75,21.551020408163264,2047.03125,medium
37,female,153,65,7852,1260.25,27.76709812465291,1953.3875,medium
24,male,166,74,6244,1662.5,26.854405574103644,2285.9375,fast
34,female,166,73,8734,1436.5,26.491508201480624,2226.5750000000003,medium
41,female,154,45,8901,1046.5,18.974531961544947,1622.075,slow
58,male,164,71,6359,1450.0,26.397977394408095,1993.75,medium
32,female,159,49,3085,1162.75,19.382144693643447,1395.3,slow
44,male,177,64,5959,1531.25,20.428357113217785,2105.46875,medium
18,male,166,47,7008,1422.5,17.056176513282043,1955.9375,medium
49,male,168,77,9969,1580.0,27.281746031746035,2449.0,fast
36,female,165,68,7673,1370.25,24.977043158861342,2123.8875000000003,medium
32,male,159,83,10319,1668.75,32.83097978719196,2878.59375,fast
28,male,169,67,7901,1591.25,23.458562375266975,2466.4375,fast
54,female,154,70,4781,1231.5,29.515938606847698,1477.8,slow
44,male,165,83,5102,1646.25,30.48668503213958,2263.59375,medium
46,female,159,57,10765,1172.75,22.54657648036074,2022.99375,medium
25,female,164,45,11047,1189.0,16.731112433075552,2051.025,medium
36,male,168,68,6272,1555.0,24.092970521541954,2138.125,medium
36,male,179,71,5872,1653.75,22.15910864205237,2273.90625,fast
24,female,159,60,7087,1312.75,23.73323840037973,1805.03125,slow
36,female,164,54,10588,1224.0,20.077334919690664,2111.4,medium
32,female,150,87,9555,1486.5,38.666666666666664,2304.0750000000003,fast
18,female,151,55,8909,1242.75,24.121749046094468,1926.2625,medium
18,male,159,82,10311,1728.75,32.4354258138523,2982.09375,fast
39,male,157,74,11828,1531.25,30.021501886486266,2641.40625,fast
18,female,158,57,6349,1306.5,22.832879346258608,1796.4375,slow
32,female,166,45,9730,1166.5,16.330381768036002,1808.075,slow
32,female,167,66,7661,1382.75,23.66524436157625,2143.2625000000003,medium
40,male,168,89,6128,1745.0,31.533446712018144,2399.375,fast
47,male,172,56,8596,1405.0,18.92915089237426,2177.75,medium
39,female,151,52,8438,1107.75,22.806017279943863,1717.0125,slow
18,female,155,51,9523,1227.75,21.227887617065555,1903.0125,slow
47,female,162,53,6726,1146.5,20.195092211553114,1576.4375,slow
42,male,165,76,7707,1586.25,27.915518824609737,2458.6875,fast
30,male,172,83,3655,1760.0,28.055705786911847,2112.0,medium
18,male,172,76,5799,1750.0,25.689561925365066,2406.25,fast
35,male,166,64,8362,1507.5,23.225431847873423,2336.625,fast
32,male,173,74,3377,1666.25,24.725182932941294,1999.5,medium
35,male,169,75,5991,1636.25,26.25958474843318,2249.84375,medium
26,male,180,88,6333,1880.0,27.160493827160494,2585.0,fast
20,male,150,74,7808,1582.5,32.888888888888886,2452.875,fast
29,female,158,54,12073,1221.5,21.63114885435026,2107.0875,medium
50,male,178,64,5687,1507.5,20.199469763918696,2072.8125,medium
21,male,176,81,5254,1810.0,26.149276859504134,2488.75,fast
28,male,161,72,8152,1591.25,27.776706145596233,2466.4375,fast
35,male,175,82,6683,1743.75,26.775510204081634,2397.65625,fast
27,male,172,63,4454,1575.0,21.29529475392104,1890.0,slow
22,female,166,53,7810,1296.5,19.233560749020178,2009.575,medium
31,female,153,57,11218,1210.25,24.34960912469563,2087.68125,medium
33,male,167,68,6642,1563.75,24.38237297859371,2150.15625,medium
26,female,169,65,5841,1415.25,22.758306781975424,1945.96875,medium
45,male,163,69,8236,1488.75,25.970115548195267,2307.5625,fast
27,male,161,75,4503,1626.25,28.93406890166274,1951.5,medium
37,male,163,54,7803,1378.75,20.32443825510934,2137.0625,medium
18,male,172,70,5074,1690.0,23.661438615467823,2323.75,fast
44,male,174,59,8453,1462.5,19.487382745408905,2266.875,medium
46,male,161,67,11756,1451.25,25.847768218818715,2503.40625,fast
23,male,174,81,7938,1787.5,26.7538644470868,2770.625,fast
40,female,164,51,9145,1174.0,18.961927424152293,1819.7,slow
44,female,158,77,8728,1376.5,30.844415958980928,2133.5750000000003,medium
18,female,157,72,3333,1450.25,29.21010994360826,1740.3,slow
47,female,150,49,10731,1031.5,21.77777777777778,1779.3375,slow
22,female,159,65,9531,1372.75,25.71100826707804,2127.7625000000003,medium
18,female,162,57,7312,1331.5,21.719250114311837,1830.8125,slow
43,male,174,67,8187,1547.5,22.12973972783723,2398.625,fast
40,male,170,66,8005,1527.5,22.837370242214536,2367.625,fast
47,male,170,60,9155,1432.5,20.761245674740486,2220.375,medium
28,male,175,60,9239,1558.75,19.591836734693878,2416.0625,fast
48,female,163,67,10649,1287.75,25.21735857578381,2221.36875,medium
19,male,180,80,6485,1835.0,24.691358024691358,2523.125,fast
40,male,155,60,9205,1373.75,24.97398543184183,2129.3125,medium
33,male,177,80,11005,1746.25,25.53544639152223,3012.28125,fast
35,female,152,45,5663,1064.0,19.47714681440443,1463.0,slow
18,female,152,68,8790,1379.0,29.43213296398892,2137.4500000000003,medium
39,female,159,61,10670,1247.75,24.128792373719392,2152.36875,medium
28,male,162,75,3017,1627.5,28.577960676726104,1953.0,medium
29,female,167,73,10812,1467.75,26.175194521137367,2531.86875,fast
40,male,178,47,4394,1387.5,14.833985607877793,1665.0,slow
18,male,186,59,5099,1667.5,17.05399468146606,2292.8125,fast
18,female,172,46,7646,1284.0,15.548945375878855,1990.2,medium
53,male,174,59,10066,1417.5,19.487382745408905,2445.1875,fast
36,female,154,73,9217,1351.5,30.78090740428403,2094.8250000000003,medium
18,male,177,82,5958,1841.25,26.173832551310287,2531.71875,fast
42,male,169,85,13413,1701.25,29.76086271489094,3232.375,fast
37,male,171,63,7191,1518.75,21.545090797168363,2088.28125,medium
24,female,150,48,7144,1136.5,21.333333333333332,1562.6875,slow
30,female,164,68,5759,1394.0,25.282569898869724,1916.75,slow
18,female,163,57,5593,1337.75,21.453573713726524,1839.40625,slow
34,male,157,56,6655,1376.25,22.7189744005842,1892.34375,slow
34,female,159,45,6021,1112.75,17.799928800284796,1530.03125,slow
35,male,165,78,3651,1641.25,28.650137741046834,1969.5,medium
46,male,171,75,6638,1593.75,25.64891761567662,2191.40625,medium
37,male,175,76,8019,1673.75,24.816326530612244,2594.3125,fast
37,female,153,67,7198,1280.25,28.621470374642232,1760.34375,slow
42,female,167,64,11500,1312.75,22.948115744558788,2264.49375,medium
42,female,150,53,5189,1096.5,23.555555555555557,1507.6875,slow
43,female,168,80,7801,1474.0,28.344671201814062,2284.7000000000003,fast
36,male,169,73,8272,1611.25,25.55932915514163,2497.4375,fast
37,female,156,57,9251,1199.0,23.422090729783037,1858.45,slow
34,female,161,55,5186,1225.25,21.218317194552675,1684.71875,slow
55,female,167,64,8884,1247.75,22.948115744558788,1934.0125,medium
42,male,171,61,6030,1473.75,20.86111966075032,2026.40625,medium
45,female,158,55,2000,1151.5,22.031725684986377,1381.8,slow
46,male,168,45,4000,1275.0,15.94387755102041,1530.0,slow
27,male,172,95,7198,1895.0,32.11195240670633,2605.625,fast
41,male,177,80,8102,1706.25,25.53544639152223,2644.6875,fast
20,male,158,58,8128,1472.5,23.233456176894723,2282.375,fast
44,female,159,82,9649,1432.75,32.4354258138523,2220.7625000000003,medium
36,female,167,74,6153,1442.75,26.533758829646096,1983.78125,medium
21,male,159,75,5745,1643.75,29.666548000474663,2260.15625,medium
18,male,176,60,5323,1615.0,19.369834710743802,2220.625,medium
43,male,172,100,4930,1865.0,33.802055164954034,2238.0,medium
18,female,159,46,6953,1202.75,18.19548277362446,1653.78125,slow
41,male,167,74,6261,1583.75,26.533758829646096,2177.65625,medium
21,female,166,55,6399,1321.5,19.959355494266223,1817.0625,slow
32,male,172,48,2000,1400.0,16.224986479177936,1680.0,slow
41,male,174,49,8450,1377.5,16.1844365173735,2135.125,medium
33,female,159,64,8517,1307.75,25.315454293738377,2027.0125,medium
22,male,158,71,7240,1592.5,28.44095497516423,2189.6875,medium
33,female,160,45,4579,1124.0,17.578124999999996,1348.8,slow
34,male,164,67,4921,1530.0,24.910767400356935,1836.0,slow
32,male,167,72,4159,1608.75,25.816630212628635,1930.5,medium
45,male,173,65,10288,1511.25,21.71806608974573,2606.90625,fast
43,female,152,48,9218,1054.0,20.775623268698062,1633.7,slow
38,male,170,74,10845,1617.5,25.605536332179934,2790.1875,fast
57,male,163,86,8430,1598.75,32.36854981369265,2478.0625,fast
47,male,154,69,14954,1422.5,29.094282341035587,2702.75,fast
25,female,159,51,9237,1217.75,20.17325264032277,1887.5125,slow
24,male,169,60,2000,1541.25,21.007667798746546,1849.5,slow
29,female,157,59,10003,1265.25,23.93606231490121,2182.55625,medium
33,female,160,97,9506,1644.0,37.89062499999999,2548.2000000000003,fast
33,male,166,77,5623,1647.5,27.94309769197271,2265.3125,medium
42,female,158,58,9828,1196.5,23.233456176894723,1854.575,slow
18,female,165,61,7198,1390.25,22.4058769513315,1911.59375,slow
29,female,160,54,7076,1234.0,21.093749999999996,1696.75,slow
59,female,153,48,5612,980.25,20.504933999743688,1347.84375,slow
37,female,161,66,9593,1320.25,25.461980633463213,2046.3875,medium
43,male,174,83,4376,1707.5,27.414453692693883,2049.0,medium
41,male,173,77,6834,1651.25,25.727555214006482,2270.46875,fast
44,female,154,55,4194,1131.5,23.19109461966605,1357.8,slow
38,female,167,48,9110,1172.75,17.21108680841909,1817.7625,slow
25,female,156,51,9613,1199.0,20.956607495069033,1858.45,slow
18,female,152,59,5007,1289.0,25.536703601108034,1772.375,slow
20,male,182,64,7258,1682.5,19.32133800265668,2313.4375,fast
35,male,167,70,11516,1573.75,25.099501595611173,2714.71875,fast
37,male,164,64,5594,1485.0,23.795359904818564,2041.875,medium
29,female,167,55,4278,1287.75,19.721036967980208,1545.3,slow
34,male,159,83,7637,1658.75,32.83097978719196,2571.0625,fast
26,female,161,72,7707,1435.25,27.776706145596233,2224.6375000000003,medium
38,male,158,79,7206,1592.5,31.64556962025316,2189.6875,medium
27,male,167,83,5616,1743.75,29.760837606224676,2397.65625,fast
45,male,160,58,13901,1360.0,22.656249999999996,2584.0,fast
33,male,169,68,5537,1576.25,23.80869017191275,2167.34375,medium
29,female,171,49,6813,1252.75,16.75729284224206,1722.53125,slow
22,male,169,71,11489,1661.25,24.859073561850078,2865.65625,fast
36,female,159,72,8701,1372.75,28.479886080455675,2127.7625000000003,medium
35,female,150,67,5173,1271.5,29.77777777777778,1748.3125,slow
46,male,167,87,4288,1688.75,31.1950948402596,2026.5,medium
35,female,158,56,2697,1211.5,22.432302515622492,1453.8,slow
31,male,174,56,10427,1497.5,18.49649887699828,2583.1875,fast
36,female,168,64,6233,1349.0,22.67573696145125,1854.875,slow
40,female,160,62,6021,1259.0,24.218749999999996,1731.125,slow
41,male,174,55,5031,1437.5,18.166204254194742,1976.5625,medium
38,female,157,64,8843,1270.25,25.96454217209623,1968.8875,medium
29,male,171,66,15000,1588.75,22.571047501795427,3018.625,fast
33,male,183,68,6544,1663.75,20.305174833527424,2287.65625,fast
26,male,171,53,6812,1473.75,18.125235115078144,2026.40625,medium
37,female,167,80,2620,1497.75,28.685144680698485,1797.3,slow
45,male,179,60,9339,1498.75,18.726007303142847,2323.0625,fast
22,female,150,66,4054,1326.5,29.333333333333332,1591.8,slow
18,female,164,45,4085,1224.0,16.731112433075552,1468.8,slow
41,female,156,61,8496,1219.0,25.06574621959237,1889.45,slow
35,male,187,47,8283,1468.75,13.440475850038604,2276.5625,fast
34,female,160,69,11047,1359.0,26.953124999999996,2344.275,fast
38,male,175,55,6712,1458.75,17.959183673469386,2005.78125,medium
30,female,162,61,5365,1311.5,23.243408017070564,1803.3125,slow
35,male,172,65,8294,1555.0,21.971335857220122,2410.25,fast
36,male,166,68,8295,1542.5,24.677021338365513,2390.875,fast
30,male,176,69,5179,1645.0,22.275309917355372,2261.875,medium
40,male,163,91,10559,1733.75,34.25044224472129,2990.71875,fast
35,female,157,77,5784,1415.25,31.238589800803275,1945.96875,medium
44,female,157,59,8588,1190.25,23.93606231490121,1844.8875,slow
40,male,166,72,8191,1562.5,26.1286108288576,2421.875,fast
42,male,166,72,7267,1552.5,26.1286108288576,2134.6875,medium
20,male,172,85,5907,1830.0,28.73174689021093,2516.25,fast
18,male,177,72,6855,1741.25,22.981901752370007,2394.21875,fast
36,male,179,68,4272,1623.75,21.22280827689523,1948.5,medium
37,male,163,67,6985,1508.75,25.21735857578381,2074.53125,medium
39,female,153,78,10147,1380.25,33.320517749583495,2380.93125,fast
45,female,154,77,10990,1346.5,32.46753246753247,2322.7125,fast
19,male,179,82,8772,1848.75,25.592209980961893,2865.5625,fast
37,female,168,52,5870,1224.0,18.42403628117914,1683.0,slow
55,male,176,65,10597,1480.0,20.983987603305785,2553.0,fast
51,female,161,85,5044,1440.25,32.79194475521777,1980.34375,medium
18,male,175,96,6166,1968.75,31.346938775510203,2707.03125,fast
32,male,169,73,6755,1631.25,25.55932915514163,2242.96875,medium
32,male,171,60,7697,1513.75,20.519134092541297,2346.3125,fast
45,male,155,49,5206,1238.75,20.39542143600416,1703.28125,slow
37,female,150,62,6457,1211.5,27.555555555555557,1665.8125,slow
25,female,164,56,5396,1299.0,20.820939916716245,1786.125,slow
18,female,150,60,12767,1286.5,26.666666666666668,2444.35,fast
40,male,170,88,7675,1747.5,30.449826989619382,2708.625,fast
40,male,168,59,10119,1445.0,20.904195011337873,2492.625,fast
29,male,179,45,8488,1428.75,14.044505477357136,2214.5625,medium
37,female,158,73,6583,1371.5,29.242108636436463,1885.8125,slow
30,male,180,45,8256,1430.0,13.888888888888888,2216.5,medium
36,male,182,84,9638,1802.5,25.359256128486894,2793.875,fast
46,male,164,61,6492,1410.0,22.679952409280194,1938.75,medium
38,male,172,70,6390,1590.0,23.661438615467823,2186.25,medium
33,female,154,63,12242,1266.5,26.564344746162927,2184.7125,medium
43,male,169,73,10893,1576.25,25.55932915514163,2719.03125,fast
47,female,162,76,5088,1376.5,28.959000152415786,1892.6875,slow
39,female,158,58,10906,1211.5,23.233456176894723,2089.8375,medium
37,male,170,100,11849,1882.5,34.602076124567475,3247.3125,fast
36,male,166,47,10752,1332.5,17.056176513282043,2298.5625,fast
34,male,176,80,8244,1735.0,25.826446280991735,2689.25,fast
38,male,173,92,9421,1816.25,30.73941661933242,2815.1875,fast
36,male,181,82,5666,1776.25,25.029760996306585,2442.34375,fast
33,male,180,65,10460,1615.0,20.061728395061728,2785.875,fast
21,female,157,62,8909,1335.25,25.153150229218223,2069.6375000000003,medium
22,female,172,53,7534,1334.0,17.915089237425637,2067.7000000000003,medium
54,female,174,48,7478,1136.5,15.854141894569956,1562.6875,slow
21,male,177,58,9035,1586.25,18.513198633853616,2458.6875,fast
24,male,181,74,9316,1756.25,22.587833094227893,2722.1875,fast
23,male,165,50,7430,1421.25,18.36547291092746,1954.21875,medium
29,male,164,60,5167,1485.0,22.308149910767405,2041.875,medium
48,male,181,99,10369,1886.25,30.218857788223804,3253.78125,fast
32,female,160,45,3822,1129.0,17.578124999999996,1354.8,slow
39,female,153,64,7452,1240.25,27.339911999658252,1705.34375,slow
39,male,172,74,6457,1625.0,25.013520822065985,2234.375,medium
34,female,151,73,6931,1342.75,32.01613964299811,1846.28125,slow
28,female,177,85,7529,1655.25,27.13141179099237,2565.6375000000003,fast
21,male,165,88,8148,1811.25,32.323232323232325,2807.4375,fast
30,female,159,67,2486,1352.75,26.502116213757365,1623.3,slow
42,male,165,78,13005,1606.25,28.650137741046834,3051.875,fast
18,female,161,72,6935,1475.25,27.776706145596233,2028.46875,medium
28,female,157,64,6585,1320.25,25.96454217209623,1815.34375,slow
51,male,167,71,7444,1503.75,25.458065904119906,2067.65625,medium
26,male,167,69,7394,1608.75,24.740937287102444,2212.03125,medium
44,female,167,72,7461,1382.75,25.816630212628635,1901.28125,slow
27,female,154,77,7826,1436.5,32.46753246753247,2226.5750000000003,medium
20,female,164,74,5640,1504.0,27.513384889946465,2068.0,medium
27,male,178,81,5634,1792.5,25.5649539199596,2464.6875,fast
45,male,180,59,5069,1495.0,18.209876543209877,2055.625,medium
23,female,155,75,9434,1442.75,31.217481789802285,2236.2625000000003,medium
48,female,154,46,5055,1021.5,19.396188227357058,1404.5625,slow
34,female,166,67,8622,1376.5,24.31412396574249,2133.5750000000003,medium
38,female,164,76,8520,1434.0,28.256989886972047,2222.7000000000003,medium
46,female,163,61,8736,1237.75,22.95908765854944,1918.5125,slow
41,male,170,68,6340,1542.5,23.529411764705884,2120.9375,medium
26,male,161,71,11474,1591.25,27.390918560240728,2744.90625,fast
29,female,152,52,4280,1164.0,22.506925207756233,1396.8,slow
43,male,170,69,13781,1542.5,23.87543252595156,2930.75,fast
49,male,161,61,9200,1376.25,23.533042706685695,2133.1875,medium
36,female,159,52,7325,1172.75,20.56880661366243,1612.53125,slow
26,female,164,74,6111,1474.0,27.513384889946465,2026.75,medium
42,male,168,58,7733,1425.0,20.549886621315196,2208.75,medium
40,male,161,95,6388,1761.25,36.64982060877281,2421.71875,fast
34,male,177,55,5854,1491.25,17.555619394171533,2050.46875,medium
40,male,172,83,8488,1710.0,28.055705786911847,2650.5,fast
19,female,162,55,9695,1306.5,20.957171162932475,2025.075,medium
40,male,173,74,6991,1626.25,24.725182932941294,2236.09375,medium
33,male,169,93,8501,1826.25,32.561885088057146,2830.6875,fast
34,female,150,78,7855,1386.5,34.666666666666664,2149.0750000000003,medium
23,female,174,73,8371,1541.5,24.111507464658473,2389.3250000000003,fast
42,female,152,73,6908,1309.0,31.596260387811633,1799.875,slow
28,female,160,64,8005,1339.0,24.999999999999996,2075.4500000000003,medium
57,male,157,81,5220,1511.25,32.86137368655929,2077.96875,medium
43,female,154,49,7787,1076.5,20.66115702479339,1668.575,slow
40,male,157,61,6206,1396.25,24.747454257779218,1919.84375,slow
31,female,156,63,6018,1289.0,25.88757396449704,1772.375,slow
38,female,153,56,8234,1165.25,23.92242299970097,1806.1375,slow
37,male,175,65,8488,1563.75,21.224489795918366,2423.8125,fast
42,female,160,88,10765,1509.0,34.37499999999999,2603.025,fast
28,male,170,76,7041,1687.5,26.29757785467128,2320.3125,fast
24,male,177,59,4874,1581.25,18.832391713747644,1897.5,slow
26,male,173,70,4584,1656.25,23.38868655818771,1987.5,medium
31,female,157,56,2000,1225.25,22.7189744005842,1470.3,slow
47,male,184,75,8014,1670.0,22.152646502835537,2588.5,fast
30,female,157,56,9053,1230.25,22.7189744005842,1906.8875,slow
29,male,176,64,12447,1600.0,20.66115702479339,2760.0,fast
47,female,159,62,9733,1217.75,24.524346347059055,1887.5125,slow
46,male,163,82,3313,1613.75,30.863035868869737,1936.5,medium
29,male,167,67,5931,1573.75,24.023808670084982,2163.90625,medium
56,female,160,74,4956,1299.0,28.906249999999993,1558.8,slow
39,male,162,66,2000,1482.5,25.14860539551897,1779.0,slow
33,female,154,52,8068,1156.5,21.926125822229718,1792.575,slow
41,female,160,53,2000,1164.0,20.703124999999996,1396.8,slow
28,male,170,82,6124,1747.5,28.373702422145332,2402.8125,fast
33,male,160,74,11962,1580.0,28.906249999999993,2725.5,fast
33,female,150,51,4036,1121.5,22.666666666666668,1345.8,slow
45,male,167,54,2376,1363.75,19.362472659471475,1636.5,slow
44,male,181,63,5154,1546.25,19.230182228869694,2126.09375,medium
18,female,157,61,6206,1340.25,24.747454257779218,1842.84375,slow
36,female,155,46,4796,1087.75,19.14672216441207,1305.3,slow
44,female,163,62,5048,1257.75,23.335466144755166,1729.40625,slow
38,male,171,75,10419,1633.75,25.64891761567662,2818.21875,fast
18,female,164,75,3685,1524.0,27.885187388459254,1828.8,slow
33,female,168,71,6535,1434.0,25.15589569160998,1971.75,medium
19,male,162,83,9681,1752.5,31.626276482243554,2716.375,fast
18,female,153,53,7174,1235.25,22.64086462471699,1698.46875,slow
18,male,162,72,11174,1647.5,27.43484224965706,2841.9375,fast
41,female,153,52,8685,1110.25,22.21367849972233,1720.8875,slow
18,female,159,55,3927,1292.75,21.75546853368142,1551.3,slow
49,male,170,71,3605,1532.5,24.56747404844291,1839.0,slow
41,male,173,54,7419,1421.25,18.042701059173375,1954.21875,medium
32,female,167,48,2029,1202.75,17.21108680841909,1443.3,slow
38,male,171,61,9019,1493.75,20.86111966075032,2315.3125,fast
32,male,157,69,9333,1516.25,27.993022029291247,2350.1875,fast
43,female,150,48,6591,1041.5,21.333333333333332,1432.0625,slow
23,male,177,69,8585,1686.25,22.024322512687924,2613.6875,fast
31,male,169,74,2000,1646.25,25.909456951787405,1975.5,medium
34,female,153,58,4577,1205.25,24.77679524969029,1446.3,slow
59,male,175,64,5235,1443.75,20.897959183673468,1985.15625,medium
33,female,164,67,8062,1369.0,24.910767400356935,2121.9500000000003,medium
46,male,173,52,8487,1376.25,17.374452871796585,2133.1875,medium
46,male,158,91,3029,1672.5,36.45249158788655,2007.0,medium
31,female,170,51,11361,1256.5,17.647058823529413,2167.4625,medium
18,female,150,62,4629,1306.5,27.555555555555557,1567.8,slow
18,male,170,66,7519,1637.5,22.837370242214536,2538.125,fast
34,male,173,53,6130,1446.25,17.70857696548498,1988.59375,medium
18,male,161,69,10372,1611.25,26.61934338952972,2779.40625,fast
35,male,176,69,5187,1620.0,22.275309917355372,2227.5,medium
28,male,174,82,9104,1772.5,27.08415906989034,2747.375,fast
40,male,170,58,7499,1447.5,20.06920415224914,1990.3125,medium
29,female,164,60,3634,1319.0,22.308149910767405,1582.8,slow
36,male,165,67,8276,1526.25,24.609733700642796,2365.6875,fast
43,female,166,56,8857,1221.5,20.322252866889244,1893.325,slow
32,female,152,70,6274,1329.0,30.297783933518005,1827.375,slow
41,female,165,81,9756,1475.25,29.752066115702483,2286.6375000000003,fast
21,male,181,67,11184,1701.25,20.45114617990904,2934.65625,fast
38,female,165,72,4716,1400.25,26.44628099173554,1680.3,slow
45,female,169,45,10616,1120.25,15.75575084905991,1932.43125,medium
26,female,164,51,5471,1244.0,18.961927424152293,1710.5,slow
36,male,165,82,10673,1676.25,30.119375573921033,2891.53125,fast
32,male,172,87,9168,1790.0,29.40778799351001,2774.5,fast
32,female,150,55,9475,1166.5,24.444444444444443,1808.075,slow
48,male,167,98,2344,1788.75,35.139302233855645,2146.5,medium
34,male,166,71,6144,1582.5,25.76571345623458,2175.9375,medium
50,male,171,67,7504,1493.75,22.91303307000445,2315.3125,fast
39,male,180,71,6095,1645.0,21.91358024691358,2261.875,medium
41,female,160,49,11997,1124.0,19.140624999999996,1938.9,medium
41,female,154,61,8682,1206.5,25.72103221453871,1870.075,slow
49,male,172,80,10979,1635.0,27.041644131963228,2820.375,fast
32,female,160,59,6296,1269.0,23.046874999999996,1744.875,slow
42,male,181,46,5923,1386.25,14.041085436952473,1906.09375,slow
47,female,166,61,10314,1251.5,22.136739730004358,2158.8375,medium
49,male,169,100,3189,1816.25,35.01277966457757,2179.5,medium
42,female,153,71,7972,1295.25,30.33021487462087,2007.6375,medium
42,female,153,66,8241,1245.25,28.194284249647573,1930.1375,medium
46,female,157,74,9131,1330.25,30.021501886486266,2061.8875000000003,medium
31,male,177,73,14017,1686.25,23.301094832264035,3203.875,fast
35,male,176,80,8753,1730.0,25.826446280991735,2681.5,fast
26,male,169,49,9220,1421.25,17.15626203564301,2202.9375,medium
18,female,151,85,9230,1542.75,37.27906670760054,2391.2625000000003,fast
20,female,157,63,2915,1350.25,25.558846200657225,1620.3,slow
22,male,172,71,3197,1680.0,23.99945916711736,2016.0,medium
48,female,154,45,11237,1011.5,18.974531961544947,1744.8375,slow
39,female,160,70,5164,1344.0,27.343749999999996,1848.0,slow
36,male,171,65,5259,1543.75,22.229061933586404,2122.65625,medium
41,male,175,54,8437,1433.75,17.632653061224488,2222.3125,medium
24,male,167,81,7786,1738.75,29.043708989207214,2695.0625,fast
45,female,172,60,7438,1289.0,20.281233098972418,1772.375,slow
36,female,154,70,7305,1321.5,29.515938606847698,1817.0625,slow
32,female,163,58,8931,1277.75,21.829952199932254,1980.5125,medium
37,male,176,79,13278,1710.0,25.50361570247934,3249.0,fast
53,male,176,84,9281,1680.0,27.117768595041323,2604.0,fast
27,female,157,86,6731,1545.25,34.889853543754306,2124.71875,medium
40,male,176,70,5375,1605.0,22.59814049586777,2206.875,medium
34,female,150,69,2000,1296.5,30.666666666666668,1555.8,slow
18,female,163,58,10979,1347.75,21.829952199932254,2324.86875,fast
43,male,175,58,9312,1463.75,18.93877551020408,2268.8125,medium
41,male,174,88,5560,1767.5,29.065926806711587,2430.3125,fast
36,female,156,60,5778,1234.0,24.654832347140037,1696.75,slow
18,female,155,80,3857,1517.75,33.29864724245577,1821.3,slow
46,male,158,79,6829,1552.5,31.64556962025316,2134.6875,medium
21,male,173,96,6899,1941.25,32.075912994086,2669.21875,fast
31,female,169,58,2476,1320.25,20.307412205454995,1584.3,slow
39,male,164,53,6482,1365.0,19.705532421177875,1876.875,slow
20,male,162,76,4565,1677.5,28.959000152415786,2013.0,medium
33,male,173,69,8908,1611.25,23.054562464499313,2497.4375,fast
38,female,162,65,7908,1311.5,24.76756591982929,2032.825,medium
35,male,167,89,2404,1763.75,31.912223457277065,2116.5,medium
32,male,166,63,8669,1512.5,22.8625344752504,2344.375,fast
40,male,158,64,5387,1432.5,25.63691716071142,1969.6875,medium
37,male,175,81,6750,1723.75,26.448979591836736,2370.15625,fast
39,male,172,74,7522,1625.0,25.013520822065985,2518.75,fast
38,male,159,79,10864,1598.75,31.24876389383331,2757.84375,fast
31,female,159,71,8223,1387.75,28.084332107116012,2151.0125000000003,medium
44,male,169,80,2000,1641.25,28.01022373166206,1969.5,medium
23,female,156,82,8203,1519.0,33.694937541091385,2354.4500000000003,fast
20,male,173,76,5146,1746.25,25.393431120318084,2401.09375,fast
37,female,163,58,5900,1252.75,21.829952199932254,1722.53125,slow
26,male,165,64,7283,1546.25,23.507805325987146,2126.09375,medium
48,male,163,66,11134,1443.75,24.840980089578082,2490.46875,fast
27,female,171,52,9338,1292.75,17.783249546869126,2003.7625,medium
23,female,150,66,7471,1321.5,29.333333333333332,1817.0625,slow
47,female,150,50,9513,1041.5,22.22222222222222,1614.325,slow
58,male,174,45,6714,1252.5,14.863258026159334,1722.1875,slow
24,female,165,63,3210,1380.25,23.140495867768596,1656.3,slow
28,male,185,51,8634,1531.25,14.901387874360847,2373.4375,fast
25,male,169,62,8053,1556.25,21.707923392038097,2412.1875,fast
44,female,169,64,6968,1315.25,22.40817898532965,1808.46875,slow
50,female,166,53,13024,1156.5,19.233560749020178,2197.35,medium
57,female,158,68,9876,1221.5,27.239224483255885,1893.325,slow
30,male,170,81,7355,1727.5,28.027681660899656,2375.3125,fast
27,female,158,63,7862,1321.5,25.236340330075304,2048.3250000000003,medium
32,male,173,70,7360,1626.25,23.38868655818771,2236.09375,medium
18,female,161,50,2564,1255.25,19.28937926777516,1506.3,slow
36,male,178,65,13350,1587.5,20.515086478979924,3016.25,fast
28,female,160,50,11712,1199.0,19.531249999999996,2068.275,medium
18,female,159,48,7649,1222.75,18.986590720303784,1895.2625,slow
18,male,164,73,10312,1670.0,27.141582391433676,2880.75,fast
54,male,162,82,10401,1567.5,31.24523700655387,2703.9375,fast
18,male,171,68,9351,1663.75,23.25501863821347,2578.8125,fast
32,male,168,54,9864,1435.0,19.13265306122449,2224.25,medium
28,female,161,81,6834,1515.25,31.24879441379576,2083.46875,medium
27,male,174,73,3548,1687.5,24.111507464658473,2025.0,medium
39,male,167,78,7299,1633.75,27.968016063681024,2246.40625,medium
28,female,163,62,6779,1337.75,23.335466144755166,1839.40625,slow
39,male,176,56,7521,1470.0,18.078512396694215,2278.5,fast
37,male,165,93,8498,1781.25,34.159779614325075,2760.9375,fast
20,male,182,54,3758,1582.5,16.302378939741576,1899.0,slow
33,female,167,66,10835,1377.75,23.66524436157625,2376.61875,fast
25,male,157,72,3050,1581.25,29.21010994360826,1897.5,slow
23,male,163,79,7131,1698.75,29.733900410252552,2335.78125,fast
37,female,158,55,6026,1191.5,22.031725684986377,1638.3125,slow
46,male,178,77,7916,1657.5,24.302487059714682,2569.125,fast
45,female,156,77,8824,1359.0,31.640368178829714,2106.4500000000003,medium
57,female,157,56,10156,1095.25,22.7189744005842,1889.30625,slow
50,female,157,52,8780,1090.25,21.096190514828187,1689.8875,slow
23,female,162,59,7526,1326.5,22.481329065691202,2056.0750000000003,medium
18,male,176,78,8984,1795.0,25.180785123966942,2782.25,fast
30,male,169,69,7936,1601.25,24.158817968558527,2481.9375,fast
36,female,157,45,5781,1090.25,18.25631871475516,1499.09375,slow
37,male,182,53,7193,1487.5,16.000483033450067,2045.3125,medium
31,male,179,64,9442,1608.75,19.97440779001904,2493.5625,fast
29,female,150,61,3546,1241.5,27.11111111111111,1489.8,slow
43,male,159,55,4521,1333.75,21.75546853368142,1600.5,slow
39,male,166,65,3700,1497.5,23.588329220496444,1797.0,slow
26,female,150,77,7072,1416.5,34.22222222222222,1947.6875,medium
29,male,150,72,9470,1517.5,32.0,2352.125,fast
19,female,161,73,5554,1480.25,28.162493730951734,2035.34375,medium
27,male,169,65,10659,1576.25,22.758306781975424,2719.03125,fast
38,female,155,54,7842,1157.75,22.476586888657646,1794.5125,slow
46,male,166,87,3340,1682.5,31.572071418202935,2019.0,medium
20,female,161,65,4957,1395.25,25.076193048107708,1674.3,slow
35,male,160,78,9080,1610.0,30.468749999999993,2495.5,fast
39,male,176,48,5443,1390.0,15.495867768595042,1911.25,slow
31,male,168,97,8993,1870.0,34.367913832199555,2898.5,fast
24,female,150,84,4632,1496.5,37.333333333333336,1795.8,slow
28,female,154,57,6383,1231.5,24.034407151290267,1693.3125,slow
46,female,157,55,7703,1140.25,22.313278429145196,1767.3875,slow
38,female,156,53,9354,1154.0,21.7784352399737,1788.7,slow
24,female,155,45,9929,1137.75,18.730489073881373,1763.5125,slow
49,male,155,69,4168,1418.75,28.720083246618103,1702.5,slow
26,female,164,50,4235,1234.0,18.590124925639504,1480.8,slow
32,male,171,74,5815,1653.75,25.3069320474676,2273.90625,fast
28,male,180,58,6974,1570.0,17.901234567901234,2158.75,medium
45,male,175,82,5032,1693.75,26.775510204081634,2328.90625,fast
40,male,171,53,9312,1403.75,18.125235115078144,2175.8125,medium
18,male,168,70,7398,1665.0,24.801587301587304,2289.375,fast
22,male,153,95,7994,1801.25,40.582681874492714,2791.9375,fast
18,female,152,63,11068,1329.0,27.268005540166204,2292.525,fast
44,female,162,49,9122,1121.5,18.670934308794386,1738.325,slow
18,female,156,61,5880,1334.0,25.06574621959237,1834.25,slow
42,female,165,55,3698,1210.25,20.202020202020204,1452.3,slow
20,male,177,65,6528,1661.25,20.747550193111813,2284.21875,fast
34,female,150,59,11615,1196.5,26.22222222222222,2063.9625,medium
45,male,165,53,2000,1341.25,19.467401285583104,1609.5,slow
29,male,171,81,5978,1738.75,27.70083102493075,2390.78125,fast
28,male,156,70,13026,1540.0,28.763971071663377,2926.0,fast
45,female,161,64,7982,1260.25,24.690405462752206,1953.3875,medium
35,female,155,45,5541,1082.75,18.730489073881373,1488.78125,slow
35,male,173,77,8563,1681.25,25.727555214006482,2605.9375,fast
42,female,165,59,9601,1250.25,21.6712580348944,1937.8875,medium
33,male,186,65,4320,1652.5,18.78829922534397,1983.0,medium
48,female,150,80,8766,1336.5,35.55555555555556,2071.5750000000003,medium
48,female,154,62,6638,1181.5,26.14268848035082,1624.5625,slow
32,female,158,62,7187,1286.5,24.83576349943919,1768.9375,slow
18,male,176,58,5419,1595.0,18.72417355371901,2193.125,medium
29,female,165,70,6850,1425.25,25.71166207529844,1959.71875,medium
54,female,155,56,9353,1097.75,23.309053069719038,1701.5125,slow
35,male,169,100,4174,1886.25,35.01277966457757,2263.5,medium
22,male,169,58,5730,1531.25,20.307412205454995,2105.46875,medium
38,male,166,56,11884,1412.5,20.322252866889244,2436.5625,fast
31,male,169,59,6153,1496.25,20.65754000210077,2057.34375,medium
33,female,153,55,6018,1180.25,23.49523687470631,1622.84375,slow
21,female,151,60,9385,1277.75,26.314635323012148,1980.5125,medium
38,male,173,73,10223,1626.25,24.3910588392529,2805.28125,fast
36,male,169,87,8512,1751.25,30.461118308182492,2714.4375,fast
33,male,168,55,5179,1440.0,19.48696145124717,1980.0,medium
30,female,160,45,5408,1139.0,17.578124999999996,1566.125,slow
19,female,160,93,10473,1674.0,36.32812499999999,2887.65,fast
18,female,154,72,8643,1431.5,30.35925113847192,2218.8250000000003,medium
50,male,167,61,9739,1408.75,21.872422819032593,2183.5625,medium
30,male,151,74,3310,1538.75,32.45471689838165,1846.5,slow
38,female,161,65,8281,1305.25,25.076193048107708,2023.1375,medium
60,male,169,74,4207,1501.25,25.909456951787405,1801.5,slow
54,female,150,54,7397,1046.5,24.0,1438.9375,slow
53,male,170,94,5139,1742.5,32.52595155709343,2395.9375,fast
42,female,152,54,5957,1119.0,23.372576177285318,1538.625,slow
41,female,154,83,6153,1426.5,34.99747006240513,1961.4375,medium
28,female,153,69,7418,1345.25,29.475842624631554,1849.71875,slow
32,male,164,78,6410,1650.0,29.000594883997625,2268.75,medium
42,female,153,64,7070,1225.25,27.339911999658252,1684.71875,slow
29,male,172,69,6018,1625.0,23.323418063818284,2234.375,medium
41,male,185,62,8330,1576.25,18.115412710007302,2443.1875,fast
46,male,164,63,4359,1430.0,23.423557406305775,1716.0,slow
42,male,162,72,3566,1527.5,27.43484224965706,1833.0,slow
40,female,156,68,5630,1294.0,27.94214332675871,1779.25,slow
39,male,162,83,6547,1652.5,31.626276482243554,2272.1875,fast
37,female,157,61,10398,1245.25,24.747454257779218,2148.05625,medium
18,female,159,56,6437,1302.75,22.151022507021082,1791.28125,slow
36,female,155,62,4229,1247.75,25.806451612903224,1497.3,slow
53,female,150,85,9392,1361.5,37.77777777777778,2110.3250000000003,medium
34,male,157,61,9619,1426.25,24.747454257779218,2210.6875,medium
45,female,172,58,2014,1269.0,19.60519199567334,1522.8,slow
34,male,170,68,8871,1577.5,23.529411764705884,2445.125,fast
45,male,164,64,8983,1445.0,23.795359904818564,2239.75,medium
33,male,156,59,3992,1405.0,24.243918474687703,1686.0,slow
45,female,155,74,6196,1322.75,30.80124869927159,1818.78125,slow
24,male,174,57,9527,1542.5,18.826793499801823,2390.875,fast
30,female,161,74,6385,1435.25,28.54828131630724,1973.46875,medium
35,female,164,55,7966,1239.0,20.449137418203453,1920.45,slow
47,male,165,92,10348,1721.25,33.792470156106525,2969.15625,fast
20,female,154,49,8505,1191.5,20.66115702479339,1846.825,slow
31,male,160,63,7477,1480.0,24.609374999999996,2035.0,medium
35,female,175,49,6184,1247.75,16.0,1715.65625,slow
18,female,160,58,5306,1329.0,22.656249999999996,1827.375,slow
49,male,171,72,6092,1548.75,24.622960911049557,2129.53125,medium
30,female,175,60,10407,1382.75,19.591836734693878,2385.24375,fast
60,female,168,76,10468,1349.0,26.92743764172336,2327.025,fast
35,male,165,89,3912,1751.25,32.690541781450875,2101.5,medium
18,female,157,65,6560,1380.25,26.370238143535232,1897.84375,slow
38,female,168,60,8514,1299.0,21.258503401360546,2013.45,medium
27,male,182,66,8803,1667.5,19.925129815239703,2584.625,fast
35,female,171,54,7048,1272.75,18.467220683287167,1750.03125,slow
42,female,166,70,6225,1366.5,25.402816083611555,1878.9375,slow
28,male,168,89,3408,1805.0,31.533446712018144,2166.0,medium
48,female,163,47,9197,1087.75,17.68978885166924,1686.0125,slow
47,male,158,67,6721,1427.5,26.83864765261977,1962.8125,medium
40,male,177,89,7971,1801.25,28.40818411056848,2791.9375,fast
19,female,172,45,5578,1269.0,15.210924824229314,1744.875,slow
31,male,167,87,6778,1763.75,31.1950948402596,2425.15625,fast
59,male,169,83,5031,1596.25,29.060607121599386,2194.84375,medium
18,female,155,54,9195,1257.75,22.476586888657646,1949.5125,medium
30,female,166,69,5788,1416.5,25.039918710988534,1947.6875,medium
44,female,161,60,7486,1225.25,23.147255121330193,1684.71875,slow
22,male,177,58,4313,1581.25,18.513198633853616,1897.5,slow
30,male,177,56,5495,1521.25,17.87481247406556,2091.71875,medium
50,female,154,75,7962,1301.5,31.624219935908247,2017.325,medium
48,female,155,48,6453,1047.75,19.979188345473464,1440.65625,slow
52,female,166,56,4402,1176.5,20.322252866889244,1411.8,slow
22,female,157,75,4914,1460.25,30.427197857925268,1752.3,slow
41,female,171,58,9649,1282.75,19.835162956123252,1988.2625,medium
39,female,161,64,4880,1290.25,24.690405462752206,1548.3,slow
46,male,178,84,8365,1727.5,26.511804065143288,2677.625,fast
45,female,162,71,9541,1336.5,27.053802773967377,2071.5750000000003,medium
39,male,158,58,7756,1377.5,23.233456176894723,2135.125,medium
18,female,160,48,7851,1229.0,18.749999999999996,1904.95,slow
38,male,175,74,2000,1648.75,24.163265306122447,1978.5,medium
32,male,176,85,7235,1795.0,27.44059917355372,2468.125,fast
39,female,161,68,7201,1330.25,26.23355580417422,1829.09375,slow
35,female,157,64,6487,1285.25,25.96454217209623,1767.21875,slow
23,male,171,87,7203,1828.75,29.75274443418488,2514.53125,fast
21,male,169,71,6843,1666.25,24.859073561850078,2291.09375,fast
19,female,164,82,9158,1589.0,30.487804878048784,2462.9500000000003,fast
18,male,167,90,7362,1858.75,32.2707877657858,2555.78125,fast
37,female,153,75,3290,1360.25,32.038959374599514,1632.3,slow
27,male,160,68,6344,1550.0,26.562499999999996,2131.25,medium
36,female,162,60,6556,1271.5,22.86236854138088,1748.3125,slow
36,female,150,65,7265,1246.5,28.88888888888889,1713.9375,slow
33,female,158,45,9556,1111.5,18.02595737862522,1722.825,slow
26,male,174,75,2000,1712.5,24.772096710265558,2055.0,medium
27,male,180,73,9712,1725.0,22.530864197530864,2673.75,fast
41,female,167,72,9756,1397.75,25.816630212628635,2166.5125000000003,medium
30,female,150,75,4855,1376.5,33.333333333333336,1651.8,slow
32,female,157,83,4535,1490.25,33.6727656294373,1788.3,slow
43,female,150,47,8947,1031.5,20.88888888888889,1598.825,slow
33,female,164,67,6393,1369.0,24.910767400356935,1882.375,slow
51,male,171,91,6513,1728.75,31.120686707020965,2377.03125,fast
49,male,160,88,10846,1640.0,34.37499999999999,2829.0,fast
45,female,158,53,9889,1131.5,21.230572023714146,1753.825,slow
25,male,155,81,4438,1658.75,33.71488033298647,1990.5,medium
30,female,174,72,6546,1496.5,23.781212841854934,2057.6875,medium
30,male,172,66,11527,1590.0,22.30935640886966,2742.75,fast
29,male,176,87,10469,1830.0,28.08626033057851,3156.75,fast
42,female,161,61,6723,1245.25,23.533042706685695,1712.21875,slow
26,female,160,61,3832,1319.0,23.828124999999996,1582.8,slow
52,female,151,54,4698,1062.75,23.683171790710933,1275.3,slow
34,female,164,65,7664,1344.0,24.167162403331353,2083.2000000000003,medium
29,male,163,78,4544,1658.75,29.357521924046825,1990.5,medium
52,male,176,57,9872,1415.0,18.401342975206614,2193.25,medium
42,male,173,65,7045,1526.25,21.71806608974573,2098.59375,medium
30,female,155,56,9858,1217.75,23.309053069719038,1887.5125,slow
35,female,150,75,8592,1351.5,33.333333333333336,2094.8250000000003,medium
38,male,171,72,7671,1603.75,24.622960911049557,2485.8125,fast
29,male,175,80,7198,1753.75,26.122448979591837,2411.40625,fast
33,male,165,74,7831,1611.25,27.180899908172638,2497.4375,fast
24,female,152,46,11567,1129.0,19.909972299168974,1947.525,medium
26,male,171,58,8680,1523.75,19.835162956123252,2361.8125,fast
18,male,154,95,8766,1827.5,40.05734525215045,2832.625,fast
38,female,157,58,4438,1210.25,23.53036634346221,1452.3,slow
27,male,162,70,8269,1582.5,26.672763298277697,2452.875,fast
35,female,168,68,8256,1394.0,24.092970521541954,2160.7000000000003,medium
18,female,167,57,10424,1362.75,20.43816558499767,2350.74375,fast
24,female,152,48,12614,1149.0,20.775623268698062,2183.1,medium
21,male,172,85,3947,1825.0,28.73174689021093,2190.0,medium
27,female,156,63,5365,1309.0,25.88757396449704,1799.875,slow
39,female,157,55,7300,1175.25,22.313278429145196,1615.96875,slow
39,female,164,51,5449,1179.0,18.961927424152293,1621.125,slow
36,female,165,55,7822,1240.25,20.202020202020204,1922.3875,slow
40,female,171,68,2781,1387.75,23.25501863821347,1665.3,slow
30,male,174,82,6227,1762.5,27.08415906989034,2423.4375,fast
23,male,174,55,6749,1527.5,18.166204254194742,2100.3125,medium
42,female,169,50,4882,1185.25,17.506389832288786,1422.3,slow
39,male,164,45,9484,1285.0,16.731112433075552,1991.75,medium
35,female,158,72,10568,1371.5,28.841531805800347,2365.8375,fast
39,male,168,88,12104,1740.0,31.17913832199547,3001.5,fast
44,male,179,77,6087,1673.75,24.031709372366656,2301.40625,fast
26,female,163,45,9092,1177.75,16.937031879257784,1825.5125,slow
50,male,173,93,7707,1766.25,31.073540713020815,2737.6875,fast
39,male,169,75,6928,1616.25,26.25958474843318,2222.34375,medium
52,male,162,70,7349,1457.5,26.672763298277697,2004.0625,medium
49,female,157,45,5827,1025.25,18.25631871475516,1409.71875,slow
36,male,164,64,6465,1490.0,23.795359904818564,2048.75,medium
30,female,169,60,9566,1345.25,21.007667798746546,2085.1375000000003,medium
37,female,164,58,9919,1259.0,21.564544913741823,1951.45,medium
40,male,179,58,9931,1503.75,18.101807059704754,2330.8125,fast
42,female,150,66,7385,1226.5,29.333333333333332,1686.4375,slow
45,female,171,53,9502,1212.75,18.125235115078144,1879.7625,slow
25,male,176,84,7162,1820.0,27.117768595041323,2502.5,fast
45,male,169,86,6821,1696.25,30.110990511536716,2332.34375,fast
32,male,186,83,5829,1837.5,23.991212856977683,2526.5625,fast
18,female,154,59,9164,1301.5,24.87771968291449,2017.325,medium
23,female,153,52,9621,1200.25,22.21367849972233,1860.3875,slow
47,male,170,62,6841,1452.5,21.453287197231838,1997.1875,medium
23,female,170,45,6037,1236.5,15.570934256055365,1700.1875,slow
34,male,172,72,10867,1630.0,24.337479718766904,2811.75,fast
18,male,164,67,5810,1610.0,24.910767400356935,2213.75,medium
27,male,150,68,7374,1487.5,30.22222222222222,2045.3125,medium
29,male,175,74,3036,1693.75,24.163265306122447,2032.5,medium
18,female,155,59,7212,1307.75,24.55775234131113,1798.15625,slow
19,male,164,74,8669,1675.0,27.513384889946465,2596.25,fast
24,male,174,93,6056,1902.5,30.71739992072929,2615.9375,fast
35,female,159,66,11029,1317.75,26.106562240417702,2273.11875,fast
19,male,180,96,11357,1995.0,29.629629629629626,3441.375,fast
38,male,175,77,3631,1678.75,25.142857142857142,2014.5,medium
41,female,159,53,3339,1157.75,20.964360587002094,1389.3,slow
30,female,153,61,8841,1255.25,26.05835362467427,1945.6375,medium
40,female,157,48,10703,1100.25,19.473406629072173,1897.93125,slow
25,female,157,61,9138,1305.25,24.747454257779218,2023.1375,medium
31,male,169,84,8238,1746.25,29.410734918245165,2706.6875,fast
23,male,167,86,6289,1793.75,30.83653053175087,2466.40625,fast
42,male,173,90,8551,1776.25,30.071168431955627,2753.1875,fast
38,female,150,54,10448,1126.5,24.0,1943.2125,medium
60,male,171,82,8804,1593.75,28.042816593139772,2470.3125,fast
18,female,157,56,7794,1290.25,22.7189744005842,1999.8875,medium
40,female,160,68,5463,1319.0,26.562499999999996,1813.625,slow
50,male,168,53,7838,1335.0,18.77834467120182,2069.25,medium
33,male,170,68,10293,1582.5,23.529411764705884,2729.8125,fast
45,male,157,73,7291,1491.25,29.61580591504726,2050.46875,medium
29,female,150,59,6300,1221.5,26.22222222222222,1679.5625,slow
35,male,174,71,2642,1627.5,23.450918219051392,1953.0,medium
38,female,158,72,10927,1356.5,28.841531805800347,2339.9625,fast
27,male,161,72,10310,1596.25,27.776706145596233,2753.53125,fast
43,female,159,46,5002,1077.75,18.19548277362446,1481.90625,slow
25,female,166,67,5481,1421.5,24.31412396574249,1954.5625,medium
22,female,170,56,10499,1351.5,19.377162629757787,2331.3375,fast
40,male,171,74,7969,1613.75,25.3069320474676,2501.3125,fast
32,female,159,45,8479,1122.75,17.799928800284796,1740.2625,slow
38,female,169,46,13300,1165.25,16.105878645705683,2213.975,medium
18,female,158,70,7155,1436.5,28.040378144528116,1975.1875,medium
38,female,165,69,8712,1370.25,25.344352617079892,2123.8875000000003,medium
51,male,166,66,6793,1447.5,23.95122659311947,1990.3125,medium
54,male,172,60,5374,1410.0,20.281233098972418,1938.75,medium
27,male,170,78,7824,1712.5,26.989619377162633,2654.375,fast
47,female,158,70,2000,1291.5,28.040378144528116,1549.8,slow
46,female,163,54,10505,1167.75,20.32443825510934,2014.36875,medium
37,male,170,75,8754,1632.5,25.95155709342561,2530.375,fast
27,male,162,79,13204,1672.5,30.102118579484827,3177.75,fast
41,male,164,82,6012,1645.0,30.487804878048784,2261.875,medium
34,female,159,76,4218,1422.75,30.062101973814325,1707.3,slow
29,male,164,71,7321,1595.0,26.397977394408095,2193.125,medium
25,male,169,60,6467,1536.25,21.007667798746546,2112.34375,medium
47,female,150,60,7048,1141.5,26.666666666666668,1569.5625,slow
25,female,171,56,4212,1342.75,19.15119181970521,1611.3,slow
35,male,162,64,8715,1482.5,24.38652644413961,2297.875,fast
33,female,167,83,12068,1547.75,29.760837606224676,2669.86875,fast
39,male,166,52,8577,1367.5,18.870663376397157,2119.625,medium
25,male,174,69,2685,1657.5,22.79032897344431,1989.0,medium
28,male,175,71,9416,1668.75,23.183673469387756,2586.5625,fast
18,female,155,63,4980,1347.75,26.22268470343392,1617.3,slow
50,male,167,80,7823,1598.75,28.685144680698485,2478.0625,fast
38,female,162,62,9729,1281.5,23.624447492760247,1986.325,medium
38,male,176,95,5902,1865.0,30.668904958677686,2564.375,fast
31,female,157,53,6536,1195.25,21.50188648626719,1643.46875,slow
30,female,152,53,4964,1169.0,22.939750692520775,1402.8,slow
44,male,176,81,8432,1695.0,26.149276859504134,2627.25,fast
43,male,178,67,3862,1572.5,21.146319909102385,1887.0,slow
33,male,160,68,8620,1520.0,26.562499999999996,2356.0,fast
26,female,166,73,4439,1476.5,26.491508201480624,1771.8,slow
30,male,167,73,3463,1628.75,26.175194521137367,1954.5,medium
45,female,155,51,7870,1092.75,21.227887617065555,1693.7625,slow
26,female,173,68,8805,1470.25,22.720438370810918,2278.8875000000003,fast
31,male,166,77,6651,1657.5,27.94309769197271,2279.0625,fast
48,male,168,72,7553,1535.0,25.510204081632658,2379.25,fast
40,male,172,84,8502,1720.0,28.393726338561386,2666.0,fast
44,male,171,65,9915,1503.75,22.229061933586404,2330.8125,fast
33,male,174,79,7607,1717.5,26.09327520147972,2662.125,fast
23,female,161,45,8706,1180.25,17.360441340997646,1829.3875,slow
41,female,150,68,9627,1251.5,30.22222222222222,1939.825,medium
34,female,158,45,4994,1106.5,18.02595737862522,1327.8,slow
27,female,157,66,5776,1345.25,26.775934114974238,1849.71875,slow
28,female,162,52,4935,1231.5,19.81405273586343,1477.8,slow
45,female,171,53,2500,1212.75,18.125235115078144,1455.3,slow
18,male,169,67,7055,1641.25,23.458562375266975,2256.71875,medium
46,female,161,74,10655,1355.25,28.54828131630724,2337.80625,fast
27,male,182,84,9520,1847.5,25.359256128486894,2863.625,fast
25,female,165,59,5283,1335.25,21.6712580348944,1835.96875,slow
22,male,173,76,8394,1736.25,25.393431120318084,2691.1875,fast
25,male,166,75,6310,1667.5,27.21730294672667,2292.8125,fast
19,male,168,79,12013,1750.0,27.99036281179139,3018.75,fast
28,female,172,77,6036,1544.0,26.027582477014604,2123.0,medium
25,female,158,51,7414,1211.5,20.429418362441915,1665.8125,slow
28,female,154,53,10851,1191.5,22.34778208804183,2055.3375,medium
22,male,163,92,8460,1833.75,34.62682073092702,2842.3125,fast
29,female,166,65,6210,1381.5,23.588329220496444,1899.5625,slow
30,male,175,74,4057,1688.75,24.163265306122447,2026.5,medium
18,female,169,50,12725,1305.25,17.506389832288786,2479.975,fast
32,male,165,90,3950,1776.25,33.057851239669425,2131.5,medium
18,male,160,78,10154,1695.0,30.468749999999993,2923.875,fast
35,male,168,69,5319,1570.0,24.44727891156463,2158.75,medium
31,female,159,68,9551,1357.75,26.897670187097027,2104.5125000000003,medium
30,female,165,59,8539,1310.25,21.6712580348944,2030.8875,medium
37,female,164,56,8085,1239.0,20.820939916716245,1920.45,slow
32,female,165,60,10177,1310.25,22.03856749311295,2260.18125,medium
29,male,174,67,8974,1617.5,22.12973972783723,2507.125,fast
49,male,156,63,7264,1365.0,25.88757396449704,1876.875,slow
33,female,158,49,9605,1151.5,19.62826470116968,1784.825,slow
46,male,164,84,7803,1640.0,31.231409875074366,2542.0,fast
43,female,155,52,9171,1112.75,21.64412070759625,1724.7625,slow
20,male,179,70,10487,1723.75,21.847008520333322,2973.46875,fast
49,male,174,67,6857,1517.5,22.12973972783723,2086.5625,medium
45,female,150,71,9571,1261.5,31.555555555555557,1955.325,medium
18,male,158,55,8409,1452.5,22.031725684986377,2251.375,medium
53,male,176,70,9317,1540.0,22.59814049586777,2387.0,fast
46,female,150,64,7677,1186.5,28.444444444444443,1839.075,slow
23,male,168,70,8764,1640.0,24.801587301587304,2542.0,fast
43,female,168,84,5862,1514.0,29.761904761904766,2081.75,medium
52,female,168,59,6488,1219.0,20.904195011337873,1676.125,slow
33,male,164,82,5367,1685.0,30.487804878048784,2316.875,fast
28,female,157,66,10125,1340.25,26.775934114974238,2311.93125,fast
22,male,161,62,6684,1521.25,23.9188302920412,2091.71875,medium
42,female,156,52,10046,1124.0,21.367521367521366,1938.9,medium
40,male,172,63,4473,1510.0,21.29529475392104,1812.0,slow
39,female,164,53,10583,1199.0,19.705532421177875,2068.275,medium
30,female,162,64,2291,1341.5,24.38652644413961,1609.8,slow
29,female,174,45,9334,1231.5,14.863258026159334,1908.825,slow
38,female,157,56,9001,1190.25,22.7189744005842,1844.8875,slow
25,female,161,65,10177,1370.25,25.076193048107708,2363.68125,fast
49,female,158,59,3910,1171.5,23.634033007530842,1405.8,slow
31,male,166,66,2000,1547.5,23.95122659311947,1857.0,slow
28,male,162,90,7758,1777.5,34.293552812071326,2755.125,fast
30,female,152,71,12844,1349.0,30.730609418282548,2563.1,fast
38,female,168,45,6473,1149.0,15.94387755102041,1579.875,slow
42,female,157,77,10341,1380.25,31.238589800803275,2380.93125,fast
38,male,152,74,10857,1505.0,32.029085872576175,2596.125,fast
36,male,176,63,7132,1555.0,20.33832644628099,2138.125,medium
37,male,174,81,7402,1717.5,26.7538644470868,2361.5625,fast
45,male,165,76,6225,1571.25,27.915518824609737,2160.46875,medium
41,female,166,70,3956,1371.5,25.402816083611555,1645.8,slow
30,male,150,64,8256,1432.5,28.444444444444443,2220.375,medium
25,male,166,60,7305,1517.5,21.773842357381334,2086.5625,medium
33,female,170,54,6898,1276.5,18.68512110726644,1755.1875,slow
30,male,176,64,6182,1595.0,20.66115702479339,2193.125,medium
33,male,159,68,9270,1513.75,26.897670187097027,2346.3125,fast
36,female,155,51,7554,1137.75,21.227887617065555,1763.5125,slow
46,male,174,74,11296,1602.5,24.441802087462015,2764.3125,fast
23,female,168,68,7716,1454.0,24.092970521541954,2253.7000000000003,medium
49,male,166,74,6823,1537.5,26.854405574103644,2114.0625,medium
39,female,168,47,8139,1164.0,16.65249433106576,1804.2,slow
36,male,172,59,3497,1490.0,19.94321254732288,1788.0,slow
39,male,178,73,8712,1652.5,23.04002019946976,2561.375,fast
18,female,155,71,9407,1427.75,29.552549427679498,2213.0125000000003,medium
23,male,159,69,9798,1573.75,27.29322416043669,2439.3125,fast
34,male,172,77,6745,1680.0,26.027582477014604,2310.0,fast
18,male,168,58,4745,1545.0,20.549886621315196,1854.0,slow
42,male,171,72,3046,1583.75,24.622960911049557,1900.5,slow
53,male,164,63,2000,1395.0,23.423557406305775,1674.0,slow
22,male,167,77,7334,1708.75,27.60945175517229,2349.53125,fast
32,female,158,82,9168,1486.5,32.847300112161506,2304.0750000000003,fast
38,female,151,60,8380,1192.75,26.314635323012148,1848.7625,slow
30,female,168,50,9071,1239.0,17.71541950113379,1920.45,slow
22,male,178,87,4387,1877.5,27.458654210326976,2253.0,medium
36,male,166,70,8028,1562.5,25.402816083611555,2421.875,fast
39,male,156,79,6122,1575.0,32.462195923734384,2165.625,medium
32,female,170,57,11071,1311.5,19.723183391003463,2262.3375,medium
29,female,161,49,8341,1190.25,18.90359168241966,1844.8875,slow
30,female,169,47,8114,1215.25,16.45600644235146,1883.6375,slow
37,male,182,68,9085,1637.5,20.528921627822726,2538.125,fast
31,female,157,45,12604,1115.25,18.25631871475516,2118.975,medium
30,female,171,66,7914,1417.75,22.571047501795427,2197.5125000000003,medium
29,male,172,87,3003,1805.0,29.40778799351001,2166.0,medium
35,female,151,71,5405,1317.75,31.138985132231042,1811.90625,slow
20,male,176,55,7943,1555.0,17.75568181818182,2410.25,fast
43,male,172,74,5109,1605.0,25.013520822065985,2206.875,medium
39,male,183,76,7925,1713.75,22.694018931589476,2656.3125,fast
53,female,157,60,10642,1155.25,24.341758286340216,1992.80625,medium
46,male,170,58,8828,1417.5,20.06920415224914,2197.125,medium
36,male,176,47,6987,1395.0,15.173037190082646,1918.125,slow
23,female,153,62,4767,1300.25,26.48553974966893,1560.3,slow
30,male,167,72,6949,1618.75,25.816630212628635,2225.78125,medium
33,female,156,79,7016,1439.0,32.462195923734384,1978.625,medium
25,female,156,59,3664,1279.0,24.243918474687703,1534.8,slow
46,female,164,85,3985,1484.0,31.603212373587155,1780.8,slow
36,male,162,90,9505,1737.5,34.293552812071326,2693.125,fast
39,male,167,78,12344,1633.75,27.968016063681024,2818.21875,fast
29,male,161,66,6903,1526.25,25.461980633463213,2098.59375,medium
18,female,150,61,6664,1296.5,27.11111111111111,1782.6875,slow
30,male,160,79,8923,1645.0,30.859374999999993,2549.75,fast
28,female,161,70,8025,1405.25,27.005130974885226,2178.1375000000003,medium
40,male,184,79,8681,1745.0,23.334120982986768,2704.75,fast
23,male,162,86,10017,1762.5,32.769394909312595,3040.3125,fast
29,female,165,79,7703,1515.25,29.017447199265384,2348.6375000000003,fast
37,female,166,58,9415,1271.5,21.04804761213529,1970.825,medium
22,female,171,62,6893,1417.75,21.20310522895934,1949.40625,medium
27,male,161,70,8337,1576.25,27.005130974885226,2443.1875,fast
26,male,166,93,9740,1842.5,33.74945565394107,2855.875,fast
38,male,175,90,11014,1808.75,29.387755102040817,3120.09375,fast
29,female,158,81,9866,1491.5,32.446723281525394,2311.8250000000003,fast
41,female,150,73,3955,1301.5,32.44444444444444,1561.8,slow
43,male,172,88,8583,1745.0,29.745808545159548,2704.75,fast
52,male,163,79,10283,1553.75,29.733900410252552,2680.21875,fast
32,female,160,49,8067,1169.0,19.140624999999996,1811.95,slow
31,male,190,72,2570,1757.5,19.94459833795014,2109.0,medium
32,male,169,45,9581,1351.25,15.75575084905991,2094.4375,medium
45,male,167,89,10109,1713.75,31.912223457277065,2956.21875,fast
35,male,170,75,9645,1642.5,25.95155709342561,2545.875,fast
37,male,164,50,7404,1345.0,18.590124925639504,1849.375,slow
51,female,150,45,8604,971.5,20.0,1505.825,slow
18,female,168,58,5123,1379.0,20.549886621315196,1896.125,slow
43,male,171,61,5098,1468.75,20.86111966075032,2019.53125,medium
34,female,162,65,10577,1331.5,24.76756591982929,2296.8375,fast
47,female,165,54,5020,1175.25,19.834710743801654,1615.96875,slow
33,female,155,53,7936,1172.75,22.060353798126947,1817.7625,slow
30,male,169,72,5679,1631.25,25.209201358495854,2242.96875,medium
30,female,157,56,9443,1230.25,22.7189744005842,1906.8875,slow
29,male,180,85,9379,1835.0,26.234567901234566,2844.25,fast
29,male,171,79,6434,1718.75,27.01685988851271,2363.28125,fast
22,female,157,57,3060,1280.25,23.124670372023203,1536.3,slow
36,male,171,72,9526,1613.75,24.622960911049557,2501.3125,fast
28,male,175,91,10010,1868.75,29.714285714285715,3223.59375,fast
41,female,160,61,4411,1244.0,23.828124999999996,1492.8,slow
29,male,170,86,5572,1782.5,29.75778546712803,2450.9375,fast
29,female,155,59,4872,1252.75,24.55775234131113,1503.3,slow
36,male,159,74,9136,1558.75,29.270994027135,2416.0625,fast
26,female,164,50,9373,1234.0,18.590124925639504,1912.7,slow
47,female,160,71,11194,1314.0,27.734374999999993,2266.65,medium
30,female,152,73,5210,1369.0,31.596260387811633,1882.375,slow
42,female,154,53,8581,1121.5,22.34778208804183,1738.325,slow
32,female,171,63,6157,1377.75,21.545090797168363,1894.40625,slow
30,female,157,69,12464,1360.25,27.993022029291247,2346.43125,fast
34,female,155,48,8487,1117.75,19.979188345473464,1732.5125,slow
36,female,163,65,10585,1327.75,24.46460160337235,2290.36875,fast
28,female,150,84,8991,1476.5,37.333333333333336,2288.5750000000003,fast
32,male,158,77,3900,1602.5,30.844415958980928,1923.0,slow
35,male,166,64,10745,1507.5,23.225431847873423,2600.4375,fast
30,female,158,53,8863,1206.5,21.230572023714146,1870.075,slow
35,male,169,77,8735,1656.25,26.959840341724732,2567.1875,fast
44,male,173,83,6724,1696.25,27.732299776136855,2332.34375,fast
18,female,161,50,10138,1255.25,19.28937926777516,2165.30625,medium
48,male,174,97,9425,1822.5,32.038578411943455,2824.875,fast
26,male,166,75,10563,1662.5,27.21730294672667,2867.8125,fast
30,male,162,45,5048,1317.5,17.146776406035663,1811.5625,slow
41,female,170,56,6587,1256.5,19.377162629757787,1727.6875,slow
36,female,150,61,8335,1206.5,27.11111111111111,1870.075,slow
38,female,160,66,4664,1309.0,25.781249999999996,1570.8,slow
40,male,169,71,10783,1571.25,24.859073561850078,2710.40625,fast
21,male,165,60,2000,1531.25,22.03856749311295,1837.5,slow
28,female,164,59,2437,1314.0,21.936347412254616,1576.8,slow
40,female,169,59,5378,1285.25,20.65754000210077,1767.21875,slow
39,male,150,73,4625,1477.5,32.44444444444444,1773.0,slow
42,male,166,76,6355,1592.5,27.58020031934969,2189.6875,medium
30,female,154,56,4718,1211.5,23.61275088547816,1453.8,slow
50,male,155,80,4933,1523.75,33.29864724245577,1828.5,slow
28,male,164,74,10294,1630.0,27.513384889946465,2811.75,fast
40,male,170,71,4481,1577.5,24.56747404844291,1893.0,slow
18,female,160,73,6917,1479.0,28.515624999999993,2033.625,medium
21,male,161,51,8865,1416.25,19.675166853130666,2195.1875,medium
19,female,158,65,7244,1381.5,26.037493991347535,1899.5625,slow
30,male,172,68,10175,1610.0,22.985397512168742,2777.25,fast
38,male,161,86,9912,1681.25,33.17773234057328,2605.9375,fast
22,male,171,72,8818,1683.75,24.622960911049557,2609.8125,fast
50,male,177,54,8059,1401.25,17.236426314277505,2171.9375,medium
45,female,160,60,6780,1214.0,23.437499999999996,1669.25,slow
37,male,169,79,10352,1666.25,27.660095935016283,2874.28125,fast
50,female,155,45,6323,1007.75,18.730489073881373,1385.65625,slow
44,female,159,57,8914,1182.75,22.54657648036074,1833.2625,slow
40,male,167,76,10915,1608.75,27.250887446663558,2775.09375,fast
35,female,166,45,7490,1151.5,16.330381768036002,1583.3125,slow
41,male,170,85,10911,1712.5,29.411764705882355,2954.0625,fast
41,male,169,49,5087,1346.25,17.15626203564301,1851.09375,slow
41,male,156,74,8305,1515.0,30.407626561472714,2348.25,fast
46,female,151,67,11813,1222.75,29.384676110696898,2109.24375,medium
34,female,154,65,8929,1281.5,27.40765727778715,1986.325,medium
25,female,152,45,7866,1114.0,19.47714681440443,1726.7,slow
39,male,161,65,2868,1466.25,25.076193048107708,1759.5,slow
31,male,175,66,3756,1603.75,21.551020408163264,1924.5,medium
48,male,175,76,4878,1618.75,24.816326530612244,1942.5,medium
39,female,154,62,4120,1226.5,26.14268848035082,1471.8,slow
45,female,158,59,5920,1191.5,23.634033007530842,1638.3125,slow
33,female,158,52,7586,1181.5,20.82999519307803,1831.325,slow
34,male,171,95,10508,1853.75,32.488628979857054,3197.71875,fast
33,male,173,67,6523,1591.25,22.386314277122523,2187.96875,medium
40,male,167,66,7281,1508.75,23.66524436157625,2074.53125,medium
45,male,172,45,10231,1305.0,15.210924824229314,2251.125,medium
47,female,161,66,11501,1270.25,25.461980633463213,2191.18125,medium
33,female,160,54,5622,1214.0,21.093749999999996,1669.25,slow
32,female,150,49,4531,1106.5,21.77777777777778,1327.8,slow
39,male,183,96,5369,1913.75,28.666129176744597,2631.40625,fast
54,male,184,71,8025,1595.0,20.97117202268431,2472.25,fast
52,female,153,64,4315,1175.25,27.339911999658252,1410.3,slow
24,female,162,63,9447,1361.5,24.005486968449926,2110.3250000000003,medium
29,male,170,52,9031,1442.5,17.99307958477509,2235.875,medium
39,male,159,57,6770,1373.75,22.54657648036074,1888.90625,slow
47,male,158,85,12651,1607.5,34.049030604069856,3054.25,fast
18,female,160,74,7698,1489.0,28.906249999999993,2307.9500000000003,fast
40,female,160,75,8638,1389.0,29.296874999999993,2152.9500000000003,medium
23,female,165,48,6192,1235.25,17.63085399449036,1698.46875,slow
52,female,158,64,7332,1206.5,25.63691716071142,1658.9375,slow
18,female,164,65,8327,1424.0,24.167162403331353,2207.2000000000003,medium
33,male,167,54,7036,1423.75,19.362472659471475,1957.65625,medium
39,female,164,74,2520,1409.0,27.513384889946465,1690.8,slow
42,male,168,73,3687,1575.0,25.86451247165533,1890.0,slow
34,male,163,77,11631,1623.75,28.981143437841094,2800.96875,fast
39,female,160,69,4671,1334.0,26.953124999999996,1600.8,slow
39,female,161,45,7564,1100.25,17.360441340997646,1705.3875,slow
36,female,151,50,9114,1102.75,21.928862769176792,1709.2625,slow
45,female,150,73,10447,1281.5,32.44444444444444,2210.5875,medium
27,male,159,73,7609,1593.75,28.875440053795337,2470.3125,fast
49,male,162,64,3081,1412.5,24.38652644413961,1695.0,slow
32,female,158,90,9874,1566.5,36.05191475725044,2428.0750000000003,fast
37,male,160,74,10971,1560.0,28.906249999999993,2691.0,fast
36,female,150,65,12279,1246.5,28.88888888888889,2150.2125,medium
40,male,175,63,9827,1528.75,20.571428571428573,2369.5625,fast
29,female,170,58,2825,1336.5,20.06920415224914,1603.8,slow
43,female,150,55,7008,1111.5,24.444444444444443,1528.3125,slow
28,male,168,92,12475,1835.0,32.596371882086174,3165.375,fast
39,male,165,84,2928,1681.25,30.85399449035813,2017.5,medium
46,female,161,72,7523,1335.25,27.776706145596233,2069.6375000000003,medium
40,female,151,68,6426,1262.75,29.823253366080436,1736.28125,slow
18,female,157,73,8658,1460.25,29.61580591504726,2263.3875000000003,medium
24,male,175,78,3337,1758.75,25.46938775510204,2110.5,medium
30,female,156,60,6042,1264.0,24.654832347140037,1738.0,slow
25,female,164,85,5288,1589.0,31.603212373587155,2184.875,medium
45,male,176,57,10626,1450.0,18.401342975206614,2501.25,fast
30,female,155,45,7706,1107.75,18.730489073881373,1717.0125,slow
22,male,163,63,5385,1543.75,23.711844630960897,2122.65625,medium
21,female,157,55,5330,1265.25,22.313278429145196,1739.71875,slow
32,female,161,50,6220,1185.25,19.28937926777516,1629.71875,slow
45,female,158,63,9177,1231.5,25.236340330075304,1908.825,slow
45,female,158,45,9030,1051.5,18.02595737862522,1629.825,slow
40,female,166,62,6558,1296.5,22.49963710262738,1782.6875,slow
36,male,159,73,5013,1548.75,28.875440053795337,2129.53125,medium
35,female,156,59,9379,1229.0,24.243918474687703,1904.95,slow
26,female,158,45,7718,1146.5,18.02595737862522,1777.075,slow
30,female,163,72,4905,1427.75,27.09925100681245,1713.3,slow
18,female,160,45,7066,1199.0,17.578124999999996,1648.625,slow
31,female,158,49,7040,1161.5,19.62826470116968,1597.0625,slow
36,male,176,58,10681,1505.0,18.72417355371901,2596.125,fast
32,male,174,81,2902,1742.5,26.7538644470868,2091.0,medium
24,male,161,73,2575,1621.25,28.162493730951734,1945.5,medium
32,male,173,64,4013,1566.25,21.383941996057334,1879.5,slow
44,female,151,45,12171,1012.75,19.735976492259113,1746.99375,slow
25,male,165,89,4602,1801.25,32.690541781450875,2161.5,medium
40,female,157,49,5329,1110.25,19.879102600511175,1526.59375,slow
44,male,168,87,9539,1705.0,30.824829931972793,2642.75,fast
32,female,169,56,9029,1295.25,19.607156612163443,2007.6375,medium
46,male,171,80,6001,1643.75,27.358845456721728,2260.15625,medium
35,male,172,69,7820,1595.0,23.323418063818284,2472.25,fast
27,female,161,45,7260,1160.25,17.360441340997646,1595.34375,slow
22,male,172,58,8582,1550.0,19.60519199567334,2402.5,fast
21,female,150,70,7715,1371.5,31.11111111111111,2125.8250000000003,medium
35,female,150,54,7435,1141.5,24.0,1569.5625,slow
18,female,155,80,9814,1517.75,33.29864724245577,2352.5125000000003,fast
26,male,161,81,8304,1691.25,31.24879441379576,2621.4375,fast
38,female,159,76,8944,1402.75,30.062101973814325,2174.2625000000003,medium
26,male,169,78,6332,1711.25,27.309968138370508,2352.96875,fast
25,female,170,55,8498,1326.5,19.031141868512112,2056.0750000000003,medium
25,female,151,64,2865,1297.75,28.068944344546292,1557.3,slow
29,female,151,45,7307,1087.75,19.735976492259113,1495.65625,slow
18,female,152,65,7999,1349.0,28.133656509695292,2090.9500000000003,medium
45,female,163,78,6981,1412.75,29.357521924046825,1942.53125,medium
38,female,169,76,6786,1465.25,26.609712545078956,2014.71875,medium
50,male,188,80,3474,1730.0,22.634676324128566,2076.0,medium
30,male,162,81,10551,1677.5,30.864197530864192,2893.6875,fast
32,male,160,70,6866,1545.0,27.343749999999996,2124.375,medium
37,female,152,52,4523,1124.0,22.506925207756233,1348.8,slow
20,female,160,64,10032,1379.0,24.999999999999996,2378.775,fast
38,female,165,63,7046,1310.25,23.140495867768596,1801.59375,slow
26,female,153,61,3444,1275.25,26.05835362467427,1530.3,slow
32,male,171,67,3336,1583.75,22.91303307000445,1900.5,slow
34,male,166,79,8856,1662.5,28.668892437218755,2576.875,fast
25,male,175,60,8656,1573.75,19.591836734693878,2439.3125,fast
41,female,174,68,8012,1401.5,22.460034350640772,2172.3250000000003,medium
43,female,150,70,7480,1261.5,31.11111111111111,1734.5625,slow
30,male,166,59,7562,1482.5,21.410944984758313,2297.875,fast
32,female,161,54,3577,1225.25,20.832529609197174,1470.3,slow
47,male,177,69,6488,1566.25,22.024322512687924,2153.59375,medium
32,female,165,45,5374,1160.25,16.528925619834713,1595.34375,slow
38,male,168,53,3893,1395.0,18.77834467120182,1674.0,slow
31,male,156,69,8321,1515.0,28.353057199211044,2348.25,fast
28,male,172,62,6724,1560.0,20.9572742022715,2145.0,medium
28,female,164,56,10680,1284.0,20.820939916716245,2214.9,medium
50,female,169,60,6455,1245.25,21.007667798746546,1712.21875,slow
46,male,158,46,10614,1222.5,18.426534209261334,2108.8125,medium
50,male,164,53,9475,1310.0,19.705532421177875,2030.5,medium
48,female,161,59,2554,1195.25,22.76146753597469,1434.3,slow
50,female,151,59,9902,1122.75,25.876058067628612,1740.2625,slow
26,female,166,52,5595,1266.5,18.870663376397157,1741.4375,slow
43,female,171,55,7088,1242.75,18.80920625149619,1708.78125,slow
29,male,166,60,2000,1497.5,21.773842357381334,1797.0,slow
40,male,172,53,8692,1410.0,17.915089237425637,2185.5,medium
50,male,155,68,9329,1403.75,28.303850156087407,2175.8125,medium
21,male,165,75,10226,1681.25,27.548209366391188,2900.15625,fast
18,female,152,55,7491,1249.0,23.80540166204986,1717.375,slow
31,female,167,57,7619,1297.75,20.43816558499767,2011.5125,medium
47,male,178,77,9079,1652.5,24.302487059714682,2561.375,fast
25,female,154,53,8268,1206.5,22.34778208804183,1870.075,slow
41,female,174,76,11445,1481.5,25.102391333069097,2555.5875,fast
33,female,150,62,7538,1231.5,27.555555555555557,1908.825,slow
54,female,169,61,8111,1235.25,21.35779559539232,1914.6375,slow
19,male,162,67,8766,1592.5,25.529644871208653,2468.375,fast
49,female,166,74,7297,1371.5,26.854405574103644,1885.8125,slow
31,female,159,72,9509,1397.75,28.479886080455675,2166.5125000000003,medium
18,male,176,70,9954,1715.0,22.59814049586777,2658.25,fast
53,female,158,62,5865,1181.5,24.83576349943919,1624.5625,slow
29,male,173,75,7609,1691.25,25.05930702662969,2621.4375,fast
46,male,169,47,5540,1301.25,16.45600644235146,1789.21875,slow
39,male,162,60,5646,1422.5,22.86236854138088,1955.9375,medium
33,male,170,69,10173,1592.5,23.87543252595156,2747.0625,fast
24,female,159,45,8430,1162.75,17.799928800284796,1802.2625,slow
42,male,169,58,4695,1431.25,20.307412205454995,1717.5,slow
37,male,159,63,10088,1443.75,24.919900320398717,2490.46875,fast
31,female,167,62,4289,1347.75,22.230987127541326,1617.3,slow
28,female,155,46,4689,1127.75,19.14672216441207,1353.3,slow
27,male,165,69,4834,1591.25,25.344352617079892,1909.5,slow
31,male,172,67,9084,1595.0,22.647376960519203,2472.25,fast
54,male,173,74,8882,1556.25,24.725182932941294,2412.1875,fast
25,female,164,59,6533,1329.0,21.936347412254616,1827.375,slow
27,male,177,88,7446,1856.25,28.088991030674453,2552.34375,fast
28,male,169,61,7447,1531.25,21.35779559539232,2105.46875,medium
40,female,150,58,8681,1156.5,25.77777777777778,1792.575,slow
49,male,156,80,9959,1535.0,32.87310979618672,2379.25,fast
28,male,164,84,5603,1730.0,31.231409875074366,2378.75,fast
42,male,163,74,6636,1553.75,27.85200797922391,2136.40625,medium
37,male,163,64,5475,1478.75,24.088223117166624,2033.28125,medium
33,female,163,57,8172,1262.75,21.453573713726524,1957.2625,medium
27,female,150,45,8039,1091.5,20.0,1691.825,slow
37,female,151,51,5318,1107.75,22.367440024560327,1523.15625,slow
30,female,167,68,7907,1412.75,24.38237297859371,2189.7625000000003,medium
20,male,173,62,7455,1606.25,20.715693808680545,2208.59375,medium
34,female,169,84,9141,1565.25,29.410734918245165,2426.1375000000003,fast
38,male,170,70,10662,1577.5,24.221453287197235,2721.1875,fast
34,male,171,74,6881,1643.75,25.3069320474676,2260.15625,medium
37,male,162,80,6504,1632.5,30.48315805517451,2244.6875,medium
35,male,157,88,7616,1691.25,35.70124548663232,2621.4375,fast
24,male,162,76,8973,1657.5,28.959000152415786,2569.125,fast
31,male,170,80,2924,1712.5,27.68166089965398,2055.0,medium
43,male,172,63,7121,1495.0,21.29529475392104,2055.625,medium
32,male,172,64,3470,1560.0,21.63331530557058,1872.0,slow
55,male,166,68,6388,1447.5,24.677021338365513,1990.3125,medium
32,female,151,45,6531,1072.75,19.735976492259113,1475.03125,slow
37,female,158,83,8732,1471.5,33.247876942797625,2280.8250000000003,fast
20,male,164,58,6583,1510.0,21.564544913741823,2076.25,medium
39,male,178,72,10619,1642.5,22.724403484408533,2833.3125,fast
54,female,179,59,7763,1277.75,18.413907181423802,1980.5125,medium
44,male,171,91,7053,1763.75,31.120686707020965,2425.15625,fast
22,female,150,58,5639,1246.5,25.77777777777778,1713.9375,slow
36,male,162,50,10322,1337.5,19.05197378448407,2307.1875,fast
40,female,153,71,6543,1305.25,30.33021487462087,1794.71875,slow
45,female,165,75,6970,1395.25,27.548209366391188,1918.46875,slow
48,male,161,70,8337,1471.25,27.005130974885226,2280.4375,fast
29,female,161,82,4661,1520.25,31.634581999151262,1824.3,slow
18,female,160,45,12841,1199.0,17.578124999999996,2278.1,fast
35,female,171,64,3957,1372.75,21.887076365377382,1647.3,slow
42,female,165,48,11602,1140.25,17.63085399449036,1966.93125,medium
32,male,168,66,9215,1555.0,23.384353741496604,2410.25,fast
52,female,163,72,8690,1317.75,27.09925100681245,2042.5125,medium
35,female,154,55,4667,1176.5,23.19109461966605,1411.8,slow
33,male,169,54,8161,1436.25,18.906901018871892,2226.1875,medium
32,female,160,65,5790,1329.0,25.390624999999996,1827.375,slow
43,male,174,82,10209,1697.5,27.08415906989034,2928.1875,fast
26,male,165,65,9538,1556.25,23.875114784205696,2412.1875,fast
45,male,186,100,3619,1942.5,28.905075731298414,2331.0,fast
32,female,153,62,7566,1255.25,26.48553974966893,1945.6375,medium
26,female,150,74,8170,1386.5,32.888888888888886,2149.0750000000003,medium
22,female,160,54,7987,1269.0,21.093749999999996,1966.95,medium
36,female,154,76,10387,1381.5,32.04587620172036,2383.0875,fast
50,male,162,55,8625,1317.5,20.957171162932475,2042.125,medium
21,male,187,60,8528,1668.75,17.158054276645025,2586.5625,fast
18,male,181,77,8324,1816.25,23.503556057507403,2815.1875,fast
31,female,150,64,3446,1261.5,28.444444444444443,1513.8,slow
29,male,162,86,11846,1732.5,32.769394909312595,2988.5625,fast
50,male,160,96,5190,1715.0,37.49999999999999,2358.125,fast
32,female,150,51,9915,1126.5,22.666666666666668,1746.075,slow
37,male,179,62,6556,1558.75,19.350207546580943,2143.28125,medium
38,female,171,65,9060,1367.75,22.229061933586404,2120.0125000000003,medium
30,female,162,77,5287,1471.5,29.340039628105465,2023.3125,medium
19,male,172,76,10406,1745.0,25.689561925365066,3010.125,fast
33,female,154,58,6893,1216.5,24.456063417102378,1672.6875,slow
49,male,161,88,4655,1646.25,33.94930751128428,1975.5,medium
31,female,150,61,3738,1231.5,27.11111111111111,1477.8,slow
33,female,157,47,2000,1125.25,19.067710657633167,1350.3,slow
31,female,153,56,5836,1200.25,23.92242299970097,1650.34375,slow
18,female,166,66,12099,1446.5,23.95122659311947,2495.2125,fast
60,male,180,64,7829,1470.0,19.753086419753085,2278.5,fast
33,male,169,82,8335,1716.25,28.71047932495361,2660.1875,fast
36,female,157,72,6306,1360.25,29.21010994360826,1870.34375,slow
45,male,172,75,6212,1605.0,25.351541373715524,2206.875,medium
32,male,174,61,6591,1542.5,20.147971991015986,2120.9375,medium
44,female,163,71,3184,1347.75,26.722872520606725,1617.3,slow
36,female,160,53,2132,1189.0,20.703124999999996,1426.8,slow
20,male,153,58,12142,1441.25,24.77679524969029,2486.15625,fast
18,male,167,65,8152,1608.75,23.306680053067517,2493.5625,fast
38,female,155,67,11693,1287.75,27.887617065556707,2221.36875,medium
37,male,162,56,5573,1392.5,21.338210638622158,1914.6875,slow
32,male,176,66,5869,1605.0,21.306818181818183,2206.875,medium
18,male,178,82,8346,1847.5,25.88057063502083,2863.625,fast
32,male,170,75,6027,1657.5,25.95155709342561,2279.0625,fast
24,male,160,77,11187,1655.0,30.078124999999993,2854.875,fast
34,female,150,67,6272,1276.5,29.77777777777778,1755.1875,slow
31,male,168,94,5915,1840.0,33.30498866213152,2530.0,fast
46,female,159,64,7259,1242.75,25.315454293738377,1708.78125,slow
51,female,162,54,6287,1136.5,20.576131687242793,1562.6875,slow
35,male,156,57,6777,1375.0,23.422090729783037,1890.625,slow
45,male,177,100,8784,1886.25,31.91930798940279,2923.6875,fast
38,male,179,75,9522,1683.75,23.40750912892856,2609.8125,fast
37,male,162,75,11720,1582.5,28.577960676726104,2729.8125,fast
38,male,173,81,5608,1706.25,27.064051588760066,2346.09375,fast
27,female,150,64,3685,1281.5,28.444444444444443,1537.8,slow
53,male,170,77,5049,1572.5,26.643598615916957,2162.1875,medium
18,female,150,73,7488,1416.5,32.44444444444444,1947.6875,medium
29,male,166,62,5674,1517.5,22.49963710262738,2086.5625,medium
45,male,188,77,7960,1725.0,21.785875961973744,2673.75,fast
45,female,172,45,4425,1139.0,15.210924824229314,1366.8,slow
43,female,176,76,9567,1484.0,24.535123966942148,2300.2000000000003,fast
27,male,162,73,8763,1612.5,27.815881725346742,2499.375,fast
34,male,166,83,10457,1702.5,30.120481927710845,2936.8125,fast
31,female,152,56,4672,1194.0,24.238227146814403,1432.8,slow
41,male,174,64,9493,1527.5,21.13885585942661,2367.625,fast
41,female,157,69,10312,1305.25,27.993022029291247,2251.55625,medium
42,female,154,56,10974,1151.5,23.61275088547816,1986.3375,medium
37,female,164,63,11509,1309.0,23.423557406305775,2258.025,medium
27,female,158,59,11160,1281.5,23.634033007530842,2210.5875,medium
18,male,174,75,6789,1752.5,24.772096710265558,2409.6875,fast
45,male,163,79,8947,1588.75,29.733900410252552,2462.5625,fast
36,female,154,100,8789,1621.5,42.165626581211,2513.3250000000003,fast
35,female,160,70,4348,1364.0,27.343749999999996,1636.8,slow
28,male,169,73,11163,1651.25,25.55932915514163,2848.40625,fast
24,male,168,74,6140,1675.0,26.218820861678008,2303.125,fast
48,male,171,55,8846,1383.75,18.80920625149619,2144.8125,medium
34,female,155,72,12625,1357.75,29.968782518210194,2579.725,fast
54,male,173,69,5471,1506.25,23.054562464499313,2071.09375,medium
21,male,169,46,7242,1416.25,16.105878645705683,1947.34375,medium
32,male,174,66,11796,1592.5,21.79944510503369,2747.0625,fast
46,female,156,58,8696,1164.0,23.83300460223537,1804.2,slow
29,female,167,72,6941,1457.75,25.816630212628635,2004.40625,medium
34,female,151,49,8627,1102.75,21.490285513793253,1709.2625,slow
20,male,160,69,7098,1595.0,26.953124999999996,2193.125,medium
28,female,158,66,8284,1346.5,26.43807082198365,2087.0750000000003,medium
36,male,175,75,6940,1668.75,24.489795918367346,2294.53125,fast
35,male,165,95,7883,1811.25,34.894398530762174,2807.4375,fast
26,male,165,73,5491,1636.25,26.813590449954088,2249.84375,medium
35,female,157,55,8278,1195.25,22.313278429145196,1852.6375,slow
43,male,167,62,9279,1453.75,22.230987127541326,2253.3125,medium
19,male,176,76,7855,1770.0,24.535123966942148,2743.5,fast
27,female,150,66,8121,1301.5,29.333333333333332,2017.325,medium
34,male,168,79,8195,1675.0,27.99036281179139,2596.25,fast
40,male,168,79,7950,1645.0,27.99036281179139,2549.75,fast
44,male,167,65,6424,1478.75,23.306680053067517,2033.28125,medium
33,female,163,58,8369,1272.75,21.829952199932254,1972.7625,medium
40,male,151,59,13556,1338.75,25.876058067628612,2543.625,fast
48,male,151,90,7329,1608.75,39.471952984518225,2212.03125,medium
20,male,173,55,10491,1536.25,18.376825152861773,2650.03125,fast
44,male,158,65,5361,1422.5,26.037493991347535,1955.9375,medium
37,female,150,75,9483,1341.5,33.333333333333336,2079.3250000000003,medium
20,female,167,66,6249,1442.75,23.66524436157625,1983.78125,medium
35,male,172,93,2416,1835.0,31.435911303407252,2202.0,medium
31,male,170,69,7806,1602.5,23.87543252595156,2483.875,fast
18,male,177,65,4793,1671.25,20.747550193111813,2005.5,medium
37,male,172,57,6625,1465.0,19.2671714440238,2014.375,medium
37,female,164,52,2739,1199.0,19.333729922665082,1438.8,slow
35,male,172,67,6299,1575.0,22.647376960519203,2165.625,medium
32,male,168,85,6918,1745.0,30.116213151927443,2399.375,fast
36,female,157,52,14584,1160.25,21.096190514828187,2204.475,medium
30,female,158,46,6643,1136.5,18.426534209261334,1562.6875,slow
29,female,155,59,6414,1252.75,24.55775234131113,1722.53125,slow
38,male,151,80,13975,1558.75,35.086180430682866,2961.625,fast
38,female,166,66,12195,1346.5,23.95122659311947,2322.7125,fast
42,male,158,61,8546,1392.5,24.435186668803073,2158.375,medium
48,male,150,57,5210,1272.5,25.333333333333332,1749.6875,slow
20,female,167,68,4878,1462.75,24.38237297859371,1755.3,slow
42,female,171,54,5461,1237.75,18.467220683287167,1701.90625,slow
23,female,154,52,3972,1206.5,21.926125822229718,1447.8,slow
27,female,167,65,9784,1397.75,23.306680053067517,2166.5125000000003,medium
18,female,154,70,6789,1411.5,29.515938606847698,1940.8125,medium
39,male,176,59,9211,1500.0,19.047004132231404,2325.0,fast
18,female,156,45,6830,1174.0,18.49112426035503,1614.25,slow
35,female,151,47,11512,1077.75,20.613131003026183,1859.11875,slow
31,female,162,53,8028,1226.5,20.195092211553114,1901.075,slow
28,female,169,62,10196,1375.25,21.707923392038097,2372.30625,fast
22,female,167,70,7749,1472.75,25.099501595611173,2282.7625000000003,fast
47,male,164,70,8653,1495.0,26.026174895895306,2317.25,fast
31,male,162,76,8562,1622.5,28.959000152415786,2514.875,fast
27,male,167,57,6267,1483.75,20.43816558499767,2040.15625,medium
36,female,151,45,10436,1052.75,19.735976492259113,1815.99375,slow
34,female,166,45,13808,1156.5,16.330381768036002,2197.35,medium
46,female,164,89,8979,1524.0,33.09042236763832,2362.2000000000003,fast
45,female,150,58,5668,1131.5,25.77777777777778,1555.8125,slow
19,female,165,52,8673,1295.25,19.100091827364558,2007.6375,medium
39,male,163,67,7578,1498.75,25.21735857578381,2323.0625,fast
20,female,160,60,5214,1339.0,23.437499999999996,1841.125,slow
47,male,172,60,7048,1445.0,20.281233098972418,1986.875,medium
18,female,171,75,7439,1567.75,25.64891761567662,2155.65625,medium
49,male,167,100,8420,1803.75,35.8564308508731,2795.8125,fast
18,male,169,69,7687,1661.25,24.158817968558527,2574.9375,fast
42,male,168,64,2255,1485.0,22.67573696145125,1782.0,slow
32,female,172,64,3703,1394.0,21.63331530557058,1672.8,slow
50,male,150,78,9294,1472.5,34.666666666666664,2282.375,fast
46,female,165,63,8328,1270.25,23.140495867768596,1968.8875,medium
20,male,184,80,9615,1855.0,23.629489603024574,2875.25,fast
60,female,171,56,2798,1167.75,19.15119181970521,1401.3,slow
48,female,167,68,6378,1322.75,24.38237297859371,1818.78125,slow
34,male,172,70,7989,1610.0,23.661438615467823,2495.5,fast
18,male,173,78,9925,1776.25,26.061679307694877,2753.1875,fast
27,female,162,58,8864,1296.5,22.10028959000152,2009.575,medium
34,female,157,48,5105,1130.25,19.473406629072173,1554.09375,slow
33,female,150,73,7403,1341.5,32.44444444444444,1844.5625,slow
32,male,179,88,7711,1843.75,27.46481071127618,2857.8125,fast
51,male,165,81,7557,1591.25,29.752066115702483,2466.4375,fast
29,male,162,64,4418,1512.5,24.38652644413961,1815.0,slow
28,female,150,70,8306,1336.5,31.11111111111111,2071.5750000000003,medium
34,female,160,75,6643,1419.0,29.296874999999993,1951.125,medium
25,male,179,72,9957,1718.75,22.47120876377142,2664.0625,fast
55,male,170,85,8232,1642.5,29.411764705882355,2545.875,fast
19,male,163,66,5561,1588.75,24.840980089578082,2184.53125,medium
36,male,168,60,6935,1475.0,21.258503401360546,2028.125,medium
34,female,157,56,6709,1210.25,22.7189744005842,1664.09375,slow
40,male,179,65,8830,1573.75,20.286507911738084,2439.3125,fast
25,female,159,57,9166,1277.75,22.54657648036074,1980.5125,medium
36,female,163,51,7323,1187.75,19.195302796492154,1633.15625,slow
24,male,158,81,7897,1682.5,32.446723281525394,2607.875,fast
32,female,159,72,9022,1392.75,28.479886080455675,2158.7625000000003,medium
18,female,162,50,7829,1261.5,19.05197378448407,1955.325,medium
50,female,162,45,11321,1051.5,17.146776406035663,1813.8375,slow
42,male,161,73,2404,1531.25,28.162493730951734,1837.5,slow
38,female,161,62,9544,1275.25,23.9188302920412,1976.6375,medium
30,female,160,52,5625,1209.0,20.312499999999996,1662.375,slow
23,female,158,96,7798,1671.5,38.45537574106713,2590.8250000000003,fast
36,female,164,49,10933,1174.0,18.218322427126715,2025.15,medium
19,female,159,57,5394,1307.75,22.54657648036074,1798.15625,slow
57,female,161,45,3221,1010.25,17.360441340997646,1212.3,slow
38,female,156,73,3191,1354.0,29.996712689020377,1624.8,slow
25,female,157,68,10035,1375.25,27.587326057852245,2372.30625,fast
49,female,160,77,6120,1364.0,30.078124999999993,1875.5,slow
39,male,175,66,9143,1563.75,21.551020408163264,2423.8125,fast
20,male,169,92,13012,1881.25,32.21175729141137,3574.375,fast
25,male,167,65,2530,1573.75,23.306680053067517,1888.5,slow
31,female,170,69,9259,1436.5,23.87543252595156,2226.5750000000003,medium
55,male,180,100,4446,1855.0,30.864197530864196,2226.0,medium
49,male,166,59,8736,1387.5,21.410944984758313,2150.625,medium
29,female,169,81,6528,1560.25,28.360351528307834,2145.34375,medium
38,female,150,45,7548,1036.5,20.0,1606.575,slow
33,male,169,77,10188,1666.25,26.959840341724732,2874.28125,fast
23,male,176,68,8001,1670.0,21.952479338842977,2588.5,fast
22,female,153,47,9172,1155.25,20.07774787474903,1790.6375,slow
39,male,171,86,8593,1738.75,29.410758865975858,2695.0625,fast
44,female,152,56,7965,1129.0,24.238227146814403,1749.95,slow
18,female,154,75,7467,1461.5,31.624219935908247,2009.5625,medium
28,male,170,63,8844,1557.5,21.79930795847751,2414.125,fast
38,female,153,57,3687,1175.25,24.34960912469563,1410.3,slow
32,male,164,56,8352,1430.0,20.820939916716245,2216.5,medium
23,female,162,68,4173,1416.5,25.910684346898332,1699.8,slow
21,female,155,52,6072,1222.75,21.64412070759625,1681.28125,slow
32,female,154,57,12577,1211.5,24.034407151290267,2301.85,fast
41,female,159,65,3916,1277.75,25.71100826707804,1533.3,slow
36,female,152,47,5813,1079.0,20.342797783933516,1483.625,slow
37,male,165,58,7410,1431.25,21.30394857667585,1967.96875,medium
40,male,157,63,7366,1416.25,25.558846200657225,1947.34375,medium
38,male,167,73,3657,1588.75,26.175194521137367,1906.5,slow
51,female,150,67,6091,1191.5,29.77777777777778,1638.3125,slow
18,female,150,65,7060,1336.5,28.88888888888889,1837.6875,slow
41,female,162,63,5970,1276.5,24.005486968449926,1755.1875,slow
25,male,168,48,5489,1410.0,17.006802721088437,1938.75,medium
43,male,160,85,7246,1640.0,33.20312499999999,2255.0,medium
33,female,171,78,4313,1522.75,26.674874320303687,1827.3,slow
41,female,155,54,11647,1142.75,22.476586888657646,1971.24375,medium
24,male,175,63,6991,1608.75,20.571428571428573,2212.03125,medium
35,male,159,58,9507,1403.75,22.942130453700404,2175.8125,medium
39,male,169,58,10341,1446.25,20.307412205454995,2494.78125,fast
29,female,150,52,6272,1151.5,23.11111111111111,1583.3125,slow
44,male,167,53,4525,1358.75,19.003908350962746,1630.5,slow
37,male,166,74,7244,1597.5,26.854405574103644,2196.5625,medium
32,male,167,76,11264,1648.75,27.250887446663558,2844.09375,fast
34,female,170,66,2000,1391.5,22.837370242214536,1669.8,slow
37,male,160,83,6172,1650.0,32.42187499999999,2268.75,medium
46,male,166,97,9172,1782.5,35.20104514443316,2762.875,fast
33,female,158,55,6363,1211.5,22.031725684986377,1665.8125,slow
41,male,175,72,9723,1613.75,23.510204081632654,2501.3125,fast
31,male,174,65,8992,1587.5,21.469150482230148,2460.625,fast
31,female,157,74,6844,1405.25,30.021501886486266,1932.21875,medium
37,female,159,67,7408,1317.75,26.502116213757365,1811.90625,slow
29,female,153,67,4547,1320.25,28.621470374642232,1584.3,slow
48,male,167,75,8720,1558.75,26.89232313815483,2416.0625,fast
40,male,166,81,5888,1652.5,29.3946871824648,2272.1875,fast
30,male,163,51,9464,1383.75,19.195302796492154,2144.8125,medium
41,male,171,64,8821,1508.75,21.887076365377382,2338.5625,fast
24,male,171,98,7463,1933.75,33.51458568448412,2658.90625,fast
56,male,166,61,6068,1372.5,22.136739730004358,1887.1875,slow
42,female,164,45,3774,1104.0,16.731112433075552,1324.8,slow
47,female,155,58,2000,1152.75,24.141519250780433,1383.3,slow
29,female,153,55,5311,1200.25,23.49523687470631,1650.34375,slow
50,female,150,72,10171,1246.5,32.0,2150.2125,medium
38,female,159,77,4172,1412.75,30.457655947153988,1695.3,slow
44,female,167,74,5849,1402.75,26.533758829646096,1928.78125,medium
45,male,166,84,3892,1657.5,30.48337930033387,1989.0,medium
50,male,161,74,5708,1501.25,28.54828131630724,2064.21875,medium
18,female,154,68,2465,1391.5,28.67262607522348,1669.8,slow
38,male,167,77,11207,1628.75,27.60945175517229,2809.59375,fast
23,male,180,75,6896,1765.0,23.148148148148145,2426.875,fast
55,male,175,63,7453,1453.75,20.571428571428573,1998.90625,medium
18,male,167,48,5225,1438.75,17.21108680841909,1978.28125,medium
26,male,180,81,8801,1810.0,25.0,2805.5,fast
26,male,184,74,6061,1765.0,21.85727788279773,2426.875,fast
31,female,165,68,11043,1395.25,24.977043158861342,2406.80625,fast
37,male,186,50,14139,1482.5,14.452537865649207,2816.75,fast
32,female,167,67,4581,1392.75,24.023808670084982,1671.3,slow
41,female,156,47,11654,1079.0,19.312952005259696,1861.275,slow
42,male,173,74,7085,1616.25,24.725182932941294,2222.34375,medium
36,female,162,72,7953,1391.5,27.43484224965706,2156.8250000000003,medium
27,male,164,83,7301,1725.0,30.859607376561577,2371.875,fast
18,male,171,74,4659,1723.75,25.3069320474676,2068.5,medium
18,female,152,63,11014,1329.0,27.268005540166204,2292.525,fast
30,female,158,79,7487,1466.5,31.64556962025316,2016.4375,medium
34,male,170,61,9975,1507.5,21.107266435986162,2336.625,fast
18,female,163,57,7609,1337.75,21.453573713726524,2073.5125000000003,medium
27,female,163,56,2000,1282.75,21.077195227520797,1539.3,slow
45,female,155,51,12712,1092.75,21.227887617065555,2076.225,medium
36,male,174,64,7926,1552.5,21.13885585942661,2406.375,fast
33,female,166,45,4270,1161.5,16.330381768036002,1393.8,slow
35,male,161,60,13205,1436.25,23.147255121330193,2728.875,fast
37,male,169,100,6820,1876.25,35.01277966457757,2579.84375,fast
33,male,160,78,12305,1620.0,30.468749999999993,2794.5,fast
27,female,169,77,3544,1530.25,26.959840341724732,1836.3,slow
39,female,169,62,5567,1320.25,21.707923392038097,1815.34375,slow
30,female,165,80,4925,1520.25,29.384756657483933,1824.3,slow
20,female,163,79,9397,1547.75,29.733900410252552,2399.0125000000003,fast
38,female,150,62,9560,1206.5,27.555555555555557,1870.075,slow
37,male,160,51,3904,1330.0,19.921874999999996,1596.0,slow
27,female,153,47,12289,1130.25,20.07774787474903,1949.68125,medium
35,male,170,78,7068,1672.5,26.989619377162633,2299.6875,fast
48,female,150,65,3721,1186.5,28.88888888888889,1423.8,slow
29,male,163,75,8048,1628.75,28.228386465429637,2524.5625,fast
18,male,171,64,9696,1623.75,21.887076365377382,2516.8125,fast
45,male,167,58,7757,1403.75,20.796729893506402,2175.8125,medium
19,female,155,45,6972,1162.75,18.730489073881373,1598.78125,slow
31,female,163,67,12736,1372.75,25.21735857578381,2608.225,fast
44,female,152,58,13847,1149.0,25.10387811634349,2183.1,medium
43,male,178,56,9282,1462.5,17.67453604342886,2266.875,medium
27,female,156,78,6127,1459.0,32.05128205128205,2006.125,medium
33,male,166,72,9741,1597.5,26.1286108288576,2476.125,fast
20,female,159,63,9272,1362.75,24.919900320398717,2112.2625000000003,medium
18,female,161,60,4529,1355.25,23.147255121330193,1626.3,slow
53,female,155,54,7436,1082.75,22.476586888657646,1488.78125,slow
20,female,156,50,7818,1214.0,20.5456936226167,1881.7,slow
18,female,161,54,7902,1295.25,20.832529609197174,2007.6375,medium
43,female,168,57,5909,1244.0,20.19557823129252,1710.5,slow
39,female,150,56,12672,1141.5,24.88888888888889,2168.85,medium
35,male,173,64,9541,1551.25,21.383941996057334,2404.4375,fast
26,female,162,57,13052,1291.5,21.719250114311837,2453.85,fast
50,female,163,51,4225,1117.75,19.195302796492154,1341.3,slow
34,female,162,45,2000,1131.5,17.146776406035663,1357.8,slow
18,female,150,66,8591,1346.5,29.333333333333332,2087.0750000000003,medium
34,male,178,60,10620,1547.5,18.93700290367378,2669.4375,fast
23,male,152,67,7321,1510.0,28.999307479224377,2076.25,medium
23,female,162,72,6985,1456.5,27.43484224965706,2002.6875,medium
43,female,158,50,5409,1111.5,20.028841531805796,1528.3125,slow
53,male,179,55,9567,1408.75,17.165506694547613,2183.5625,medium
27,male,175,60,9625,1563.75,19.591836734693878,2423.8125,fast
32,male,154,80,3504,1607.5,33.732501264968796,1929.0,medium
48,female,153,64,10800,1195.25,27.339911999658252,2061.80625,medium
27,female,175,60,9093,1397.75,19.591836734693878,2166.5125000000003,medium
40,male,166,80,3282,1642.5,29.03178980984178,1971.0,medium
37,female,150,90,5335,1491.5,40.0,2050.8125,medium
31,male,166,75,12420,1637.5,27.21730294672667,2824.6875,fast
40,female,150,50,8158,1076.5,22.22222222222222,1668.575,slow
33,female,176,53,6597,1304.0,17.110020661157026,1793.0,slow
34,male,174,80,7343,1722.5,26.42356982428326,2368.4375,fast
27,female,169,54,11263,1300.25,18.906901018871892,2242.93125,medium
38,female,157,75,7802,1380.25,30.427197857925268,2139.3875000000003,medium
52,male,168,56,6247,1355.0,19.841269841269845,1863.125,slow
29,female,152,55,2000,1194.0,23.80540166204986,1432.8,slow
20,female,154,52,10532,1221.5,21.926125822229718,2107.0875,medium
24,male,166,94,8395,1862.5,34.11235302656409,2886.875,fast
50,male,168,65,7932,1455.0,23.030045351473927,2255.25,medium
33,female,159,83,4286,1497.75,32.83097978719196,1797.3,slow
41,female,158,67,9906,1291.5,26.83864765261977,2001.825,medium
43,female,159,49,10820,1107.75,19.382144693643447,1910.86875,slow
26,female,160,59,6817,1299.0,23.046874999999996,1786.125,slow
47,male,175,61,7269,1473.75,19.918367346938776,2026.40625,medium
32,female,158,69,8085,1356.5,27.639801313892,2102.5750000000003,medium
40,female,160,49,7580,1129.0,19.140624999999996,1749.95,slow
27,female,150,51,12405,1151.5,22.666666666666668,1986.3375,medium
28,male,177,78,6629,1751.25,24.897060231734173,2407.96875,fast
19,female,158,57,8433,1301.5,22.832879346258608,2017.325,medium
44,male,172,59,9521,1450.0,19.94321254732288,2247.5,medium
18,female,159,45,12960,1192.75,17.799928800284796,2266.225,medium
41,female,150,51,10666,1081.5,22.666666666666668,1865.5875,slow
25,female,170,76,9965,1536.5,26.29757785467128,2381.5750000000003,fast
31,female,163,55,4513,1252.75,20.70081674131507,1503.3,slow
37,female,169,59,6486,1300.25,20.65754000210077,1787.84375,slow
48,female,163,56,6481,1177.75,21.077195227520797,1619.40625,slow
29,female,150,65,6711,1281.5,28.88888888888889,1762.0625,slow
20,male,178,91,7226,1927.5,28.721121070571897,2650.3125,fast
42,male,170,58,3913,1437.5,20.06920415224914,1725.0,slow
60,male,179,45,7067,1273.75,14.044505477357136,1751.40625,slow
33,male,171,81,6349,1718.75,27.70083102493075,2363.28125,fast
32,female,164,78,6788,1484.0,29.000594883997625,2040.5,medium
27,male,170,67,9595,1602.5,23.18339100346021,2483.875,fast
32,female,167,66,6638,1382.75,23.66524436157625,1901.28125,slow
18,female,160,68,5700,1429.0,26.562499999999996,1964.875,medium
18,male,168,70,7263,1665.0,24.801587301587304,2289.375,fast
35,male,166,75,10220,1617.5,27.21730294672667,2790.1875,fast
30,male,181,73,4848,1716.25,22.282592106468055,2059.5,medium
31,female,156,52,5311,1179.0,21.367521367521366,1621.125,slow
22,female,159,63,6145,1352.75,24.919900320398717,1860.03125,slow
28,male,164,69,7919,1580.0,25.654372397382513,2449.0,fast
24,female,159,79,11177,1502.75,31.24876389383331,2592.24375,fast
32,male,169,67,9639,1571.25,23.458562375266975,2435.4375,fast
34,male,169,58,7448,1471.25,20.307412205454995,2022.96875,medium
30,male,169,58,6412,1491.25,20.307412205454995,2050.46875,medium
45,male,176,58,10654,1460.0,18.72417355371901,2518.5,fast
30,male,165,53,8188,1416.25,19.467401285583104,2195.1875,medium
29,female,155,64,8582,1302.75,26.638917793964616,2019.2625,medium
18,female,163,48,11017,1247.75,18.06616733787497,2152.36875,medium
26,male,162,54,8852,1427.5,20.576131687242793,2212.625,medium
53,female,160,60,10387,1174.0,23.437499999999996,2025.15,medium
35,female,155,57,9926,1202.75,23.725286160249738,1864.2625,slow
37,male,175,47,8275,1383.75,15.346938775510203,2144.8125,medium
42,male,163,99,13594,1803.75,37.26147013436712,3427.125,fast
39,male,169,80,7779,1666.25,28.01022373166206,2582.6875,fast
44,female,173,65,8646,1350.25,21.71806608974573,2092.8875000000003,medium
29,female,159,53,7388,1217.75,20.964360587002094,1674.40625,slow
42,female,157,81,10001,1420.25,32.86137368655929,2449.93125,fast
37,male,170,71,8776,1592.5,24.56747404844291,2468.375,fast
48,female,150,76,10768,1296.5,33.77777777777778,2236.4625,medium
40,male,167,54,6997,1388.75,19.362472659471475,1909.53125,slow
45,male,168,79,8836,1620.0,27.99036281179139,2511.0,fast
37,female,168,51,6882,1214.0,18.069727891156464,1669.25,slow
23,male,171,82,4816,1778.75,28.042816593139772,2134.5,medium
50,male,172,73,11536,1560.0,24.675500270416443,2691.0,fast
44,female,156,74,6526,1334.0,30.407626561472714,1834.25,slow
32,female,159,56,8038,1232.75,22.151022507021082,1910.7625,slow
40,female,150,48,5821,1056.5,21.333333333333332,1452.6875,slow
32,female,160,58,7069,1259.0,22.656249999999996,1731.125,slow
32,male,175,63,6394,1568.75,20.571428571428573,2157.03125,medium
37,female,166,61,7855,1301.5,22.136739730004358,2017.325,medium
36,male,177,86,4913,1791.25,27.450604870886398,2149.5,medium
18,male,169,86,7266,1831.25,30.110990511536716,2517.96875,fast
24,female,161,47,8143,1195.25,18.132016511708652,1852.6375,slow
31,male,155,68,4712,1498.75,28.303850156087407,1798.5,slow
36,male,166,46,2000,1322.5,16.693279140659023,1587.0,slow
32,female,163,49,5577,1187.75,18.442545824080696,1633.15625,slow
32,female,161,67,11976,1355.25,25.847768218818715,2337.80625,fast
42,male,168,91,6545,1755.0,32.242063492063494,2413.125,fast
25,male,169,58,10228,1516.25,20.307412205454995,2615.53125,fast
20,female,158,50,7370,1226.5,20.028841531805796,1686.4375,slow
39,female,160,57,6507,1214.0,22.265624999999996,1669.25,slow
41,male,158,50,6128,1287.5,20.028841531805796,1770.3125,slow
48,female,157,86,9349,1440.25,34.889853543754306,2232.3875000000003,medium
19,male,180,86,6796,1895.0,26.54320987654321,2605.625,fast
29,female,150,64,10999,1271.5,28.444444444444443,2193.3375,medium
44,male,172,78,3341,1640.0,26.365603028664147,1968.0,medium
32,female,150,66,9294,1276.5,29.333333333333332,1978.575,medium
40,male,168,85,10904,1705.0,30.116213151927443,2941.125,fast
36,male,171,57,7830,1463.75,19.493177387914233,2268.8125,medium
41,female,164,53,9299,1189.0,19.705532421177875,1842.95,slow
21,female,161,45,9205,1190.25,17.360441340997646,1844.8875,slow
24,male,178,45,7282,1447.5,14.202752177755334,1990.3125,medium
35,female,156,62,4838,1259.0,25.476660092044707,1510.8,slow
38,male,172,55,4701,1440.0,18.591130340724717,1728.0,slow
18,female,154,70,7382,1411.5,29.515938606847698,1940.8125,medium
24,female,166,67,11870,1426.5,24.31412396574249,2460.7125,fast
44,male,179,85,9119,1753.75,26.528510346119035,2718.3125,fast
18,female,152,76,10238,1459.0,32.89473684210526,2516.775,fast
18,male,180,90,5897,1940.0,27.777777777777775,2667.5,fast
30,female,161,79,6742,1485.25,30.477219243084754,2042.21875,medium
44,female,171,45,4437,1137.75,15.389350569405973,1365.3,slow
51,female,165,48,3644,1095.25,17.63085399449036,1314.3,slow
41,female,160,73,5314,1364.0,28.515624999999993,1875.5,slow
35,female,150,67,4749,1271.5,29.77777777777778,1525.8,slow
36,female,163,70,11713,1377.75,26.346494034400994,2376.61875,fast
30,female,160,68,6216,1369.0,26.562499999999996,1882.375,slow
36,female,158,58,6478,1226.5,23.233456176894723,1686.4375,slow
55,female,160,83,4574,1394.0,32.42187499999999,1672.8,slow
31,female,162,66,5713,1356.5,25.14860539551897,1865.1875,slow
52,female,151,53,5979,1052.75,23.244594535327398,1447.53125,slow
32,male,169,68,7492,1581.25,23.80869017191275,2174.21875,medium
32,female,162,65,7886,1341.5,24.76756591982929,2079.3250000000003,medium
39,female,150,45,9550,1031.5,20.0,1598.825,slow
39,female,150,72,9585,1301.5,32.0,2017.325,medium
50,female,158,83,5279,1406.5,33.247876942797625,1933.9375,medium
37,female,160,63,5902,1284.0,24.609374999999996,1765.5,slow
34,female,159,77,5666,1432.75,30.457655947153988,1970.03125,medium
51,male,162,66,3544,1422.5,25.14860539551897,1707.0,slow
39,female,158,55,4362,1181.5,22.031725684986377,1417.8,slow
34,male,161,79,7605,1631.25,30.477219243084754,2528.4375,fast
32,female,152,62,4730,1249.0,26.83518005540166,1498.8,slow
22,female,169,73,3675,1515.25,25.55932915514163,1818.3,slow
33,male,175,90,5331,1833.75,29.387755102040817,2521.40625,fast
19,female,150,53,5937,1211.5,23.555555555555557,1665.8125,slow
22,female,162,52,4973,1261.5,19.81405273586343,1513.8,slow
37,female,170,67,7278,1386.5,23.18339100346021,1906.4375,slow
29,male,179,45,7454,1428.75,14.044505477357136,1964.53125,medium
53,female,161,69,3682,1270.25,26.61934338952972,1524.3,slow
31,male,177,78,8654,1736.25,24.897060231734173,2691.1875,fast
26,male,162,87,10121,1757.5,33.15043438500228,3031.6875,fast
30,male,168,84,7499,1745.0,29.761904761904766,2399.375,fast
37,male,171,69,9581,1578.75,23.59700420642249,2447.0625,fast
48,female,150,83,7544,1366.5,36.888888888888886,2118.0750000000003,medium
26,male,175,68,7768,1648.75,22.20408163265306,2555.5625,fast
18,male,179,82,6457,1853.75,25.592209980961893,2548.90625,fast
21,female,159,51,9476,1237.75,20.17325264032277,1918.5125,slow
26,female,158,54,8755,1236.5,21.63114885435026,1916.575,slow
27,male,157,45,9316,1301.25,18.25631871475516,2016.9375,medium
25,male,177,63,8648,1616.25,20.109164033323754,2505.1875,fast
18,male,163,70,5283,1633.75,26.346494034400994,2246.40625,medium
25,male,173,45,7180,1411.25,15.035584215977813,1940.46875,medium
42,male,180,53,6448,1450.0,16.358024691358022,1993.75,medium
41,female,160,53,7805,1164.0,20.703124999999996,1804.2,slow
32,female,167,59,13360,1312.75,21.15529420201513,2494.225,fast
21,male,175,54,8675,1533.75,17.632653061224488,2377.3125,fast
40,male,173,97,11964,1856.25,32.4100370877744,3202.03125,fast
60,male,177,85,8759,1661.25,27.13141179099237,2574.9375,fast
51,female,153,45,11319,990.25,19.223375624759708,1708.18125,slow
19,male,159,53,6388,1433.75,20.964360587002094,1971.40625,medium
54,female,164,65,7521,1244.0,24.167162403331353,1928.2,medium
18,male,172,59,7655,1580.0,19.94321254732288,2449.0,fast
33,male,172,78,12926,1695.0,26.365603028664147,3220.5,fast
20,female,160,67,5767,1409.0,26.171874999999996,1937.375,medium
24,male,161,66,8220,1551.25,25.461980633463213,2404.4375,fast
44,female,153,63,4355,1205.25,26.91272587466359,1446.3,slow
38,female,172,74,8836,1464.0,25.013520822065985,2269.2000000000003,fast
34,male,163,85,6985,1703.75,31.992171327486922,2342.65625,fast
21,male,159,78,10259,1673.75,30.853209920493647,2887.21875,fast
59,male,173,59,10061,1381.25,19.713321527615356,2382.65625,fast
50,male,165,73,7598,1516.25,26.813590449954088,2350.1875,fast
39,female,151,54,6133,1127.75,23.683171790710933,1550.65625,slow
18,female,162,45,7878,1211.5,17.146776406035663,1877.825,slow
26,female,150,66,3977,1306.5,29.333333333333332,1567.8,slow
46,female,162,72,7084,1341.5,27.43484224965706,1844.5625,slow
23,female,162,72,8431,1456.5,27.43484224965706,2257.5750000000003,medium
27,female,156,58,13682,1259.0,23.83300460223537,2392.1,fast
33,male,173,66,8413,1581.25,22.052190183434128,2450.9375,fast
44,female,156,46,9852,1054.0,18.902038132807363,1633.7,slow
58,male,166,84,8194,1592.5,30.48337930033387,2468.375,fast
24,female,157,61,6822,1310.25,24.747454257779218,1801.59375,slow
50,male,180,78,5206,1660.0,24.074074074074073,2282.5,fast
29,male,173,76,9751,1701.25,25.393431120318084,2636.9375,fast
58,male,173,87,6326,1666.25,29.06879615089044,2291.09375,fast
45,male,157,79,11024,1551.25,32.049981743681286,2675.90625,fast
40,female,159,53,8817,1162.75,20.964360587002094,1802.2625,slow
36,male,174,61,5460,1522.5,20.147971991015986,2093.4375,medium
40,male,175,89,4409,1788.75,29.06122448979592,2146.5,medium
44,female,155,68,6040,1267.75,28.303850156087407,1743.15625,slow
30,female,164,50,5841,1214.0,18.590124925639504,1669.25,slow
36,female,152,58,7903,1189.0,25.10387811634349,1842.95,slow
46,female,150,45,7526,996.5,20.0,1544.575,slow
34,male,155,70,8160,1503.75,29.1363163371488,2330.8125,fast
50,female,154,57,9983,1121.5,24.034407151290267,1738.325,slow
48,male,174,81,8972,1662.5,26.7538644470868,2576.875,fast
48,female,159,45,7767,1042.75,17.799928800284796,1616.2625,slow
43,female,162,62,9630,1256.5,23.624447492760247,1947.575,medium
40,male,165,64,9360,1476.25,23.507805325987146,2288.1875,fast
33,male,160,84,11090,1680.0,32.81249999999999,2898.0,fast
33,male,182,81,10535,1787.5,24.453568409612362,3083.4375,fast
49,male,170,73,3778,1552.5,25.25951557093426,1863.0,slow
41,female,172,47,6155,1179.0,15.886965927528395,1621.125,slow
48,male,176,46,9802,1325.0,14.850206611570249,2053.75,medium
32,female,153,60,8623,1235.25,25.63116749967961,1914.6375,slow
27,male,169,45,4715,1376.25,15.75575084905991,1651.5,slow
22,female,162,75,7885,1491.5,28.577960676726104,2311.8250000000003,fast
28,female,160,51,6444,1209.0,19.921874999999996,1662.375,slow
29,female,158,62,2583,1301.5,24.83576349943919,1561.8,slow
43,male,173,75,8096,1621.25,25.05930702662969,2512.9375,fast
30,male,176,74,4317,1695.0,23.889462809917354,2034.0,medium
45,female,167,59,9419,1247.75,21.15529420201513,1934.0125,medium
24,male,182,81,15000,1832.5,24.453568409612362,3481.75,fast
29,male,173,54,7832,1481.25,18.042701059173375,2295.9375,fast
33,female,164,58,8729,1279.0,21.564544913741823,1982.45,medium
45,female,161,54,8497,1160.25,20.832529609197174,1798.3875,slow
45,male,163,69,5885,1488.75,25.970115548195267,2047.03125,medium
44,female,164,46,10465,1104.0,17.102914931588344,1904.4,slow
33,female,161,84,6402,1520.25,32.40615716986227,2090.34375,medium
29,male,175,49,6163,1443.75,16.0,1985.15625,medium
33,female,161,62,10035,1300.25,23.9188302920412,2242.93125,medium
24,female,155,76,10511,1447.75,31.63371488033298,2497.36875,fast
47,female,162,70,7746,1316.5,26.672763298277697,2040.575,medium
32,female,154,53,5435,1171.5,22.34778208804183,1610.8125,slow
49,female,163,50,5028,1112.75,18.818924310286427,1530.03125,slow
18,male,172,78,4109,1770.0,26.365603028664147,2124.0,medium
37,female,167,76,3660,1457.75,27.250887446663558,1749.3,slow
32,female,155,52,6279,1167.75,21.64412070759625,1605.65625,slow
32,male,158,75,10664,1582.5,30.043262297708697,2729.8125,fast
38,female,161,45,5743,1105.25,17.360441340997646,1519.71875,slow
28,male,174,86,8771,1812.5,28.405337561104506,2809.375,fast
44,male,176,81,7166,1695.0,26.149276859504134,2330.625,fast
30,male,162,65,5502,1517.5,24.76756591982929,2086.5625,medium
18,female,157,68,6589,1410.25,27.587326057852245,1939.09375,medium
41,male,169,76,6226,1616.25,26.609712545078956,2222.34375,medium
32,male,165,74,7665,1616.25,27.180899908172638,2505.1875,fast
41,male,166,100,6557,1837.5,36.289737262302225,2526.5625,fast
37,male,175,81,9643,1723.75,26.448979591836736,2671.8125,fast
27,male,162,59,9319,1472.5,22.481329065691202,2282.375,fast
32,female,171,73,5923,1477.75,24.96494647925858,2031.90625,medium
60,female,165,45,7313,1020.25,16.528925619834713,1402.84375,slow
46,male,174,76,7167,1622.5,25.102391333069097,2230.9375,medium
46,male,173,60,6225,1456.25,20.04744562130375,2002.34375,medium
34,male,164,61,7762,1470.0,22.679952409280194,2278.5,fast
38,female,166,60,8289,1286.5,21.773842357381334,1994.075,medium
36,female,157,70,8321,1340.25,28.398718000730252,2077.3875000000003,medium
36,female,174,55,9745,1296.5,18.166204254194742,2009.575,medium
25,male,171,64,6807,1588.75,21.887076365377382,2184.53125,medium
31,female,166,76,9354,1481.5,27.58020031934969,2296.3250000000003,fast
42,female,156,68,10208,1284.0,27.94214332675871,2214.9,medium
46,female,161,72,6207,1335.25,27.776706145596233,1835.96875,slow
47,male,169,72,8348,1546.25,25.209201358495854,2396.6875,fast
22,female,156,53,9137,1234.0,21.7784352399737,1912.7,slow
51,female,172,62,9653,1279.0,20.9572742022715,1982.45,medium
23,female,163,63,9370,1372.75,23.711844630960897,2127.7625000000003,medium
25,female,160,71,7367,1424.0,27.734374999999993,1958.0,medium
28,female,160,45,12545,1149.0,17.578124999999996,2183.1,medium
50,female,175,57,9925,1252.75,18.612244897959183,1941.7625,medium
39,female,165,74,6272,1415.25,27.180899908172638,1945.96875,medium
38,male,171,97,5937,1853.75,33.1726001162751,2548.90625,fast
49,male,175,86,10574,1713.75,28.081632653061224,2956.21875,fast
36,female,150,63,7638,1226.5,28.0,1901.075,slow
49,male,171,98,6552,1808.75,33.51458568448412,2487.03125,fast
32,male,169,75,8163,1651.25,26.25958474843318,2559.4375,fast
25,male,164,61,13024,1515.0,22.679952409280194,2878.5,fast
36,female,162,68,9277,1351.5,25.910684346898332,2094.8250000000003,medium
18,male,169,92,8579,1891.25,32.21175729141137,2931.4375,fast
32,male,166,51,8346,1392.5,18.507766003774133,2158.375,medium
26,female,165,70,9894,1440.25,25.71166207529844,2232.3875000000003,medium
26,male,157,79,9176,1646.25,32.049981743681286,2551.6875,fast
32,female,155,58,7777,1227.75,24.141519250780433,1903.0125,slow
40,female,166,82,10524,1496.5,29.757584555087824,2581.4625,fast
29,female,154,45,9124,1106.5,18.974531961544947,1715.075,slow
48,male,173,83,6276,1676.25,27.732299776136855,2304.84375,fast
27,male,174,70,5683,1657.5,23.120623596247853,2279.0625,fast
41,female,161,55,9402,1190.25,21.218317194552675,1844.8875,slow
40,male,169,54,3415,1401.25,18.906901018871892,1681.5,slow
28,female,171,74,5568,1507.75,25.3069320474676,2073.15625,medium
19,female,159,49,9239,1227.75,19.382144693643447,1903.0125,slow
28,male,165,79,5348,1686.25,29.017447199265384,2318.59375,fast
24,male,162,69,5132,1587.5,26.291723822588015,2182.8125,medium
24,female,160,65,11005,1369.0,25.390624999999996,2361.525,fast
35,female,151,67,7805,1277.75,29.384676110696898,1980.5125,medium
18,male,179,80,8802,1833.75,24.968009737523797,2842.3125,fast
25,male,167,70,10131,1623.75,25.099501595611173,2800.96875,fast
32,male,169,81,7677,1711.25,28.360351528307834,2652.4375,fast
36,female,151,71,8031,1312.75,31.138985132231042,2034.7625,medium
53,male,179,82,9489,1678.75,25.592209980961893,2602.0625,fast
38,male,165,86,14058,1706.25,31.58861340679523,3241.875,fast
18,female,162,62,3630,1381.5,23.624447492760247,1657.8,slow
42,female,152,74,7443,1319.0,32.029085872576175,1813.625,slow
38,male,161,49,5452,1311.25,18.90359168241966,1802.96875,slow
25,female,164,68,4379,1419.0,25.282569898869724,1702.8,slow
43,male,175,88,5940,1763.75,28.73469387755102,2425.15625,fast
45,male,173,65,7955,1511.25,21.71806608974573,2342.4375,fast
26,female,150,75,7438,1396.5,33.333333333333336,1920.1875,slow
18,male,178,69,5832,1717.5,21.777553339224845,2361.5625,fast
28,female,162,55,4254,1261.5,20.957171162932475,1513.8,slow
30,female,156,60,3230,1264.0,24.654832347140037,1516.8,slow
20,female,164,66,11883,1424.0,24.538964901844146,2456.4,fast
20,female,164,45,7106,1214.0,16.731112433075552,1669.25,slow
43,female,161,66,10531,1290.25,25.461980633463213,2225.68125,medium
31,male,154,91,6256,1722.5,38.370720188902006,2368.4375,fast
38,female,156,83,11365,1454.0,34.10585141354372,2508.15,fast
23,female,172,79,13185,1589.0,26.703623580313685,3019.1,fast
42,female,161,45,3941,1085.25,17.360441340997646,1302.3,slow
26,male,172,77,8412,1720.0,26.027582477014604,2666.0,fast
18,male,172,63,9663,1620.0,21.29529475392104,2511.0,fast
28,female,152,50,9273,1149.0,21.641274238227147,1780.95,slow
26,male,165,83,9144,1736.25,30.48668503213958,2691.1875,fast
43,male,181,60,2491,1521.25,18.314459265590184,1825.5,slow
26,male,172,80,9779,1750.0,27.041644131963228,2712.5,fast
18,male,154,84,7293,1717.5,35.41912632821724,2361.5625,fast
41,male,165,83,12417,1661.25,30.48668503213958,2865.65625,fast
18,male,168,63,4162,1595.0,22.321428571428577,1914.0,slow
42,male,165,68,2000,1506.25,24.977043158861342,1807.5,slow
25,female,157,49,8218,1185.25,19.879102600511175,1837.1375,slow
40,male,179,90,7174,1823.75,28.089010954714272,2507.65625,fast
43,male,157,71,6082,1481.25,28.804413972169254,2036.71875,medium
37,male,169,90,4218,1776.25,31.51150169811982,2131.5,medium
38,female,150,61,8520,1196.5,27.11111111111111,1854.575,slow
41,female,165,47,9999,1135.25,17.263544536271812,1759.6375,slow
32,male,176,78,13336,1725.0,25.180785123966942,3277.5,fast
30,male,165,45,9250,1336.25,16.528925619834713,2071.1875,medium
48,male,160,76,9054,1525.0,29.687499999999993,2363.75,fast
37,female,158,45,6261,1091.5,18.02595737862522,1500.8125,slow
55,male,168,71,10780,1490.0,25.15589569160998,2570.25,fast
31,male,168,72,4643,1620.0,25.510204081632658,1944.0,medium
26,female,159,62,6967,1322.75,24.524346347059055,1818.78125,slow
32,male,165,79,7602,1666.25,29.017447199265384,2582.6875,fast
34,female,175,50,6582,1262.75,16.3265306122449,1736.28125,slow
57,female,154,58,7370,1096.5,24.456063417102378,1507.6875,slow
31,male,165,72,10036,1601.25,26.44628099173554,2762.15625,fast
34,male,169,75,9196,1641.25,26.25958474843318,2543.9375,fast
41,male,179,72,10196,1638.75,22.47120876377142,2826.84375,fast
29,female,165,79,2000,1515.25,29.017447199265384,1818.3,slow
32,male,164,86,6342,1730.0,31.975014872099948,2378.75,fast
30,male,187,76,6993,1783.75,21.7335354170837,2452.65625,fast
37,female,151,72,13764,1317.75,31.577562387614577,2503.725,fast
36,female,158,58,4895,1226.5,23.233456176894723,1471.8,slow
25,female,153,45,11759,1120.25,19.223375624759708,1932.43125,medium
42,male,170,100,5125,1857.5,34.602076124567475,2554.0625,fast
32,female,157,73,9150,1390.25,29.61580591504726,2154.8875000000003,medium
39,male,171,72,10067,1598.75,24.622960911049557,2757.84375,fast
24,female,165,78,10802,1530.25,28.650137741046834,2639.68125,fast
37,female,150,65,11148,1241.5,28.88888888888889,2141.5875,medium
34,male,163,64,7953,1493.75,24.088223117166624,2315.3125,fast
36,male,177,61,6986,1541.25,19.4707778735357,2119.21875,medium
24,female,150,82,13790,1476.5,36.44444444444444,2805.35,fast
43,female,174,64,6436,1351.5,21.13885585942661,1858.3125,slow
39,female,167,63,6098,1317.75,22.589551436050055,1811.90625,slow
49,male,168,73,6893,1540.0,25.86451247165533,2117.5,medium
39,female,156,67,9207,1289.0,27.531229454306374,1997.95,medium
43,male,161,47,9664,1266.25,18.132016511708652,1962.6875,medium
30,female,163,61,10387,1317.75,22.95908765854944,2273.11875,fast
42,male,176,70,7297,1595.0,22.59814049586777,2193.125,medium
37,female,162,68,5379,1346.5,25.910684346898332,1851.4375,slow
31,male,170,63,7053,1542.5,21.79930795847751,2120.9375,medium
35,male,171,55,11016,1448.75,18.80920625149619,2499.09375,fast
28,male,179,61,11042,1593.75,19.038107424861895,2749.21875,fast
26,female,155,76,8520,1437.75,31.63371488033298,2228.5125000000003,medium
40,male,170,71,8211,1577.5,24.56747404844291,2445.125,fast
35,female,160,56,11918,1224.0,21.874999999999996,2111.4,medium
33,female,171,87,6032,1612.75,29.75274443418488,2217.53125,medium
33,male,162,67,8565,1522.5,25.529644871208653,2359.875,fast
18,male,172,61,10749,1600.0,20.61925365062196,2760.0,fast
28,male,176,63,8627,1595.0,20.33832644628099,2472.25,fast
41,male,163,45,6192,1268.75,16.937031879257784,1744.53125,slow
32,male,172,73,10304,1650.0,24.675500270416443,2846.25,fast
49,male,190,68,7619,1627.5,18.83656509695291,2522.625,fast
40,male,177,68,9810,1591.25,21.705129432793896,2466.4375,fast
29,male,171,54,9561,1468.75,18.467220683287167,2276.5625,fast
18,female,158,71,6710,1446.5,28.44095497516423,1988.9375,medium
39,male,175,63,9834,1533.75,20.571428571428573,2377.3125,fast
37,male,179,66,12716,1598.75,20.598608033457133,3037.625,fast
30,female,161,77,6075,1465.25,29.705644072373747,2014.71875,medium
25,male,166,93,11124,1847.5,33.74945565394107,3186.9375,fast
41,male,172,50,8282,1375.0,16.901027582477017,2131.25,medium
43,female,154,57,8883,1156.5,24.034407151290267,1792.575,slow
31,female,164,66,6536,1369.0,24.538964901844146,1882.375,slow
36,male,155,76,9935,1553.75,31.63371488033298,2408.3125,fast
30,male,186,57,8437,1587.5,16.475893166840095,2460.625,fast
18,male,162,94,7703,1867.5,35.81771071483005,2894.625,fast
21,female,152,57,7340,1254.0,24.67105263157895,1724.25,slow
43,female,166,65,3212,1311.5,23.588329220496444,1573.8,slow
40,female,150,50,6966,1076.5,22.22222222222222,1480.1875,slow
18,male,161,81,9650,1731.25,31.24879441379576,2683.4375,fast
45,male,157,65,5222,1411.25,26.370238143535232,1940.46875,medium
32,female,162,60,5190,1291.5,22.86236854138088,1775.8125,slow
41,female,163,58,7906,1232.75,21.829952199932254,1910.7625,slow
47,male,171,80,8634,1638.75,27.358845456721728,2540.0625,fast
26,male,163,71,9859,1603.75,26.722872520606725,2485.8125,fast
31,male,167,81,7902,1703.75,29.043708989207214,2640.8125,fast
20,male,168,59,9984,1545.0,20.904195011337873,2394.75,fast
18,female,153,61,6361,1315.25,26.05835362467427,1808.46875,slow
29,female,163,55,9172,1262.75,20.70081674131507,1957.2625,medium
18,female,162,55,8690,1311.5,20.957171162932475,2032.825,medium
29,female,152,47,9243,1114.0,20.342797783933516,1726.7,slow
30,male,169,70,9480,1611.25,24.508945765204302,2497.4375,fast
33,female,155,70,9798,1342.75,29.1363163371488,2081.2625000000003,medium
46,female,150,80,10936,1346.5,35.55555555555556,2322.7125,fast
39,male,174,61,7303,1507.5,20.147971991015986,2072.8125,medium
21,female,160,51,7483,1244.0,19.921874999999996,1710.5,slow
26,female,156,59,6275,1274.0,24.243918474687703,1751.75,slow
52,male,163,65,2000,1413.75,24.46460160337235,1696.5,slow
43,female,153,45,8611,1030.25,19.223375624759708,1596.8875,slow
41,male,175,79,6878,1683.75,25.79591836734694,2315.15625,fast
41,male,175,88,4950,1773.75,28.73469387755102,2128.5,medium
40,female,160,71,7827,1349.0,27.734374999999993,2090.9500000000003,medium
35,male,177,65,7126,1586.25,20.747550193111813,2181.09375,medium
40,female,162,58,5882,1231.5,22.10028959000152,1693.3125,slow
21,male,156,58,13482,1455.0,23.83300460223537,2764.5,fast
33,male,172,83,4761,1745.0,28.055705786911847,2094.0,medium
27,female,165,63,9188,1365.25,23.140495867768596,2116.1375000000003,medium
26,male,161,84,4125,1721.25,32.40615716986227,2065.5,medium
45,male,167,73,11587,1553.75,26.175194521137367,2680.21875,fast
29,female,160,63,6450,1324.0,24.609374999999996,1820.5,slow
39,female,159,65,9637,1287.75,25.71100826707804,1996.0125,medium
39,male,172,82,9054,1705.0,27.717685235262305,2642.75,fast
18,male,166,74,11480,1692.5,26.854405574103644,2919.5625,fast
42,female,173,49,10428,1200.25,16.372080590731397,2070.43125,medium
33,female,158,69,2159,1351.5,27.639801313892,1621.8,slow
32,female,157,67,5489,1330.25,27.18163008641324,1829.09375,slow
21,male,171,56,7914,1528.75,19.15119181970521,2369.5625,fast
37,male,165,71,4689,1561.25,26.07897153351699,1873.5,slow
18,male,161,77,9430,1691.25,29.705644072373747,2621.4375,fast
50,male,158,89,5203,1632.5,35.65133792661432,2244.6875,medium
41,female,170,71,9804,1406.5,24.56747404844291,2180.0750000000003,medium
49,male,181,69,7509,1581.25,21.06162815542871,2450.9375,fast
41,male,172,61,4343,1485.0,20.61925365062196,1782.0,slow
31,female,152,89,7258,1524.0,38.52146814404432,2095.5,medium
39,female,165,66,6822,1335.25,24.242424242424246,1835.96875,slow
30,female,164,59,6564,1304.0,21.936347412254616,1793.0,slow
34,female,161,60,9976,1275.25,23.147255121330193,1976.6375,medium
51,female,165,79,10312,1405.25,29.017447199265384,2424.05625,fast
23,female,165,84,6693,1595.25,30.85399449035813,2193.46875,medium
21,male,171,65,10444,1618.75,22.229061933586404,2792.34375,fast
43,male,173,77,8650,1641.25,25.727555214006482,2543.9375,fast
39,male,174,94,8946,1837.5,31.04769454353283,2848.125,fast
50,male,173,79,4807,1626.25,26.395803401383272,1951.5,medium
27,male,181,78,8225,1781.25,23.808797045267237,2760.9375,fast
37,female,167,55,7120,1247.75,19.721036967980208,1715.65625,slow
20,male,164,80,7494,1730.0,29.744199881023206,2378.75,fast
32,female,168,45,6008,1179.0,15.94387755102041,1621.125,slow
47,male,166,71,8039,1517.5,25.76571345623458,2352.125,fast
40,female,150,55,7594,1126.5,24.444444444444443,1746.075,slow
24,male,162,54,7410,1437.5,20.576131687242793,1976.5625,medium
48,female,150,57,5759,1106.5,25.333333333333332,1521.4375,slow
48,male,168,83,6581,1645.0,29.40759637188209,2261.875,medium
37,male,171,52,10733,1408.75,17.783249546869126,2430.09375,fast
19,female,160,76,8584,1504.0,29.687499999999993,2331.2000000000003,fast
18,female,158,63,2000,1366.5,25.236340330075304,1639.8,slow
27,male,167,71,10672,1623.75,25.458065904119906,2800.96875,fast
49,male,164,85,3834,1635.0,31.603212373587155,1962.0,medium
34,male,167,68,8934,1558.75,24.38237297859371,2416.0625,fast
27,female,150,74,5760,1381.5,32.888888888888886,1899.5625,slow
42,female,166,63,6928,1296.5,22.8625344752504,1782.6875,slow
37,female,159,45,8295,1097.75,17.799928800284796,1701.5125,slow
51,female,155,45,11932,1002.75,18.730489073881373,1729.74375,slow
26,female,150,46,10490,1106.5,20.444444444444443,1908.7125,slow
35,female,159,66,13781,1317.75,26.106562240417702,2503.725,fast
28,male,173,69,9285,1636.25,23.054562464499313,2536.1875,fast
40,male,164,71,8638,1540.0,26.397977394408095,2387.0,fast
42,male,175,65,12368,1538.75,21.224489795918366,2654.34375,fast
32,female,153,47,10890,1105.25,20.07774787474903,1906.55625,slow
42,male,157,76,11831,1536.25,30.832893829364274,2650.03125,fast
36,male,159,84,8999,1658.75,33.22653376053162,2571.0625,fast
22,female,168,55,7845,1329.0,19.48696145124717,2059.9500000000003,medium
24,female,157,45,10685,1150.25,18.25631871475516,1984.18125,medium
31,female,161,82,7245,1510.25,31.634581999151262,2076.59375,medium
30,male,163,80,5928,1673.75,30.11027889645828,2301.40625,fast
25,female,167,65,6089,1407.75,23.306680053067517,1935.65625,medium
20,female,158,68,9368,1406.5,27.239224483255885,2180.0750000000003,medium
23,female,161,55,6283,1280.25,21.218317194552675,1760.34375,slow
41,female,163,73,4642,1382.75,27.475629493018182,1659.3,slow
29,female,154,52,10109,1176.5,21.926125822229718,2029.4625,medium
34,male,170,70,4233,1597.5,24.221453287197235,1917.0,slow
41,male,177,61,7577,1516.25,19.4707778735357,2350.1875,fast
30,female,157,80,7677,1470.25,32.45567771512029,2278.8875000000003,fast
46,male,178,67,5138,1557.5,21.146319909102385,2141.5625,medium
34,female,152,59,5484,1209.0,25.536703601108034,1662.375,slow
18,male,164,86,7136,1800.0,31.975014872099948,2475.0,fast
36,female,155,78,8051,1407.75,32.46618106139438,2182.0125000000003,medium
35,female,159,83,5132,1487.75,32.83097978719196,2045.65625,medium
34,female,167,51,10118,1222.75,18.286779733945284,2109.24375,medium
32,female,167,56,5958,1282.75,20.07960127648894,1763.78125,slow
26,male,164,79,5469,1690.0,29.372397382510414,2323.75,fast
23,male,172,75,5789,1715.0,25.351541373715524,2358.125,fast
42,male,155,65,11276,1413.75,27.055150884495315,2438.71875,fast
29,male,161,98,9660,1846.25,37.80718336483932,2861.6875,fast
28,female,167,69,10143,1432.75,24.740937287102444,2471.49375,fast
40,male,167,74,6029,1588.75,26.533758829646096,2184.53125,medium
32,male,155,71,12680,1523.75,29.552549427679498,2895.125,fast
31,male,165,58,4395,1461.25,21.30394857667585,1753.5,slow
36,male,165,60,8373,1456.25,22.03856749311295,2257.1875,medium
37,female,168,76,10837,1464.0,26.92743764172336,2525.4,fast
24,female,160,71,12275,1429.0,27.734374999999993,2465.025,fast
35,female,171,53,8788,1262.75,18.125235115078144,1957.2625,medium
53,male,172,61,4765,1425.0,20.61925365062196,1710.0,slow
37,female,169,62,8028,1330.25,21.707923392038097,2061.8875000000003,medium
54,male,175,60,3844,1428.75,19.591836734693878,1714.5,slow
32,male,186,71,7781,1717.5,20.522603769221874,2662.125,fast
29,female,156,71,9988,1379.0,29.17488494411571,2137.4500000000003,medium
51,male,176,65,4147,1500.0,20.983987603305785,1800.0,slow
26,male,169,61,10598,1541.25,21.35779559539232,2658.65625,fast
41,female,166,50,13014,1171.5,18.144868631151112,2225.85,medium
43,male,164,78,4999,1595.0,29.000594883997625,1914.0,slow
26,female,163,54,2720,1267.75,20.32443825510934,1521.3,slow
35,male,167,79,9410,1663.75,28.326580372189753,2578.8125,fast
29,male,165,67,12677,1561.25,24.609733700642796,2966.375,fast
41,female,162,66,7248,1306.5,25.14860539551897,1796.4375,slow
46,male,166,60,7912,1412.5,21.773842357381334,2189.375,medium
38,male,166,73,9220,1582.5,26.491508201480624,2452.875,fast
43,male,168,91,12274,1750.0,32.242063492063494,3018.75,fast
28,female,175,84,6768,1632.75,27.428571428571427,2245.03125,medium
38,male,173,46,12749,1356.25,15.36970830966621,2576.875,fast
26,female,157,66,5691,1350.25,26.775934114974238,1856.59375,slow
35,male,161,75,12981,1586.25,28.93406890166274,3013.875,fast
33,male,165,73,7643,1601.25,26.813590449954088,2481.9375,fast
23,female,170,54,11338,1326.5,18.68512110726644,2288.2125,fast
30,male,160,58,9364,1435.0,22.656249999999996,2224.25,medium
44,male,169,89,5431,1731.25,31.161373901474043,2380.46875,fast
30,female,152,69,8659,1329.0,29.864958448753463,2059.9500000000003,medium
39,female,159,69,6772,1327.75,27.29322416043669,1825.65625,slow
38,male,178,80,7130,1727.5,25.24933720489837,2375.3125,fast
21,female,160,58,9003,1314.0,22.656249999999996,2036.7,medium
40,female,157,65,3639,1270.25,26.370238143535232,1524.3,slow
47,male,161,45,3978,1226.25,17.360441340997646,1471.5,slow
31,female,157,71,5231,1375.25,28.804413972169254,1890.96875,slow
18,female,158,82,9612,1556.5,32.847300112161506,2412.5750000000003,fast
36,female,163,72,9443,1397.75,27.09925100681245,2166.5125000000003,medium
42,female,165,63,12943,1290.25,23.140495867768596,2451.475,fast
38,male,176,67,7706,1585.0,21.62964876033058,2456.75,fast
44,female,167,48,7191,1142.75,17.21108680841909,1571.28125,slow
44,male,172,83,4064,1690.0,28.055705786911847,2028.0,medium
27,female,164,73,10551,1459.0,27.141582391433676,2516.775,fast
33,female,155,66,11687,1302.75,27.47138397502601,2247.24375,medium
25,male,161,60,7775,1486.25,23.147255121330193,2303.6875,fast
33,female,150,59,7445,1201.5,26.22222222222222,1652.0625,slow
35,male,175,53,11629,1453.75,17.306122448979593,2507.71875,fast
51,female,158,45,8546,1021.5,18.02595737862522,1583.325,slow
24,female,174,68,7457,1486.5,22.460034350640772,2043.9375,medium
39,male,173,67,4980,1561.25,22.386314277122523,1873.5,slow
31,female,163,72,9975,1422.75,27.09925100681245,2205.2625000000003,medium
44,female,154,63,11673,1211.5,26.564344746162927,2089.8375,medium
37,male,171,71,11028,1598.75,24.280975342840534,2757.84375,fast
37,female,161,61,6764,1270.25,23.533042706685695,1746.59375,slow
38,female,154,47,5414,1081.5,19.81784449316917,1487.0625,slow
27,male,173,95,4757,1901.25,31.741788900397605,2281.5,fast
39,female,170,60,9012,1306.5,20.761245674740486,2025.075,medium
34,female,157,71,2928,1360.25,28.804413972169254,1632.3,slow
45,female,158,62,3737,1221.5,24.83576349943919,1465.8,slow
31,male,180,77,9131,1745.0,23.76543209876543,2704.75,fast
42,male,180,75,6110,1670.0,23.148148148148145,2296.25,fast
44,male,163,77,8892,1573.75,28.981143437841094,2439.3125,fast
30,male,176,82,5334,1775.0,26.47210743801653,2440.625,fast
54,male,166,73,10421,1502.5,26.491508201480624,2591.8125,fast
19,male,161,87,7110,1786.25,33.56351992592878,2456.09375,fast
32,female,156,56,6574,1214.0,23.011176857330703,1669.25,slow
36,female,158,62,3706,1266.5,24.83576349943919,1519.8,slow
37,male,175,92,6462,1833.75,30.040816326530614,2521.40625,fast
32,female,166,67,6936,1386.5,24.31412396574249,1906.4375,slow
51,male,168,73,8061,1530.0,25.86451247165533,2371.5,fast
39,female,155,62,5932,1232.75,25.806451612903224,1695.03125,slow
26,male,171,72,10382,1663.75,24.622960911049557,2869.96875,fast
41,male,158,67,3676,1457.5,26.83864765261977,1749.0,slow
39,female,153,75,5984,1350.25,32.038959374599514,1856.59375,slow
38,female,170,75,5396,1461.5,25.95155709342561,2009.5625,medium
44,female,158,56,5132,1166.5,22.432302515622492,1603.9375,slow
40,male,172,60,8490,1480.0,20.281233098972418,2294.0,fast
29,male,166,82,6840,1717.5,29.757584555087824,2361.5625,fast
36,female,153,70,8325,1315.25,29.903028749626213,2038.6375,medium
25,female,153,56,7898,1230.25,23.92242299970097,1906.8875,slow
18,female,156,67,10427,1394.0,27.531229454306374,2404.65,fast
44,male,171,69,9952,1543.75,23.59700420642249,2392.8125,fast
28,female,157,58,6933,1260.25,23.53036634346221,1732.84375,slow
34,female,163,46,7071,1147.75,17.31341036546351,1578.15625,slow
49,male,176,81,8240,1670.0,26.149276859504134,2588.5,fast
45,male,176,86,4467,1740.0,27.763429752066116,2088.0,medium
32,female,156,63,9991,1284.0,25.88757396449704,1990.2,medium
44,male,170,82,10440,1667.5,28.373702422145332,2876.4375,fast
18,female,153,55,8626,1255.25,23.49523687470631,1945.6375,medium
29,male,170,77,7276,1692.5,26.643598615916957,2327.1875,fast
27,male,174,80,5870,1757.5,26.42356982428326,2416.5625,fast
37,male,160,56,6517,1380.0,21.874999999999996,1897.5,slow
51,female,151,73,6310,1257.75,32.01613964299811,1729.40625,slow
28,female,154,58,6283,1241.5,24.456063417102378,1707.0625,slow
30,female,150,99,7126,1616.5,44.0,2222.6875,medium
49,male,162,90,6508,1672.5,34.293552812071326,2299.6875,fast
18,female,157,71,7456,1440.25,28.804413972169254,1980.34375,medium
29,male,175,94,5380,1893.75,30.693877551020407,2603.90625,fast
34,male,183,85,6216,1828.75,25.381468541909282,2514.53125,fast
31,female,156,63,9727,1289.0,25.88757396449704,1997.95,medium
47,male,164,66,7485,1455.0,24.538964901844146,2000.625,medium
34,male,170,45,8659,1347.5,15.570934256055365,2088.625,medium
41,female,154,68,8187,1276.5,28.67262607522348,1978.575,medium
32,female,152,62,7389,1249.0,26.83518005540166,1717.375,slow
40,female,171,67,7501,1377.75,22.91303307000445,2135.5125000000003,medium
37,female,151,94,2059,1537.75,41.226262006052366,1845.3,slow
47,male,167,84,6664,1653.75,30.11940191473341,2273.90625,fast
39,male,175,62,10198,1523.75,20.244897959183675,2628.46875,fast
36,male,159,75,2000,1568.75,29.666548000474663,1882.5,slow
37,male,165,61,5460,1461.25,22.4058769513315,2009.21875,medium
47,female,166,64,8101,1281.5,23.225431847873423,1986.325,medium
23,male,164,92,5029,1835.0,34.20582986317669,2523.125,fast
32,male,162,69,5454,1547.5,26.291723822588015,2127.8125,medium
39,female,166,65,8381,1331.5,23.588329220496444,2063.8250000000003,medium
47,male,166,56,6287,1367.5,20.322252866889244,1880.3125,slow
23,male,161,77,4732,1666.25,29.705644072373747,1999.5,medium
29,female,150,64,9736,1271.5,28.444444444444443,1970.825,medium
34,female,157,45,7792,1100.25,18.25631871475516,1705.3875,slow
34,female,165,59,8877,1290.25,21.6712580348944,1999.8875,medium
27,female,159,52,10836,1217.75,20.56880661366243,2100.61875,medium
24,male,166,92,15000,1842.5,33.386558281318045,3500.75,fast
44,male,162,91,8660,1707.5,34.67459228776101,2646.625,fast
45,male,172,70,9820,1555.0,23.661438615467823,2410.25,fast
34,female,161,45,7801,1125.25,17.360441340997646,1744.1375,slow
18,female,155,45,4667,1167.75,18.730489073881373,1401.3,slow
39,female,159,82,6313,1457.75,32.4354258138523,2004.40625,medium
49,female,160,68,6278,1274.0,26.562499999999996,1751.75,slow
34,female,165,71,8687,1410.25,26.07897153351699,2185.8875000000003,medium
30,female,162,66,3923,1361.5,25.14860539551897,1633.8,slow
44,female,151,60,8314,1162.75,26.314635323012148,1802.2625,slow
18,female,167,45,6648,1242.75,16.1353938828929,1708.78125,slow
19,female,157,55,11203,1275.25,22.313278429145196,2199.80625,medium
19,male,160,50,6793,1410.0,19.531249999999996,1938.75,medium
28,male,170,78,9909,1707.5,26.989619377162633,2646.625,fast
37,female,168,60,9385,1304.0,21.258503401360546,2021.2,medium
18,male,167,77,8096,1728.75,27.60945175517229,2679.5625,fast
19,female,166,45,9418,1231.5,16.330381768036002,1908.825,slow
26,female,150,70,7703,1346.5,31.11111111111111,2087.0750000000003,medium
41,male,183,69,6859,1633.75,20.603780345785182,2246.40625,medium
34,female,164,80,9426,1494.0,29.744199881023206,2315.7000000000003,fast
28,female,162,51,4891,1221.5,19.43301326017375,1465.8,slow
29,male,171,55,8667,1478.75,18.80920625149619,2292.0625,fast
40,male,174,71,6898,1602.5,23.450918219051392,2203.4375,medium
41,male,176,82,5183,1720.0,26.47210743801653,2365.0,fast
38,male,154,72,7079,1497.5,30.35925113847192,2059.0625,medium
43,female,159,45,3291,1067.75,17.799928800284796,1281.3,slow
37,female,169,68,4978,1390.25,23.80869017191275,1668.3,slow
51,male,173,77,10097,1601.25,25.727555214006482,2762.15625,fast
39,male,156,82,6538,1605.0,33.694937541091385,2206.875,medium
41,male,174,72,6459,1607.5,23.781212841854934,2210.3125,medium
40,male,169,56,9337,1421.25,19.607156612163443,2202.9375,medium
18,male,172,80,6752,1790.0,27.041644131963228,2461.25,fast
30,male,166,72,4341,1612.5,26.1286108288576,1935.0,medium
35,female,163,71,9946,1392.75,26.722872520606725,2158.7625000000003,medium
41,female,150,60,11926,1171.5,26.666666666666668,2020.8375,medium
45,male,167,81,9171,1633.75,29.043708989207214,2532.3125,fast
35,male,167,86,8665,1733.75,30.83653053175087,2687.3125,fast
29,male,181,68,9217,1671.25,20.756387167668876,2590.4375,fast
32,male,168,86,9238,1755.0,30.470521541950117,2720.25,fast
41,male,166,51,3121,1347.5,18.507766003774133,1617.0,slow
29,male,170,52,3129,1442.5,17.99307958477509,1731.0,slow
30,female,157,45,9653,1120.25,18.25631871475516,1736.3875,slow
22,male,174,76,9016,1742.5,25.102391333069097,2700.875,fast
34,male,170,71,4287,1607.5,24.56747404844291,1929.0,medium
34,male,161,50,9605,1341.25,19.28937926777516,2078.9375,medium
26,male,181,52,5917,1526.25,15.872531363511492,2098.59375,medium
38,male,181,61,6281,1556.25,18.619700253350018,2139.84375,medium
51,male,166,67,7667,1457.5,24.31412396574249,2259.125,medium
33,female,161,60,8595,1280.25,23.147255121330193,1984.3875,medium
37,male,165,80,6476,1651.25,29.384756657483933,2270.46875,fast
32,male,167,82,7985,1708.75,29.402273297715947,2648.5625,fast
48,male,170,60,6705,1427.5,20.761245674740486,1962.8125,medium
46,female,159,75,8872,1352.75,29.666548000474663,2096.7625000000003,medium
32,female,163,63,4396,1327.75,23.711844630960897,1593.3,slow
33,male,164,76,8335,1625.0,28.256989886972047,2518.75,fast
40,female,150,45,6019,1026.5,20.0,1411.4375,slow
33,female,159,52,10472,1187.75,20.56880661366243,2048.86875,medium
34,female,150,46,6226,1066.5,20.444444444444443,1466.4375,slow
44,male,163,69,7586,1493.75,25.970115548195267,2315.3125,fast
24,male,178,81,6469,1807.5,25.5649539199596,2485.3125,fast
31,male,172,88,8627,1805.0,29.745808545159548,2797.75,fast
23,male,181,54,8432,1561.25,16.483013339031164,2419.9375,fast
50,female,163,53,9717,1137.75,19.94805976890361,1763.5125,slow
35,male,177,67,9041,1606.25,21.38593635289987,2489.6875,fast
35,male,165,78,2000,1641.25,28.650137741046834,1969.5,medium
60,female,153,68,8505,1175.25,29.04865649963689,1821.6375,slow
34,male,168,89,4690,1775.0,31.533446712018144,2130.0,medium
23,female,161,52,4155,1250.25,20.060954438486167,1500.3,slow
35,male,177,57,8207,1506.25,18.194005553959588,2334.6875,fast
21,female,156,69,5999,1399.0,28.353057199211044,1923.625,slow
28,male,164,90,3933,1790.0,33.462224866151104,2148.0,medium
33,male,167,80,11979,1683.75,28.685144680698485,2904.46875,fast
32,male,165,80,9856,1676.25,29.384756657483933,2598.1875,fast
46,male,170,79,8329,1627.5,27.33564013840831,2522.625,fast
19,male,158,67,5277,1567.5,26.83864765261977,2155.3125,medium
48,male,171,63,9960,1463.75,21.545090797168363,2268.8125,medium
38,male,163,72,4178,1553.75,27.09925100681245,1864.5,slow
32,male,179,82,7809,1783.75,25.592209980961893,2764.8125,fast
19,female,156,83,5150,1549.0,34.10585141354372,2129.875,medium
21,female,170,68,6998,1476.5,23.529411764705884,2030.1875,medium
37,female,172,82,9612,1549.0,27.717685235262305,2400.9500000000003,fast
47,female,170,57,7326,1236.5,19.723183391003463,1700.1875,slow
18,male,162,82,9690,1747.5,31.24523700655387,2708.625,fast
51,male,170,65,8202,1462.5,22.49134948096886,2266.875,medium
26,male,176,60,7917,1575.0,19.369834710743802,2441.25,fast
32,male,163,67,3786,1533.75,25.21735857578381,1840.5,slow
34,male,170,70,10044,1597.5,24.221453287197235,2755.6875,fast
33,female,155,60,8837,1242.75,24.97398543184183,1926.2625,medium
29,male,162,68,9565,1552.5,25.910684346898332,2406.375,fast
31,male,172,60,10039,1525.0,20.281233098972418,2630.625,fast
27,female,164,52,7781,1249.0,19.333729922665082,1935.95,medium
38,female,157,49,6080,1120.25,19.879102600511175,1540.34375,slow
35,female,166,71,9553,1411.5,25.76571345623458,2187.8250000000003,medium
35,female,166,45,8183,1151.5,16.330381768036002,1784.825,slow
43,female,167,84,8555,1507.75,30.11940191473341,2337.0125000000003,fast
42,female,151,61,8433,1182.75,26.753212578395683,1833.2625,slow
29,male,170,88,5716,1802.5,30.449826989619382,2478.4375,fast
43,male,169,54,6458,1386.25,18.906901018871892,1906.09375,slow
35,female,170,72,5982,1446.5,24.913494809688583,1988.9375,medium
24,male,185,91,8682,1951.25,26.588750913075234,3024.4375,fast
18,female,161,46,8428,1215.25,17.746228926353147,1883.6375,slow
22,female,152,75,2691,1429.0,32.46191135734072,1714.8,slow
24,male,171,70,2778,1653.75,23.938989774631512,1984.5,medium
21,male,164,85,6377,1775.0,31.603212373587155,2440.625,fast
48,male,158,67,13187,1422.5,26.83864765261977,2702.75,fast
23,female,155,51,8445,1202.75,21.227887617065555,1864.2625,slow
31,male,160,76,12209,1610.0,29.687499999999993,2777.25,fast
30,female,158,65,6810,1326.5,26.037493991347535,1823.9375,slow
18,female,161,75,6720,1505.25,28.93406890166274,2069.71875,medium
33,male,173,57,9631,1491.25,19.045073340238563,2311.4375,fast
30,female,173,75,3656,1520.25,25.05930702662969,1824.3,slow
23,male,167,86,8397,1793.75,30.83653053175087,2780.3125,fast
18,female,164,60,4891,1374.0,22.308149910767405,1648.8,slow
20,male,153,97,7487,1831.25,41.43705412448204,2517.96875,fast
18,female,162,45,6776,1211.5,17.146776406035663,1665.8125,slow
36,male,169,65,5828,1531.25,22.758306781975424,2105.46875,medium
33,female,174,58,2000,1341.5,19.157088122605362,1609.8,slow
18,female,164,56,2000,1334.0,20.820939916716245,1600.8,slow
26,male,180,50,4427,1500.0,15.432098765432098,1800.0,slow
46,female,160,45,4630,1059.0,17.578124999999996,1270.8,slow
36,female,160,45,6515,1109.0,17.578124999999996,1524.875,slow
19,female,152,45,5330,1144.0,19.47714681440443,1573.0,slow
31,male,174,58,3817,1517.5,19.157088122605362,1821.0,slow
18,female,159,52,2988,1262.75,20.56880661366243,1515.3,slow
18,female,163,45,8035,1217.75,16.937031879257784,1887.5125,slow
24,female,175,45,8324,1262.75,14.693877551020408,1957.2625,medium
56,male,180,63,7181,1480.0,19.444444444444443,2035.0,medium
48,female,158,58,6767,1166.5,23.233456176894723,1603.9375,slow
35,female,155,69,9375,1322.75,28.720083246618103,2050.2625000000003,medium
23,male,173,72,11695,1691.25,24.0569347455645,2917.40625,fast
42,female,154,60,7573,1191.5,25.2993759487266,1846.825,slow
37,male,166,53,6513,1387.5,19.233560749020178,1907.8125,slow
44,female,155,59,8994,1177.75,24.55775234131113,1825.5125,slow
43,female,159,50,11429,1117.75,19.77769866698311,1928.11875,medium
25,female,151,64,8698,1297.75,28.068944344546292,2011.5125,medium
38,female,165,52,3555,1200.25,19.100091827364558,1440.3,slow
49,male,172,77,9426,1605.0,26.027582477014604,2487.75,fast
20,male,184,70,8662,1755.0,20.6758034026465,2720.25,fast
20,male,165,72,5660,1656.25,26.44628099173554,2277.34375,fast
30,male,163,94,11052,1813.75,35.37957770333848,3128.71875,fast
43,female,166,52,10888,1181.5,18.870663376397157,2038.0875,medium
20,male,154,76,10109,1627.5,32.04587620172036,2807.4375,fast
27,male,166,67,5102,1577.5,24.31412396574249,2169.0625,medium
34,female,160,71,7508,1379.0,27.734374999999993,2137.4500000000003,medium
38,male,170,77,11377,1647.5,26.643598615916957,2841.9375,fast
36,male,167,69,7031,1558.75,24.740937287102444,2143.28125,medium
31,female,163,58,6983,1282.75,21.829952199932254,1763.78125,slow
41,female,164,60,8611,1259.0,22.308149910767405,1951.45,medium
41,female,162,63,11210,1276.5,24.005486968449926,2201.9625,medium
32,male,167,69,6444,1578.75,24.740937287102444,2170.78125,medium
23,male,165,57,4105,1491.25,20.936639118457304,1789.5,slow
49,female,150,59,9819,1121.5,26.22222222222222,1738.325,slow
26,male,175,81,9129,1778.75,26.448979591836736,2757.0625,fast
37,male,174,72,5087,1627.5,23.781212841854934,2237.8125,medium
35,female,154,78,2000,1406.5,32.889188733344575,1687.8,slow
23,female,165,55,8429,1305.25,20.202020202020204,2023.1375,medium
36,male,173,60,8193,1506.25,20.04744562130375,2334.6875,fast
38,male,187,78,5165,1763.75,22.305470559638533,2425.15625,fast
41,male,172,61,9843,1485.0,20.61925365062196,2301.75,fast
32,male,174,81,6421,1742.5,26.7538644470868,2395.9375,fast
37,female,163,58,7015,1252.75,21.829952199932254,1722.53125,slow
35,female,151,51,10058,1117.75,22.367440024560327,1928.11875,medium
41,female,157,78,6611,1395.25,31.64428577224228,1918.46875,slow
46,female,152,55,8810,1109.0,23.80540166204986,1718.95,slow
44,male,169,65,2955,1491.25,22.758306781975424,1789.5,slow
29,female,163,62,5072,1332.75,23.335466144755166,1832.53125,slow
25,male,175,66,7295,1633.75,21.551020408163264,2246.40625,medium
35,female,160,51,5983,1174.0,19.921874999999996,1614.25,slow
27,male,161,58,4502,1456.25,22.375679950619187,1747.5,slow
26,female,157,56,7497,1250.25,22.7189744005842,1719.09375,slow
30,female,158,58,8079,1256.5,23.233456176894723,1947.575,medium
23,female,161,71,9961,1440.25,27.390918560240728,2232.3875000000003,medium
37,female,158,71,10000,1351.5,28.44095497516423,2331.3375,fast
45,female,160,49,5298,1104.0,19.140624999999996,1518.0,slow
43,male,170,50,11867,1352.5,17.301038062283737,2333.0625,fast
41,female,162,54,8979,1186.5,20.576131687242793,1839.075,slow
49,female,163,45,5984,1062.75,16.937031879257784,1461.28125,slow
24,female,161,85,9337,1575.25,32.79194475521777,2441.6375000000003,fast
53,female,157,61,11080,1165.25,24.747454257779218,2010.05625,medium
28,male,165,57,9913,1466.25,20.936639118457304,2272.6875,fast
18,female,160,45,7812,1199.0,17.578124999999996,1858.45,slow
25,female,150,69,7735,1341.5,30.666666666666668,2079.3250000000003,medium
27,female,170,75,12204,1516.5,25.95155709342561,2615.9625,fast
40,male,178,100,7216,1917.5,31.561671506122963,2636.5625,fast
38,female,167,70,7321,1392.75,25.099501595611173,1915.03125,slow
38,male,165,63,7231,1476.25,23.140495867768596,2029.84375,medium
32,male,165,74,7723,1616.25,27.180899908172638,2505.1875,fast
45,female,150,89,8918,1441.5,39.55555555555556,2234.3250000000003,medium
21,female,167,57,7061,1347.75,20.43816558499767,1853.15625,slow
39,male,170,72,8048,1592.5,24.913494809688583,2468.375,fast
30,male,173,95,7312,1886.25,31.741788900397605,2593.59375,fast
36,female,155,57,6859,1197.75,23.725286160249738,1646.90625,slow
21,male,175,69,4101,1683.75,22.53061224489796,2020.5,medium
45,male,177,82,4133,1706.25,26.173832551310287,2047.5,medium
21,male,164,88,6991,1805.0,32.718619869125526,2481.875,fast
39,male,160,67,11307,1480.0,26.171874999999996,2553.0,fast
31,male,162,79,8146,1652.5,30.102118579484827,2561.375,fast
43,female,157,65,2691,1255.25,26.370238143535232,1506.3,slow
36,male,166,88,10470,1742.5,31.934968790825955,3005.8125,fast
44,female,158,53,9453,1136.5,21.230572023714146,1761.575,slow
32,male,152,83,5732,1625.0,35.924515235457065,2234.375,medium
35,male,177,62,8000,1556.25,19.789970953429727,2412.1875,fast
26,female,151,56,10171,1212.75,24.560326301478007,2091.99375,medium
37,female,151,50,8204,1097.75,21.928862769176792,1701.5125,slow
37,female,166,68,10176,1371.5,24.677021338365513,2365.8375,fast
23,female,163,56,8590,1302.75,21.077195227520797,2019.2625,medium
25,female,168,68,9073,1444.0,24.092970521541954,2238.2000000000003,medium
45,male,164,75,9765,1555.0,27.885187388459254,2410.25,fast
23,female,153,68,10859,1360.25,29.04865649963689,2346.43125,fast
37,male,157,69,8796,1491.25,27.993022029291247,2311.4375,fast
28,female,166,86,4829,1596.5,31.20917404557991,1915.8,slow
35,male,177,89,3478,1826.25,28.40818411056848,2191.5,medium
34,female,167,64,5192,1352.75,22.948115744558788,1860.03125,slow
26,male,170,80,5627,1737.5,27.68166089965398,2389.0625,fast
27,female,166,51,4444,1251.5,18.507766003774133,1501.8,slow
27,female,176,53,3587,1334.0,17.110020661157026,1600.8,slow
26,female,155,55,3616,1227.75,22.892819979188342,1473.3,slow
39,male,176,52,10732,1430.0,16.787190082644628,2466.75,fast
24,female,156,66,12046,1354.0,27.12031558185404,2335.65,fast
37,female,160,57,13360,1224.0,22.265624999999996,2325.6,fast
36,male,159,66,9847,1478.75,26.106562240417702,2292.0625,fast
18,male,170,67,5192,1647.5,23.18339100346021,2265.3125,medium
41,female,166,62,13688,1291.5,22.49963710262738,2453.85,fast
30,female,173,63,4047,1400.25,21.04981790236894,1680.3,slow
39,female,170,46,8782,1166.5,15.91695501730104,1808.075,slow
43,male,178,70,7487,1602.5,22.093170054286073,2203.4375,medium
39,male,170,63,7264,1502.5,21.79930795847751,2065.9375,medium
35,female,154,58,6792,1206.5,24.456063417102378,1658.9375,slow
18,male,171,56,5378,1543.75,19.15119181970521,2122.65625,medium
26,female,153,45,11525,1115.25,19.223375624759708,1923.80625,slow
37,female,156,62,9350,1249.0,25.476660092044707,1935.95,medium
30,female,154,47,9759,1121.5,19.81784449316917,1738.325,slow
18,female,150,87,11126,1556.5,38.666666666666664,2684.9625,fast
33,female,154,52,6827,1156.5,21.926125822229718,1590.1875,slow
20,female,164,63,9456,1394.0,23.423557406305775,2160.7000000000003,medium
42,male,157,63,11290,1406.25,25.558846200657225,2425.78125,fast
24,female,158,75,6785,1456.5,30.043262297708697,2002.6875,medium
51,male,169,64,8979,1446.25,22.40817898532965,2241.6875,medium
35,female,165,53,11675,1225.25,19.467401285583104,2113.55625,medium
21,female,165,51,10893,1275.25,18.73278236914601,2199.80625,medium
41,male,165,61,3285,1441.25,22.4058769513315,1729.5,slow
37,male,180,93,4593,1875.0,28.703703703703702,2250.0,medium
32,female,165,76,7225,1470.25,27.915518824609737,2021.59375,medium
27,male,188,53,5155,1575.0,14.995473064735176,2165.625,medium
25,male,163,58,9168,1478.75,21.829952199932254,2292.0625,fast
26,male,164,75,8472,1650.0,27.885187388459254,2557.5,fast
48,male,177,89,11152,1761.25,28.40818411056848,3038.15625,fast
18,male,166,76,9526,1712.5,27.58020031934969,2654.375,fast
30,female,153,57,6150,1215.25,24.34960912469563,1670.96875,slow
50,female,166,67,9824,1296.5,24.31412396574249,2009.575,medium
52,male,180,65,4722,1520.0,20.061728395061728,1824.0,slow
32,male,180,68,5255,1650.0,20.98765432098765,2268.75,medium
22,female,151,71,9232,1382.75,31.138985132231042,2143.2625000000003,medium
41,male,174,76,5370,1647.5,25.102391333069097,2265.3125,medium
19,male,175,66,2000,1663.75,21.551020408163264,1996.5,medium
32,female,154,72,8324,1361.5,30.35925113847192,2110.3250000000003,medium
26,female,156,75,11573,1434.0,30.818540433925047,2473.65,fast
32,female,161,48,8473,1165.25,18.517804097064154,1806.1375,slow
37,female,156,59,7901,1219.0,24.243918474687703,1889.45,slow
34,female,166,53,6529,1236.5,19.233560749020178,1700.1875,slow
18,male,182,67,4083,1722.5,20.227025721531216,2067.0,medium
25,female,150,79,9727,1441.5,35.111111111111114,2234.3250000000003,medium
29,male,171,88,8639,1808.75,30.094730002393902,2803.5625,fast
44,male,177,92,5004,1811.25,29.365763350250564,2490.46875,fast
18,female,169,56,10988,1365.25,19.607156612163443,2355.05625,fast
25,female,169,65,4759,1420.25,22.758306781975424,1704.3,slow
47,male,183,58,10689,1493.75,17.319119710949863,2576.71875,fast
36,male,162,73,6034,1567.5,27.815881725346742,2155.3125,medium
41,male,170,87,8774,1732.5,30.103806228373706,2685.375,fast
18,female,150,51,11593,1196.5,22.666666666666668,2063.9625,medium
43,female,159,47,3775,1087.75,18.59103674696412,1305.3,slow
51,male,169,79,5826,1596.25,27.660095935016283,2194.84375,medium
28,female,161,57,4470,1275.25,21.98989236526368,1530.3,slow
20,male,166,71,7636,1652.5,25.76571345623458,2561.375,fast
50,male,164,77,10117,1550.0,28.628792385484836,2673.75,fast
40,male,168,79,3216,1645.0,27.99036281179139,1974.0,medium
33,female,162,59,2000,1276.5,22.481329065691202,1531.8,slow
26,male,165,69,5737,1596.25,25.344352617079892,2194.84375,medium
40,male,176,75,10263,1655.0,24.212293388429753,2854.875,fast
24,male,163,78,2953,1683.75,29.357521924046825,2020.5,medium
31,female,155,56,7125,1212.75,23.309053069719038,1667.53125,slow
49,male,166,86,5277,1657.5,31.20917404557991,2279.0625,fast
49,female,168,47,6168,1114.0,16.65249433106576,1531.75,slow
31,male,169,78,5674,1686.25,27.309968138370508,2318.59375,fast
40,male,164,54,7996,1370.0,20.077334919690664,2123.5,medium
35,female,150,62,8398,1221.5,27.555555555555557,1893.325,slow
19,female,170,59,5664,1396.5,20.41522491349481,1920.1875,slow
39,male,162,64,7866,1462.5,24.38652644413961,2266.875,medium
32,male,163,65,2000,1513.75,24.46460160337235,1816.5,slow
35,female,162,75,8166,1426.5,28.577960676726104,2211.0750000000003,medium
35,female,168,66,7125,1374.0,23.384353741496604,1889.25,slow
41,female,160,52,6298,1154.0,20.312499999999996,1586.75,slow
25,male,158,74,8339,1607.5,29.642685467072578,2491.625,fast
39,male,169,93,3248,1796.25,32.561885088057146,2155.5,medium
41,male,150,75,6458,1487.5,33.333333333333336,2045.3125,medium
58,male,151,58,12873,1238.75,25.437480812245077,2353.625,fast
40,female,160,45,8988,1089.0,17.578124999999996,1687.95,slow
38,female,150,49,4561,1076.5,21.77777777777778,1291.8,slow
36,female,167,50,6062,1202.75,17.92821542543655,1653.78125,slow
37,female,162,62,6537,1286.5,23.624447492760247,1768.9375,slow
35,male,181,75,4547,1711.25,22.89307408198773,2053.5,medium
42,male,167,63,2432,1468.75,22.589551436050055,1762.5,slow
22,male,165,60,8392,1526.25,22.03856749311295,2365.6875,fast
31,male,169,74,7387,1646.25,25.909456951787405,2263.59375,medium
52,male,167,81,10210,1598.75,29.043708989207214,2757.84375,fast
35,male,167,68,8050,1553.75,24.38237297859371,2408.3125,fast
19,male,176,82,9276,1830.0,26.47210743801653,2836.5,fast
39,female,173,50,6672,1225.25,16.70620468441979,1684.71875,slow
38,male,157,68,12937,1476.25,27.587326057852245,2804.875,fast
33,female,159,70,6483,1367.75,27.688778133776353,1880.65625,slow
18,female,158,45,7096,1186.5,18.02595737862522,1631.4375,slow
41,female,155,71,7327,1312.75,29.552549427679498,1805.03125,slow
40,female,150,65,7547,1226.5,28.88888888888889,1901.075,slow
47,male,162,66,9691,1442.5,25.14860539551897,2235.875,medium
39,male,180,65,9072,1585.0,20.061728395061728,2456.75,fast
24,female,172,49,9323,1284.0,16.563007030827475,1990.2,medium
37,female,150,74,7272,1331.5,32.888888888888886,1830.8125,slow
45,female,154,63,8598,1206.5,26.564344746162927,1870.075,slow
34,female,167,71,12303,1422.75,25.458065904119906,2454.24375,fast
24,male,168,74,8424,1675.0,26.218820861678008,2596.25,fast
37,female,158,52,4734,1161.5,20.82999519307803,1393.8,slow
44,female,158,59,5964,1196.5,23.634033007530842,1645.1875,slow
31,female,166,67,9889,1391.5,24.31412396574249,2156.8250000000003,medium
30,female,159,73,8901,1412.75,28.875440053795337,2189.7625000000003,medium
47,male,170,73,4608,1562.5,25.25951557093426,1875.0,slow
43,female,155,65,9718,1242.75,27.055150884495315,1926.2625,medium
24,female,158,91,7302,1616.5,36.45249158788655,2222.6875,medium
26,female,150,60,8665,1246.5,26.666666666666668,1932.075,medium
23,female,165,68,6923,1435.25,24.977043158861342,1973.46875,medium
26,female,150,74,4399,1386.5,32.888888888888886,1663.8,slow
45,female,172,78,9650,1469.0,26.365603028664147,2276.9500000000003,fast
37,female,162,63,7548,1296.5,24.005486968449926,2009.575,medium
46,female,165,55,6018,1190.25,20.202020202020204,1636.59375,slow
38,male,172,57,9545,1460.0,19.2671714440238,2263.0,medium
37,female,160,48,4393,1134.0,18.749999999999996,1360.8,slow
42,female,158,79,6897,1406.5,31.64556962025316,1933.9375,medium
39,female,160,49,9583,1134.0,19.140624999999996,1757.7,slow
25,female,172,67,5757,1459.0,22.647376960519203,2006.125,medium
25,male,163,76,6184,1658.75,28.604764951635367,2280.78125,fast
42,male,179,78,3962,1693.75,24.343809494085704,2032.5,medium
33,female,156,65,6685,1299.0,26.709401709401707,1786.125,slow
45,male,171,89,5336,1738.75,30.436715570602924,2390.78125,fast
36,female,150,47,11682,1066.5,20.88888888888889,1839.7125,slow
25,female,163,45,2000,1182.75,16.937031879257784,1419.3,slow
27,male,172,70,8642,1645.0,23.661438615467823,2549.75,fast
31,female,154,72,4631,1366.5,30.35925113847192,1639.8,slow
25,female,155,45,7601,1132.75,18.730489073881373,1755.7625,slow
56,female,157,61,7908,1150.25,24.747454257779218,1782.8875,slow
27,female,169,62,6445,1380.25,21.707923392038097,1897.84375,slow
37,male,163,83,8272,1668.75,31.239414355075468,2586.5625,fast
34,female,163,56,9707,1247.75,21.077195227520797,1934.0125,medium
26,female,171,72,11102,1497.75,24.622960911049557,2583.61875,fast
33,female,159,55,7945,1217.75,21.75546853368142,1887.5125,slow
47,male,173,73,9056,1581.25,24.3910588392529,2450.9375,fast
29,male,168,96,6457,1870.0,34.013605442176875,2571.25,fast
23,male,171,80,9459,1758.75,27.358845456721728,2726.0625,fast
33,female,155,78,10101,1422.75,32.46618106139438,2454.24375,fast
34,male,176,76,7775,1695.0,24.535123966942148,2627.25,fast
37,male,184,73,4411,1700.0,21.561909262759922,2040.0,medium
26,male,174,56,8300,1522.5,18.49649887699828,2359.875,fast
27,female,166,46,11931,1201.5,16.693279140659023,2072.5875,medium
25,male,177,71,5740,1696.25,22.66270867247598,2332.34375,fast
46,male,165,80,5422,1606.25,29.384756657483933,2208.59375,medium
22,male,161,86,7324,1761.25,33.17773234057328,2421.71875,fast
22,female,162,84,10922,1581.5,32.00731595793324,2728.0875,fast
52,male,167,71,5860,1498.75,25.458065904119906,2060.78125,medium
39,male,171,85,10400,1728.75,29.06877329776684,2982.09375,fast
40,male,177,67,3879,1581.25,21.38593635289987,1897.5,slow
35,female,158,65,5061,1301.5,26.037493991347535,1789.5625,slow
34,male,161,81,6498,1651.25,31.24879441379576,2270.46875,fast
36,male,174,71,7419,1622.5,23.450918219051392,2230.9375,medium
32,female,162,62,10272,1311.5,23.624447492760247,2262.3375,medium
25,female,156,49,4749,1179.0,20.134779750164363,1414.8,slow
25,female,174,52,9762,1321.5,17.17532038578412,2048.3250000000003,medium
60,male,162,65,8792,1367.5,24.76756591982929,2119.625,medium
36,male,162,73,6387,1567.5,27.815881725346742,2155.3125,medium
45,male,171,55,8512,1398.75,18.80920625149619,2168.0625,medium
34,male,166,78,8371,1652.5,28.305995064595734,2561.375,fast
49,female,150,72,9003,1251.5,32.0,1939.825,medium
21,female,150,89,3974,1561.5,39.55555555555556,1873.8,slow
41,male,173,58,9533,1461.25,19.37919743392696,2264.9375,medium
23,female,161,67,5024,1400.25,25.847768218818715,1925.34375,medium
25,female,159,71,9109,1417.75,28.084332107116012,2197.5125000000003,medium
32,female,169,45,8028,1185.25,15.75575084905991,1837.1375,slow
45,female,157,61,2000,1205.25,24.747454257779218,1446.3,slow
23,male,165,56,7133,1481.25,20.569329660238754,2036.71875,medium
35,female,152,57,6961,1184.0,24.67105263157895,1628.0,slow
40,male,165,66,8426,1496.25,24.242424242424246,2319.1875,fast
40,female,158,58,9882,1206.5,23.233456176894723,1870.075,slow
39,male,165,60,8022,1441.25,22.03856749311295,2233.9375,medium
20,female,159,76,11903,1492.75,30.062101973814325,2574.99375,fast
34,male,165,81,5891,1676.25,29.752066115702483,2304.84375,fast
42,male,180,66,9514,1580.0,20.37037037037037,2449.0,fast
27,female,168,48,4341,1234.0,17.006802721088437,1480.8,slow
24,male,166,64,9613,1562.5,23.225431847873423,2421.875,fast
42,female,166,50,4551,1166.5,18.144868631151112,1399.8,slow
38,female,163,60,7685,1267.75,22.582709172343712,1965.0125,medium
36,male,167,71,9686,1578.75,25.458065904119906,2447.0625,fast
47,female,164,54,6257,1169.0,20.077334919690664,1607.375,slow
40,male,169,74,7355,1601.25,25.909456951787405,2201.71875,medium
38,female,160,62,9816,1269.0,24.218749999999996,1966.95,medium
36,male,173,64,5668,1546.25,21.383941996057334,2126.09375,medium
56,male,170,72,5833,1507.5,24.913494809688583,2072.8125,medium
27,female,167,54,2414,1287.75,19.362472659471475,1545.3,slow
45,male,173,55,8133,1411.25,18.376825152861773,2187.4375,medium
42,female,154,77,12522,1361.5,32.46753246753247,2586.85,fast
28,male,180,48,9139,1470.0,14.814814814814813,2278.5,fast
18,female,161,65,9368,1405.25,25.076193048107708,2178.1375000000003,medium
41,female,167,65,2856,1327.75,23.306680053067517,1593.3,slow
45,male,168,77,6908,1600.0,27.281746031746035,2200.0,medium
40,female,154,69,8041,1291.5,29.094282341035587,2001.825,medium
37,male,167,84,8100,1703.75,30.11940191473341,2640.8125,fast
45,male,167,72,7054,1543.75,25.816630212628635,2122.65625,medium
32,female,154,72,7621,1361.5,30.35925113847192,2110.3250000000003,medium
38,female,165,82,8085,1500.25,30.119375573921033,2325.3875000000003,fast
36,male,172,73,9008,1630.0,24.675500270416443,2526.5,fast
36,female,160,70,6802,1359.0,27.343749999999996,1868.625,slow
47,female,162,71,9797,1326.5,27.053802773967377,2056.0750000000003,medium
36,male,162,64,8987,1477.5,24.38652644413961,2290.125,fast
38,male,167,85,8271,1708.75,30.477966223242138,2648.5625,fast
20,female,152,65,3253,1339.0,28.133656509695292,1606.8,slow
42,female,158,57,8440,1186.5,22.832879346258608,1839.075,slow
35,female,173,45,7412,1195.25,15.035584215977813,1643.46875,slow
35,female,150,55,4042,1151.5,24.444444444444443,1381.8,slow
28,female,162,68,9814,1391.5,25.910684346898332,2156.8250000000003,medium
22,male,165,62,7532,1546.25,22.77318640955005,2396.6875,fast
44,male,178,77,11202,1667.5,24.302487059714682,2876.4375,fast
28,male,166,67,8724,1572.5,24.31412396574249,2437.375,fast
30,female,159,64,6112,1322.75,25.315454293738377,1818.78125,slow
20,female,150,63,6089,1306.5,28.0,1796.4375,slow
20,female,158,64,6336,1366.5,25.63691716071142,1878.9375,slow
39,male,159,85,9506,1653.75,33.62208773387128,2563.3125,fast
23,female,166,58,9032,1341.5,21.04804761213529,2079.3250000000003,medium
38,female,165,61,4974,1290.25,22.4058769513315,1548.3,slow
38,male,174,58,11079,1482.5,19.157088122605362,2557.3125,fast
29,male,163,62,8192,1498.75,23.335466144755166,2323.0625,fast
35,female,153,64,5647,1260.25,27.339911999658252,1732.84375,slow
47,male,180,75,8129,1645.0,23.148148148148145,2549.75,fast
28,female,160,77,7127,1469.0,30.078124999999993,2019.875,medium
38,female,150,65,8183,1236.5,28.88888888888889,1916.575,slow
38,female,165,64,10798,1320.25,23.507805325987146,2277.43125,fast
27,male,160,78,9035,1650.0,30.468749999999993,2557.5,fast
18,female,156,57,5574,1294.0,23.422090729783037,1779.25,slow
25,male,175,75,7194,1723.75,24.489795918367346,2370.15625,fast
48,female,171,60,3798,1267.75,20.519134092541297,1521.3,slow
45,male,162,70,5168,1492.5,26.672763298277697,2052.1875,medium
35,male,171,45,4827,1348.75,15.389350569405973,1618.5,slow
44,female,159,70,5901,1312.75,27.688778133776353,1805.03125,slow
37,female,151,63,6039,1227.75,27.630367089162757,1688.15625,slow
53,male,176,80,6523,1640.0,25.826446280991735,2255.0,medium
30,female,161,78,7388,1475.25,30.091431657729252,2028.46875,medium
37,female,150,49,10105,1081.5,21.77777777777778,1865.5875,slow
24,male,160,61,7369,1495.0,23.828124999999996,2055.625,medium
42,male,178,63,6615,1537.5,19.883853048857468,2114.0625,medium
36,male,171,82,7623,1713.75,28.042816593139772,2656.3125,fast
18,female,172,83,10682,1654.0,28.055705786911847,2853.15,fast
20,male,173,53,7461,1516.25,17.70857696548498,2084.84375,medium
23,female,157,78,11708,1485.25,31.64428577224228,2562.05625,fast
37,male,165,57,9061,1421.25,20.936639118457304,2202.9375,medium
37,female,165,54,4904,1225.25,19.834710743801654,1470.3,slow
28,male,173,60,6363,1546.25,20.04744562130375,2126.09375,medium
37,female,157,83,8279,1465.25,33.6727656294373,2271.1375000000003,fast
41,male,183,81,6748,1753.75,24.187046492878256,2411.40625,fast
31,female,156,77,7838,1429.0,31.640368178829714,2214.9500000000003,medium
39,female,167,47,5734,1157.75,16.85252249991036,1591.90625,slow
37,female,156,56,10087,1189.0,23.011176857330703,2051.025,medium
44,male,170,82,6535,1667.5,28.373702422145332,2292.8125,fast
25,female,158,55,7815,1251.5,22.031725684986377,1939.825,medium
37,female,161,57,2734,1230.25,21.98989236526368,1476.3,slow
28,male,180,77,7420,1760.0,23.76543209876543,2420.0,fast
33,female,150,75,2000,1361.5,33.333333333333336,1633.8,slow
31,male,182,83,11530,1817.5,25.057360222195385,3135.1875,fast
57,male,170,75,8800,1532.5,25.95155709342561,2375.375,fast
43,female,150,68,11702,1241.5,30.22222222222222,2141.5875,medium
30,female,158,74,2101,1416.5,29.642685467072578,1699.8,slow
30,female,159,78,9390,1462.75,30.853209920493647,2267.2625000000003,medium
50,male,172,65,4562,1480.0,21.971335857220122,1776.0,slow
27,male,162,83,7754,1712.5,31.626276482243554,2654.375,fast
18,male,172,75,7655,1740.0,25.351541373715524,2697.0,fast
24,female,164,77,3309,1514.0,28.628792385484836,1816.8,slow
32,male,169,76,7537,1661.25,26.609712545078956,2574.9375,fast
27,female,165,83,13685,1565.25,30.48668503213958,2973.975,fast
38,female,171,74,13350,1457.75,25.3069320474676,2769.725,fast
44,male,165,75,6468,1566.25,27.548209366391188,2153.59375,medium
29,female,160,64,8577,1334.0,24.999999999999996,2067.7000000000003,medium
26,male,164,78,9124,1680.0,29.000594883997625,2604.0,fast
30,male,166,70,7378,1592.5,25.402816083611555,2189.6875,medium
37,female,150,59,11912,1181.5,26.22222222222222,2038.0875,medium
28,female,168,60,6625,1349.0,21.258503401360546,1854.875,slow
29,male,159,81,8422,1663.75,32.03987184051263,2578.8125,fast
25,female,171,58,2000,1362.75,19.835162956123252,1635.3,slow
39,female,155,73,9170,1342.75,30.38501560874089,2081.2625000000003,medium
32,male,177,66,7926,1611.25,21.06674327300584,2497.4375,fast
23,female,159,70,6524,1417.75,27.688778133776353,1949.40625,medium
38,female,161,67,5786,1325.25,25.847768218818715,1822.21875,slow
39,female,150,59,9090,1171.5,26.22222222222222,1815.825,slow
34,male,162,76,4442,1607.5,28.959000152415786,1929.0,medium
41,male,173,86,5713,1741.25,28.734672057202044,2394.21875,fast
45,male,174,100,10481,1867.5,33.029462280354075,3221.4375,fast
60,female,157,61,7102,1130.25,24.747454257779218,1554.09375,slow
42,male,172,76,9750,1630.0,25.689561925365066,2526.5,fast
35,male,178,53,6916,1472.5,16.72768589824517,2024.6875,medium
45,male,179,58,5539,1478.75,18.101807059704754,2033.28125,medium
42,male,170,53,8596,1387.5,18.339100346020764,2150.625,medium
36,male,167,91,6406,1778.75,32.62935207429452,2445.78125,fast
36,male,178,70,7779,1637.5,22.093170054286073,2538.125,fast
18,male,169,79,8355,1761.25,27.660095935016283,2729.9375,fast
34,male,176,69,8977,1625.0,22.275309917355372,2518.75,fast
37,male,167,78,9116,1643.75,27.968016063681024,2547.8125,fast
24,male,180,79,7000,1800.0,24.382716049382715,2475.0,fast
45,female,161,71,8033,1330.25,27.390918560240728,2061.8875000000003,medium
43,female,152,48,8592,1054.0,20.775623268698062,1633.7,slow
19,male,167,86,8745,1813.75,30.83653053175087,2811.3125,fast
37,male,175,60,8388,1513.75,19.591836734693878,2346.3125,fast
39,female,150,71,8257,1291.5,31.555555555555557,2001.825,medium
18,female,156,76,6991,1484.0,31.22945430637738,2040.5,medium
51,female,150,45,9453,971.5,20.0,1505.825,slow
33,female,171,70,3247,1442.75,23.938989774631512,1731.3,slow
23,male,180,50,4978,1515.0,15.432098765432098,1818.0,slow
31,male,172,57,12640,1495.0,19.2671714440238,2840.5,fast
48,male,165,71,6952,1506.25,26.07897153351699,2071.09375,medium
34,female,150,61,8877,1216.5,27.11111111111111,1885.575,slow
28,female,160,74,2519,1439.0,28.906249999999993,1726.8,slow
33,female,169,68,7562,1410.25,23.80869017191275,2185.8875000000003,medium
30,male,151,64,9828,1438.75,28.068944344546292,2230.0625,medium
37,female,150,46,6049,1051.5,20.444444444444443,1445.8125,slow
35,female,155,63,8109,1262.75,26.22268470343392,1957.2625,medium
41,male,167,63,7067,1473.75,22.589551436050055,2026.40625,medium
48,male,176,91,6221,1775.0,29.3775826446281,2440.625,fast
28,female,168,60,12836,1349.0,21.258503401360546,2563.1,fast
27,female,164,72,7338,1449.0,26.769779892920884,1992.375,medium
30,female,172,87,4646,1634.0,29.40778799351001,1960.8,medium
24,male,186,56,6073,1607.5,16.18684240952711,2210.3125,medium
51,female,157,64,5859,1205.25,25.96454217209623,1657.21875,slow
42,male,167,67,9524,1508.75,24.023808670084982,2338.5625,fast
39,male,170,71,6679,1582.5,24.56747404844291,2175.9375,medium
23,male,164,61,12760,1525.0,22.679952409280194,2897.5,fast
34,male,161,65,3629,1491.25,25.076193048107708,1789.5,slow
51,female,169,50,10325,1140.25,17.506389832288786,1966.93125,medium
18,female,167,47,7152,1262.75,16.85252249991036,1736.28125,slow
28,female,158,87,8277,1556.5,34.85018426534209,2412.5750000000003,fast
42,male,180,81,7249,1730.0,25.0,2378.75,fast
30,female,164,60,7711,1314.0,22.308149910767405,2036.7,medium
31,female,150,45,6413,1071.5,20.0,1473.3125,slow
32,female,154,45,4405,1091.5,18.974531961544947,1309.8,slow
31,female,167,73,9997,1457.75,26.175194521137367,2259.5125000000003,medium
37,female,157,61,7975,1245.25,24.747454257779218,1930.1375,medium
36,male,164,81,3841,1660.0,30.116002379535995,1992.0,medium
50,male,164,65,14305,1430.0,24.167162403331353,2717.0,fast
36,male,172,54,5048,1440.0,18.25310978907518,1980.0,medium
30,male,160,73,4493,1585.0,28.515624999999993,1902.0,slow
33,female,150,60,12197,1211.5,26.666666666666668,2089.8375,medium
18,female,158,68,8397,1416.5,27.239224483255885,2195.5750000000003,medium
35,female,159,46,6865,1117.75,18.19548277362446,1536.90625,slow
26,female,153,70,4548,1365.25,29.903028749626213,1638.3,slow
19,male,158,84,7082,1737.5,33.64845377343374,2389.0625,fast
39,male,176,70,5907,1610.0,22.59814049586777,2213.75,medium
34,male,174,62,10138,1542.5,20.478266613819528,2660.8125,fast
39,male,165,82,5333,1661.25,30.119375573921033,2284.21875,fast
26,female,150,59,9710,1236.5,26.22222222222222,1916.575,slow
31,female,153,48,6280,1120.25,20.504933999743688,1540.34375,slow
27,female,163,56,6226,1282.75,21.077195227520797,1763.78125,slow
29,male,173,65,9557,1591.25,21.71806608974573,2466.4375,fast
18,male,174,75,8715,1752.5,24.772096710265558,2716.375,fast
36,female,161,63,6310,1295.25,24.3046178773967,1780.96875,slow
26,male,171,64,7568,1583.75,21.887076365377382,2454.8125,fast
37,male,167,75,10280,1613.75,26.89232313815483,2783.71875,fast
34,female,153,55,9200,1175.25,23.49523687470631,1821.6375,slow
31,female,169,88,9658,1620.25,30.811246104828268,2511.3875000000003,fast
47,male,166,58,5421,1387.5,21.04804761213529,1907.8125,slow
25,female,171,45,11138,1232.75,15.389350569405973,2126.49375,medium
43,male,166,87,8204,1697.5,31.572071418202935,2631.125,fast
41,female,163,51,6842,1162.75,19.195302796492154,1598.78125,slow
37,female,158,75,9698,1391.5,30.043262297708697,2156.8250000000003,medium
43,male,176,77,6516,1660.0,24.857954545454547,2282.5,fast
20,female,151,53,6901,1212.75,23.244594535327398,1667.53125,slow
43,female,156,51,12319,1109.0,20.956607495069033,1913.025,slow
20,male,156,64,9868,1520.0,26.298487836949374,2356.0,fast
37,female,159,68,4599,1327.75,26.897670187097027,1593.3,slow
48,male,165,62,2966,1416.25,22.77318640955005,1699.5,slow
31,female,166,51,2000,1231.5,18.507766003774133,1477.8,slow
47,male,165,67,6694,1471.25,24.609733700642796,2022.96875,medium
30,male,172,59,7053,1520.0,19.94321254732288,2090.0,medium
41,male,187,78,7381,1748.75,22.305470559638533,2404.53125,fast
42,male,178,100,5614,1907.5,31.561671506122963,2622.8125,fast
18,male,168,69,8348,1655.0,24.44727891156463,2565.25,fast
46,male,169,75,8321,1581.25,26.25958474843318,2450.9375,fast
41,female,164,59,9412,1249.0,21.936347412254616,1935.95,medium
18,female,170,61,4356,1421.5,21.107266435986162,1705.8,slow
34,male,169,64,5230,1531.25,22.40817898532965,2105.46875,medium
19,male,171,59,5468,1568.75,20.177148524332274,2157.03125,medium
43,male,178,72,11651,1622.5,22.724403484408533,2798.8125,fast
39,female,160,72,12343,1364.0,28.124999999999993,2352.9,fast
20,male,167,74,7436,1688.75,26.533758829646096,2322.03125,fast
49,female,170,45,7491,1106.5,15.570934256055365,1521.4375,slow
23,female,150,47,4571,1131.5,20.88888888888889,1357.8,slow
37,male,173,75,9876,1651.25,25.05930702662969,2559.4375,fast
18,female,166,59,7919,1376.5,21.410944984758313,2133.5750000000003,medium
39,female,153,54,3367,1140.25,23.06805074971165,1368.3,slow
30,female,166,80,5337,1526.5,29.03178980984178,2098.9375,medium
36,male,173,72,8563,1626.25,24.0569347455645,2520.6875,fast
42,female,150,64,8849,1206.5,28.444444444444443,1870.075,slow
47,male,160,90,8411,1670.0,35.15624999999999,2588.5,fast
34,male,178,84,8895,1787.5,26.511804065143288,2770.625,fast
40,male,163,87,6349,1693.75,32.74492829989838,2328.90625,fast
46,male,173,61,4382,1466.25,20.381569714992146,1759.5,slow
22,female,166,66,8918,1426.5,23.95122659311947,2211.0750000000003,medium
32,male,172,62,11394,1540.0,20.9572742022715,2656.5,fast
25,female,150,58,6368,1231.5,25.77777777777778,1693.3125,slow
26,male,175,60,6786,1568.75,19.591836734693878,2157.03125,medium
44,female,159,75,5950,1362.75,29.666548000474663,1873.78125,slow
22,male,172,82,11111,1790.0,27.717685235262305,3087.75,fast
48,female,155,64,6075,1207.75,26.638917793964616,1660.65625,slow
35,female,153,75,8264,1370.25,32.038959374599514,2123.8875000000003,medium
35,female,164,79,9215,1479.0,29.372397382510414,2292.4500000000003,fast
52,female,152,83,7109,1359.0,35.924515235457065,1868.625,slow
36,female,162,85,5814,1521.5,32.38835543362292,2092.0625,medium
46,female,150,62,10191,1166.5,27.555555555555557,2012.2125,medium
18,female,150,64,10781,1326.5,28.444444444444443,2288.2125,fast
57,female,158,73,5831,1271.5,29.242108636436463,1748.3125,slow
35,male,172,57,9792,1475.0,19.2671714440238,2286.25,fast
23,male,175,62,10336,1603.75,20.244897959183675,2766.46875,fast
53,male,174,61,3202,1437.5,20.147971991015986,1725.0,slow
37,female,155,65,11195,1272.75,27.055150884495315,2195.49375,medium
35,male,159,78,9528,1603.75,30.853209920493647,2485.8125,fast
32,male,159,69,6286,1528.75,27.29322416043669,2102.03125,medium
21,male,172,94,7581,1915.0,31.77393185505679,2968.25,fast
40,female,172,73,6816,1444.0,24.675500270416443,1985.5,medium
39,male,163,62,4198,1448.75,23.335466144755166,1738.5,slow
22,male,172,62,5240,1590.0,20.9572742022715,2186.25,medium
36,female,162,47,3310,1141.5,17.908855357415025,1369.8,slow
22,female,167,80,15000,1572.75,28.685144680698485,2988.225,fast
41,male,162,63,7250,1442.5,24.005486968449926,1983.4375,medium
30,female,163,47,5804,1177.75,17.68978885166924,1619.40625,slow
28,male,162,70,4972,1577.5,26.672763298277697,1893.0,slow
42,male,160,73,5587,1525.0,28.515624999999993,2096.875,medium
40,female,154,64,7336,1241.5,26.986001011975038,1707.0625,slow
34,male,182,73,6096,1702.5,22.03840115928028,2340.9375,fast
21,male,163,85,9220,1768.75,31.992171327486922,2741.5625,fast
18,female,153,67,8991,1375.25,28.621470374642232,2131.6375000000003,medium
33,male,176,66,6484,1600.0,21.306818181818183,2200.0,medium
41,male,170,67,8195,1532.5,23.18339100346021,2375.375,fast
39,male,171,80,7051,1678.75,27.358845456721728,2308.28125,fast
49,female,152,74,2877,1284.0,32.029085872576175,1540.8,slow
45,male,155,57,6213,1318.75,23.725286160249738,1813.28125,slow
35,male,180,79,11818,1745.0,24.382716049382715,3010.125,fast
25,female,154,59,5489,1266.5,24.87771968291449,1741.4375,slow
30,male,164,81,3268,1690.0,30.116002379535995,2028.0,medium
33,male,162,70,4484,1552.5,26.672763298277697,1863.0,slow
36,male,164,74,12939,1590.0,27.513384889946465,3021.0,fast
28,male,172,84,11473,1780.0,28.393726338561386,3070.5,fast
33,male,165,66,5832,1531.25,24.242424242424246,2105.46875,medium
45,female,155,74,9568,1322.75,30.80124869927159,2050.2625000000003,medium
33,male,172,62,7629,1535.0,20.9572742022715,2379.25,fast
35,male,174,45,11360,1367.5,14.863258026159334,2358.9375,fast
33,female,156,53,10145,1179.0,21.7784352399737,2033.775,medium
50,male,167,59,10532,1388.75,21.15529420201513,2395.59375,fast
18,female,154,50,2846,1211.5,21.0828132906055,1453.8,slow
38,female,160,67,8035,1319.0,26.171874999999996,2044.45,medium
41,male,163,67,8842,1488.75,25.21735857578381,2307.5625,fast
33,male,176,72,11003,1660.0,23.243801652892564,2863.5,fast
54,male,178,63,7667,1477.5,19.883853048857468,2290.125,fast
22,male,168,71,5228,1655.0,25.15589569160998,2275.625,fast
33,male,176,67,7716,1610.0,21.62964876033058,2495.5,fast
43,male,181,64,8636,1561.25,19.53542321662953,2419.9375,fast
48,male,187,74,5973,1673.75,21.161600274528865,2301.40625,fast
50,male,161,74,6422,1501.25,28.54828131630724,2064.21875,medium
21,male,168,66,6249,1610.0,23.384353741496604,2213.75,medium
37,female,166,70,6350,1391.5,25.402816083611555,1913.3125,slow
35,female,155,53,6760,1162.75,22.060353798126947,1598.78125,slow
41,female,150,76,5907,1331.5,33.77777777777778,1830.8125,slow
60,male,175,68,6272,1478.75,22.20408163265306,2033.28125,medium
28,female,153,54,6687,1195.25,23.06805074971165,1643.46875,slow
48,female,151,75,8093,1292.75,32.89329415376518,2003.7625,medium
45,female,167,72,10729,1377.75,25.816630212628635,2376.61875,fast
60,male,167,71,9254,1458.75,25.458065904119906,2261.0625,medium
36,female,157,73,9333,1370.25,29.61580591504726,2123.8875000000003,medium
38,female,157,67,7837,1300.25,27.18163008641324,2015.3875,medium
23,male,177,75,5546,1746.25,23.93948099205209,2401.09375,fast
31,male,167,78,11101,1673.75,27.968016063681024,2887.21875,fast
35,female,161,60,5693,1270.25,23.147255121330193,1746.59375,slow
40,female,152,59,9153,1179.0,25.536703601108034,1827.45,slow
51,male,166,69,6471,1477.5,25.039918710988534,2031.5625,medium
44,male,190,81,6140,1782.5,22.437673130193907,2450.9375,fast
56,male,169,73,8989,1511.25,25.55932915514163,2342.4375,fast
45,female,152,70,6127,1264.0,30.297783933518005,1738.0,slow
42,female,150,73,3990,1296.5,32.44444444444444,1555.8,slow
26,female,154,56,9584,1231.5,23.61275088547816,1908.825,slow
31,male,177,97,8770,1926.25,30.961728749720702,2985.6875,fast
40,male,167,68,7050,1528.75,24.38237297859371,2102.03125,medium
36,male,169,88,8561,1761.25,30.811246104828268,2729.9375,fast
41,female,155,70,4771,1302.75,29.1363163371488,1563.3,slow
50,male,174,83,4947,1672.5,27.414453692693883,2007.0,medium
46,female,161,49,7015,1105.25,18.90359168241966,1519.71875,slow
35,female,158,76,6565,1411.5,30.443839128344813,1940.8125,medium
40,female,163,51,5750,1167.75,19.195302796492154,1605.65625,slow
37,female,163,63,3456,1302.75,23.711844630960897,1563.3,slow
35,female,150,60,8948,1201.5,26.666666666666668,1862.325,slow
38,female,158,70,7226,1336.5,28.040378144528116,1837.6875,slow
27,male,163,97,10461,1858.75,36.50871316195567,3206.34375,fast
42,male,165,55,6738,1376.25,20.202020202020204,1892.34375,slow
32,male,167,56,8511,1448.75,20.07960127648894,2245.5625,medium
47,female,155,73,10638,1302.75,30.38501560874089,2247.24375,medium
41,male,182,83,9372,1767.5,25.057360222195385,2739.625,fast
27,male,168,81,9208,1730.0,28.69897959183674,2681.5,fast
46,male,165,82,3820,1626.25,30.119375573921033,1951.5,medium
18,male,173,92,2000,1916.25,30.73941661933242,2299.5,fast
27,male,167,89,7326,1803.75,31.912223457277065,2480.15625,fast
20,male,172,72,4854,1700.0,24.337479718766904,2040.0,medium
44,male,168,72,6301,1555.0,25.510204081632658,2138.125,medium
27,male,170,59,11500,1522.5,20.41522491349481,2626.3125,fast
39,male,164,76,9748,1595.0,28.256989886972047,2472.25,fast
48,female,163,80,11153,1417.75,30.11027889645828,2445.61875,fast
26,male,169,82,3996,1751.25,28.71047932495361,2101.5,medium
22,female,150,62,10655,1286.5,27.555555555555557,2219.2125,medium
30,male,170,64,9211,1557.5,22.145328719723185,2414.125,fast
33,female,156,57,12052,1219.0,23.422090729783037,2102.775,medium
37,female,157,63,10122,1265.25,25.558846200657225,2182.55625,medium
51,male,162,77,8847,1532.5,29.340039628105465,2375.375,fast
51,female,158,54,7348,1111.5,21.63114885435026,1528.3125,slow
34,female,154,77,9846,1401.5,32.46753246753247,2172.3250000000003,medium
18,male,172,67,2000,1660.0,22.647376960519203,1992.0,medium
32,male,165,81,8168,1686.25,29.752066115702483,2613.6875,fast
35,female,157,66,7975,1305.25,26.775934114974238,2023.1375,medium
20,female,161,57,10279,1315.25,21.98989236526368,2268.80625,medium
41,male,163,71,5614,1528.75,26.722872520606725,2102.03125,medium
36,female,167,56,4064,1262.75,20.07960127648894,1515.3,slow
19,female,155,61,7064,1322.75,25.390218522372525,1818.78125,slow
52,male,165,72,10466,1496.25,26.44628099173554,2581.03125,fast
33,female,171,60,8957,1342.75,20.519134092541297,2081.2625000000003,medium
40,female,166,71,8132,1386.5,25.76571345623458,2149.0750000000003,medium
30,female,161,58,4736,1275.25,22.375679950619187,1530.3,slow
40,male,173,85,4605,1736.25,28.40054796351365,2083.5,medium
52,male,166,48,6334,1262.5,17.419073885905068,1735.9375,slow
31,male,167,74,5757,1633.75,26.533758829646096,2246.40625,medium
32,male,184,46,6639,1455.0,13.586956521739129,2000.625,medium
30,male,164,65,4006,1530.0,24.167162403331353,1836.0,slow
35,female,150,52,6693,1121.5,23.11111111111111,1542.0625,slow
31,male,185,70,8338,1706.25,20.45288531775018,2644.6875,fast
47,male,172,64,8483,1485.0,21.63331530557058,2301.75,fast
48,female,150,59,7487,1126.5,26.22222222222222,1548.9375,slow
37,male,160,93,6142,1750.0,36.32812499999999,2406.25,fast
22,male,172,45,7435,1420.0,15.210924824229314,1952.5,medium
37,male,177,64,7209,1566.25,20.428357113217785,2153.59375,medium
35,female,150,62,8003,1221.5,27.555555555555557,1893.325,slow
38,female,150,45,7541,1036.5,20.0,1606.575,slow
38,male,163,56,7107,1393.75,21.077195227520797,1916.40625,slow
31,male,174,91,8503,1847.5,30.056810675122207,2863.625,fast
35,male,177,73,5831,1666.25,23.301094832264035,2291.09375,fast
50,female,175,65,4950,1332.75,21.224489795918366,1599.3,slow
27,male,161,74,9688,1616.25,28.54828131630724,2505.1875,fast
51,female,166,69,11211,1311.5,25.039918710988534,2262.3375,medium
38,female,150,88,6931,1466.5,39.111111111111114,2016.4375,medium
44,female,150,70,4864,1256.5,31.11111111111111,1507.8,slow
25,female,172,88,6615,1669.0,29.745808545159548,2294.875,fast
53,male,168,80,5434,1590.0,28.344671201814062,2186.25,medium
37,male,173,80,12457,1701.25,26.729927495071667,2934.65625,fast
33,female,166,45,8364,1161.5,16.330381768036002,1800.325,slow
31,female,157,68,10104,1345.25,27.587326057852245,2320.55625,fast
36,male,163,68,8089,1523.75,25.59373706198954,2361.8125,fast
40,male,170,70,8841,1567.5,24.221453287197235,2429.625,fast
18,female,162,45,9622,1211.5,17.146776406035663,1877.825,slow
35,female,161,55,8604,1220.25,21.218317194552675,1891.3875,slow
27,female,158,67,7379,1361.5,26.83864765261977,1872.0625,slow
18,female,173,55,6804,1380.25,18.376825152861773,1897.84375,slow
18,female,158,56,6585,1296.5,22.432302515622492,1782.6875,slow
36,female,169,62,6883,1335.25,21.707923392038097,1835.96875,slow
18,female,157,74,7579,1470.25,30.021501886486266,2278.8875000000003,fast
38,female,170,71,7724,1421.5,24.56747404844291,2203.3250000000003,medium
25,female,162,54,11647,1266.5,20.576131687242793,2184.7125,medium
26,female,166,71,8769,1456.5,25.76571345623458,2257.5750000000003,medium
23,female,163,81,8090,1552.75,30.48665738266401,2406.7625000000003,fast
32,female,151,99,10146,1612.75,43.41914828297004,2781.99375,fast
42,male,179,71,9523,1623.75,22.15910864205237,2516.8125,fast
29,female,153,82,9098,1470.25,35.02926224956214,2278.8875000000003,fast
44,female,167,61,8019,1272.75,21.872422819032593,1972.7625,medium
33,male,164,79,8928,1655.0,29.372397382510414,2565.25,fast
30,male,174,85,4894,1792.5,28.075042938300964,2151.0,medium
33,female,166,83,5398,1541.5,30.120481927710845,2119.5625,medium
33,male,179,52,3873,1478.75,16.22920632939047,1774.5,slow
41,male,188,86,6594,1835.0,24.332277048438208,2523.125,fast
31,female,150,56,3414,1181.5,24.88888888888889,1417.8,slow
25,female,168,72,8920,1484.0,25.510204081632658,2300.2000000000003,fast
26,female,162,71,7696,1431.5,27.053802773967377,2218.8250000000003,medium
28,female,155,63,6869,1297.75,26.22268470343392,1784.40625,slow
33,male,177,80,7359,1746.25,25.53544639152223,2401.09375,fast
44,male,167,65,6917,1478.75,23.306680053067517,2033.28125,medium
45,female,160,73,5903,1344.0,28.515624999999993,1848.0,slow
33,male,172,66,3233,1575.0,22.30935640886966,1890.0,slow
39,female,154,56,11646,1166.5,23.61275088547816,2012.2125,medium
32,female,165,65,12011,1360.25,23.875114784205696,2346.43125,fast
57,female,173,75,8710,1385.25,25.05930702662969,2147.1375000000003,medium
40,male,182,66,7180,1602.5,19.925129815239703,2203.4375,medium
31,male,175,74,8169,1683.75,24.163265306122447,2609.8125,fast
20,male,173,82,7975,1806.25,27.39817568244846,2799.6875,fast
44,male,183,98,8425,1908.75,29.26334020126011,2958.5625,fast
59,female,155,45,5561,962.75,18.730489073881373,1323.78125,slow
38,male,168,69,6187,1555.0,24.44727891156463,2138.125,medium
38,male,175,76,7198,1668.75,24.816326530612244,2294.53125,fast
24,male,185,60,8880,1641.25,17.531044558071585,2543.9375,fast
46,male,168,60,3862,1425.0,21.258503401360546,1710.0,slow
45,female,164,53,5307,1169.0,19.705532421177875,1607.375,slow
18,female,150,71,6988,1396.5,31.555555555555557,1920.1875,slow
38,male,179,61,3186,1543.75,19.038107424861895,1852.5,slow
24,male,163,76,7633,1663.75,28.604764951635367,2578.8125,fast
43,female,163,51,5096,1152.75,19.195302796492154,1585.03125,slow
37,male,185,67,11423,1646.25,19.576333089846603,2839.78125,fast
38,female,150,96,9302,1546.5,42.666666666666664,2397.0750000000003,fast
23,female,168,62,5636,1394.0,21.9671201814059,1916.75,slow
18,female,162,45,7353,1211.5,17.146776406035663,1665.8125,slow
18,female,162,69,6508,1451.5,26.291723822588015,1995.8125,medium
18,female,153,48,9743,1185.25,20.504933999743688,1837.1375,slow
31,male,169,87,11083,1776.25,30.461118308182492,3064.03125,fast
51,female,158,49,6029,1061.5,19.62826470116968,1459.5625,slow
48,male,168,78,9181,1595.0,27.636054421768712,2472.25,fast
32,female,164,64,4267,1344.0,23.795359904818564,1612.8,slow
34,male,173,79,12938,1706.25,26.395803401383272,3241.875,fast
32,male,170,85,7975,1757.5,29.411764705882355,2724.125,fast
34,male,167,66,8301,1538.75,23.66524436157625,2385.0625,fast
25,female,167,68,9793,1437.75,24.38237297859371,2228.5125000000003,medium
39,male,188,65,9056,1635.0,18.390674513354462,2534.25,fast
52,male,163,81,7193,1573.75,30.48665738266401,2163.90625,medium
44,female,162,45,7747,1081.5,17.146776406035663,1676.325,slow
40,male,169,62,3972,1481.25,21.707923392038097,1777.5,slow
35,male,172,51,6057,1415.0,17.239048134126556,1945.625,medium
37,female,152,81,12576,1414.0,35.05886426592798,2686.6,fast
18,male,176,63,5231,1645.0,20.33832644628099,2261.875,medium
18,male,170,89,5821,1867.5,30.795847750865054,2567.8125,fast
36,female,150,80,7385,1396.5,35.55555555555556,1920.1875,slow
60,female,163,48,7269,1037.75,18.06616733787497,1426.90625,slow
35,female,159,97,5833,1627.75,38.36873541394723,2238.15625,medium
33,female,161,57,6460,1250.25,21.98989236526368,1719.09375,slow
36,female,154,55,5629,1171.5,23.19109461966605,1610.8125,slow
33,male,163,78,6302,1638.75,29.357521924046825,2253.28125,medium
31,male,174,87,6131,1807.5,28.735632183908045,2485.3125,fast
24,female,157,63,8411,1330.25,25.558846200657225,2061.8875000000003,medium
25,male,162,65,6501,1542.5,24.76756591982929,2120.9375,medium
32,male,174,78,7593,1712.5,25.762980578676178,2654.375,fast
31,male,172,72,9838,1645.0,24.337479718766904,2549.75,fast
34,female,173,50,13880,1250.25,16.70620468441979,2375.475,fast
27,male,164,81,8558,1705.0,30.116002379535995,2642.75,fast
32,female,158,70,5415,1366.5,28.040378144528116,1878.9375,slow
18,female,169,48,9367,1285.25,16.806134238997235,1992.1375,medium
50,male,173,73,5160,1566.25,24.3910588392529,2153.59375,medium
41,male,166,60,9441,1437.5,21.773842357381334,2228.125,medium
48,male,176,80,9623,1665.0,25.826446280991735,2580.75,fast
32,male,161,91,5849,1761.25,35.10667026735079,2421.71875,fast
39,female,159,75,2000,1387.75,29.666548000474663,1665.3,slow
39,female,171,56,5440,1272.75,19.15119181970521,1750.03125,slow
59,male,174,61,10598,1407.5,20.147971991015986,2427.9375,fast
21,female,152,73,9002,1414.0,31.596260387811633,2191.7000000000003,medium
25,male,167,78,5826,1703.75,27.968016063681024,2342.65625,fast
40,male,174,85,9384,1742.5,28.075042938300964,2700.875,fast
20,male,162,74,10136,1657.5,28.19692120103642,2859.1875,fast
41,male,158,85,4652,1637.5,34.049030604069856,1965.0,medium
24,male,157,79,5475,1656.25,32.049981743681286,2277.34375,fast
39,male,172,83,3223,1715.0,28.055705786911847,2058.0,medium
22,male,167,73,4125,1668.75,26.175194521137367,2002.5,medium
28,female,155,49,8706,1157.75,20.39542143600416,1794.5125,slow
45,female,162,52,2101,1146.5,19.81405273586343,1375.8,slow
37,female,163,82,6417,1492.75,30.863035868869737,2052.53125,medium
29,female,151,67,4329,1307.75,29.384676110696898,1569.3,slow
50,male,176,83,6743,1685.0,26.794938016528928,2316.875,fast
42,female,152,50,3797,1079.0,21.641274238227147,1294.8,slow
46,male,166,94,5591,1752.5,34.11235302656409,2409.6875,fast
39,female,157,75,10496,1375.25,30.427197857925268,2372.30625,fast
27,male,167,95,14180,1863.75,34.06360930832945,3541.125,fast
22,male,170,100,5442,1957.5,34.602076124567475,2691.5625,fast
33,female,158,62,9980,1281.5,24.83576349943919,1986.325,medium
45,male,176,79,8781,1670.0,25.50361570247934,2588.5,fast
32,male,166,71,7294,1592.5,25.76571345623458,2189.6875,medium
18,female,159,55,6973,1292.75,21.75546853368142,1777.53125,slow
33,female,160,65,11411,1324.0,25.390624999999996,2283.9,fast
47,male,164,71,8821,1505.0,26.397977394408095,2332.75,fast
45,female,187,47,8557,1252.75,13.440475850038604,1941.7625,medium
40,female,168,69,7288,1379.0,24.44727891156463,1896.125,slow
38,male,168,53,7331,1395.0,18.77834467120182,1918.125,slow
18,female,161,62,10602,1375.25,23.9188302920412,2372.30625,fast
43,female,151,71,6077,1277.75,31.138985132231042,1756.90625,slow
18,female,155,62,7393,1337.75,25.806451612903224,1839.40625,slow
46,female,154,48,8889,1051.5,20.23950075898128,1629.825,slow
35,female,156,72,8071,1359.0,29.585798816568044,2106.4500000000003,medium
29,female,150,45,4661,1081.5,20.0,1297.8,slow
38,male,166,57,9236,1422.5,20.685150239512268,2204.875,medium
53,female,151,45,6159,967.75,19.735976492259113,1330.65625,slow
41,male,181,58,10405,1511.25,17.70397729007051,2606.90625,fast
39,female,155,52,5977,1132.75,21.64412070759625,1557.53125,slow
18,female,154,73,10174,1441.5,30.78090740428403,2486.5875,fast
41,male,170,69,6799,1552.5,23.87543252595156,2134.6875,medium
46,male,164,60,9418,1400.0,22.308149910767405,2170.0,medium
18,female,153,62,7725,1325.25,26.48553974966893,2054.1375000000003,medium
37,male,166,68,10860,1537.5,24.677021338365513,2652.1875,fast
34,female,150,62,9120,1226.5,27.555555555555557,1901.075,slow
20,male,164,83,8122,1760.0,30.859607376561577,2728.0,fast
37,male,166,67,5305,1527.5,24.31412396574249,2100.3125,medium
28,male,180,79,10440,1780.0,24.382716049382715,3070.5,fast
43,male,164,75,6848,1565.0,27.885187388459254,2151.875,medium
43,male,171,70,4979,1558.75,23.938989774631512,1870.5,slow
45,female,153,59,3988,1160.25,25.20398137468495,1392.3,slow
25,female,162,70,7013,1426.5,26.672763298277697,1961.4375,medium
33,male,171,79,4050,1698.75,27.01685988851271,2038.5,medium
21,female,150,48,10420,1151.5,21.333333333333332,1986.3375,medium
36,female,169,51,9573,1225.25,17.856517628934565,1899.1375,slow
18,female,164,52,4303,1294.0,19.333729922665082,1552.8,slow
40,female,160,45,9662,1089.0,17.578124999999996,1687.95,slow
36,female,170,45,7572,1171.5,15.570934256055365,1815.825,slow
31,male,169,75,7554,1656.25,26.25958474843318,2567.1875,fast
36,female,150,60,5737,1196.5,26.666666666666668,1645.1875,slow
40,male,158,88,8677,1672.5,35.250761095978206,2592.375,fast
46,male,169,68,9344,1511.25,23.80869017191275,2342.4375,fast
19,female,163,65,4581,1412.75,24.46460160337235,1695.3,slow
29,female,155,79,7417,1452.75,32.882414151925076,1997.53125,medium
35,male,167,77,13516,1643.75,27.60945175517229,3123.125,fast
39,male,173,59,2000,1481.25,19.713321527615356,1777.5,slow
46,female,150,52,7236,1066.5,23.11111111111111,1466.4375,slow
38,male,171,67,5925,1553.75,22.91303307000445,2136.40625,medium
52,female,154,53,7618,1071.5,22.34778208804183,1660.825,slow
35,female,158,72,8380,1371.5,28.841531805800347,2125.8250000000003,medium
57,female,155,63,5137,1152.75,26.22268470343392,1585.03125,slow
44,male,177,69,7613,1581.25,22.024322512687924,2450.9375,fast
39,male,167,94,10798,1793.75,33.70504499982072,3094.21875,fast
21,male,168,56,8413,1510.0,19.841269841269845,2340.5,fast
41,female,157,46,7395,1075.25,18.662014686194166,1478.46875,slow
31,female,166,63,2110,1351.5,22.8625344752504,1621.8,slow
22,female,157,56,4403,1270.25,22.7189744005842,1524.3,slow
28,male,164,87,14315,1760.0,32.34681737061273,3344.0,fast
19,female,156,68,2000,1399.0,27.94214332675871,1678.8,slow
21,female,150,45,5911,1121.5,20.0,1542.0625,slow
48,female,168,63,5143,1279.0,22.321428571428577,1758.625,slow
30,female,159,72,9186,1402.75,28.479886080455675,2174.2625000000003,medium
31,male,167,70,7604,1593.75,25.099501595611173,2470.3125,fast
36,male,174,71,11001,1622.5,23.450918219051392,2798.8125,fast
28,male,168,93,11014,1845.0,32.95068027210885,3182.625,fast
22,male,151,62,10068,1458.75,27.19178983377922,2516.34375,fast
29,female,162,63,13479,1336.5,24.005486968449926,2539.35,fast
35,female,156,71,3151,1349.0,29.17488494411571,1618.8,slow
44,male,172,72,7406,1580.0,24.337479718766904,2172.5,medium
42,male,157,79,6478,1566.25,32.049981743681286,2153.59375,medium
32,female,174,45,6194,1216.5,14.863258026159334,1672.6875,slow
41,female,156,62,9334,1229.0,25.476660092044707,1904.95,slow
22,female,158,78,6461,1496.5,31.244992789617044,2057.6875,medium
41,female,150,63,8115,1201.5,28.0,1862.325,slow
50,male,177,68,3647,1541.25,21.705129432793896,1849.5,slow
39,female,170,70,6966,1406.5,24.221453287197235,1933.9375,medium
30,female,157,68,3763,1350.25,27.587326057852245,1620.3,slow
18,female,156,70,9142,1424.0,28.763971071663377,2207.2000000000003,medium
31,male,170,74,6619,1652.5,25.605536332179934,2272.1875,fast
24,male,176,68,8804,1665.0,21.952479338842977,2580.75,fast
38,male,171,79,11633,1673.75,27.01685988851271,2887.21875,fast
32,male,173,70,5187,1626.25,23.38868655818771,2236.09375,medium
55,male,153,81,9282,1496.25,34.602076124567475,2319.1875,fast
27,male,173,79,8395,1741.25,26.395803401383272,2698.9375,fast
31,female,156,48,7011,1139.0,19.72386587771203,1566.125,slow
30,female,153,83,3427,1475.25,35.45644837455679,1770.3,slow
20,male,166,62,10071,1562.5,22.49963710262738,2695.3125,fast
41,male,165,74,5961,1571.25,27.180899908172638,2160.46875,medium
41,male,170,74,7267,1602.5,25.605536332179934,2203.4375,medium
28,female,162,46,7019,1171.5,17.527815881725342,1610.8125,slow
25,female,164,50,12834,1239.0,18.590124925639504,2354.1,fast
47,male,168,65,9424,1470.0,23.030045351473927,2278.5,fast
31,female,157,58,10897,1245.25,23.53036634346221,2148.05625,medium
47,male,168,65,11363,1470.0,23.030045351473927,2535.75,fast
29,female,160,45,11564,1144.0,17.578124999999996,1973.4,medium
36,female,164,73,8990,1414.0,27.141582391433676,2191.7000000000003,medium
36,female,155,49,11150,1117.75,20.39542143600416,1928.11875,medium
26,female,169,59,10245,1355.25,20.65754000210077,2337.80625,fast
42,female,164,45,7819,1104.0,16.731112433075552,1711.2,slow
28,female,168,62,12545,1369.0,21.9671201814059,2601.1,fast
34,female,162,58,6585,1261.5,22.10028959000152,1734.5625,slow
45,female,163,54,6992,1172.75,20.32443825510934,1612.53125,slow
37,male,168,82,8481,1690.0,29.053287981859416,2619.5,fast
33,female,171,49,8236,1232.75,16.75729284224206,1910.7625,slow
18,male,177,56,10092,1581.25,17.87481247406556,2727.65625,fast
20,female,168,52,9792,1309.0,18.42403628117914,2028.95,medium
28,female,167,63,8357,1372.75,22.589551436050055,2127.7625000000003,medium
45,male,177,76,4418,1646.25,24.258674071946118,1975.5,medium
33,male,178,67,3560,1622.5,21.146319909102385,1947.0,medium
24,male,166,92,6997,1842.5,33.386558281318045,2533.4375,fast
37,male,165,83,5860,1681.25,30.48668503213958,2311.71875,fast
52,male,164,63,6322,1400.0,23.423557406305775,1925.0,medium
34,male,156,86,6821,1670.0,35.33859303090072,2296.25,fast
22,female,159,65,8651,1372.75,25.71100826707804,2127.7625000000003,medium
32,female,158,47,2296,1136.5,18.82711103989745,1363.8,slow
45,female,163,47,8562,1102.75,17.68978885166924,1709.2625,slow
35,male,165,70,5978,1561.25,25.71166207529844,2146.71875,medium
29,female,150,64,7553,1271.5,28.444444444444443,1970.825,medium
47,male,171,92,4130,1758.75,31.462672275229988,2110.5,medium
18,female,154,67,8902,1381.5,28.25096980941137,2141.3250000000003,medium
33,female,171,64,4907,1382.75,21.887076365377382,1659.3,slow
23,male,159,47,6289,1353.75,18.59103674696412,1861.40625,slow
43,female,150,69,7569,1251.5,30.666666666666668,1939.825,medium
31,female,150,52,5492,1141.5,23.11111111111111,1569.5625,slow
22,male,172,71,6972,1680.0,23.99945916711736,2310.0,fast
41,male,160,82,7516,1620.0,32.03124999999999,2511.0,fast
21,male,169,80,7127,1756.25,28.01022373166206,2414.84375,fast
27,female,157,63,5965,1315.25,25.558846200657225,1808.46875,slow
46,female,159,55,5606,1152.75,21.75546853368142,1585.03125,slow
33,female,161,68,8344,1360.25,26.23355580417422,2108.3875000000003,medium
26,male,171,63,6108,1573.75,21.545090797168363,2163.90625,medium
43,male,171,79,5440,1648.75,27.01685988851271,2267.03125,medium
25,female,158,64,5048,1341.5,25.63691716071142,1844.5625,slow
31,female,166,54,8660,1261.5,19.5964581216432,1955.325,medium
54,male,170,83,6635,1627.5,28.719723183391007,2237.8125,medium
32,female,168,62,7834,1349.0,21.9671201814059,2090.9500000000003,medium
26,male,178,62,5942,1607.5,19.568236333796236,2210.3125,medium
32,male,179,99,9699,1953.75,30.8979120501857,3028.3125,fast
41,male,159,64,6688,1433.75,25.315454293738377,1971.40625,medium
24,male,183,86,8126,1888.75,25.680074054167036,2927.5625,fast
37,female,156,71,10509,1339.0,29.17488494411571,2309.775,fast
45,female,162,82,8274,1446.5,31.24523700655387,2242.0750000000003,medium
24,male,169,52,8537,1461.25,18.20664542558034,2264.9375,medium
34,male,166,72,8344,1592.5,26.1286108288576,2468.375,fast
35,male,168,73,4220,1610.0,25.86451247165533,1932.0,medium
34,female,156,62,6151,1264.0,25.476660092044707,1738.0,slow
35,male,171,60,5495,1498.75,20.519134092541297,2060.78125,medium
32,male,180,49,6641,1460.0,15.123456790123456,2007.5,medium
34,female,163,51,3719,1197.75,19.195302796492154,1437.3,slow
25,female,155,59,8048,1272.75,24.55775234131113,1972.7625,medium
28,male,161,64,3467,1511.25,24.690405462752206,1813.5,slow
39,female,160,49,5430,1134.0,19.140624999999996,1559.25,slow
35,male,168,84,9779,1720.0,29.761904761904766,2666.0,fast
30,female,162,66,8758,1361.5,25.14860539551897,2110.3250000000003,medium
24,male,174,66,3341,1632.5,21.79944510503369,1959.0,medium
32,female,169,68,6302,1415.25,23.80869017191275,1945.96875,medium
41,male,163,94,6845,1758.75,35.37957770333848,2418.28125,fast
38,male,163,82,9680,1653.75,30.863035868869737,2563.3125,fast
47,male,173,52,8240,1371.25,17.374452871796585,2125.4375,medium
36,male,165,68,3066,1536.25,24.977043158861342,1843.5,slow
43,female,158,65,10173,1261.5,26.037493991347535,2176.0875,medium
42,male,185,66,12464,1611.25,19.284149013878743,2779.40625,fast
18,male,172,56,10331,1550.0,18.92915089237426,2673.75,fast
18,female,150,49,10869,1176.5,21.77777777777778,2029.4625,medium
45,male,170,80,10012,1642.5,27.68166089965398,2833.3125,fast
31,female,155,51,5607,1162.75,21.227887617065555,1598.78125,slow
24,female,154,65,9856,1331.5,27.40765727778715,2063.8250000000003,medium
21,male,178,86,6041,1872.5,27.143037495265748,2574.6875,fast
38,female,158,62,9833,1256.5,24.83576349943919,1947.575,medium
23,female,171,57,8202,1362.75,19.493177387914233,2112.2625000000003,medium
26,female,153,65,7610,1315.25,27.76709812465291,2038.6375,medium
38,female,165,63,11040,1310.25,23.140495867768596,2260.18125,medium
31,male,169,73,7421,1636.25,25.55932915514163,2249.84375,medium
29,male,167,65,4627,1553.75,23.306680053067517,1864.5,slow
31,male,164,67,8105,1545.0,24.910767400356935,2394.75,fast
32,male,178,64,8011,1597.5,20.199469763918696,2476.125,fast
25,male,172,59,8151,1545.0,19.94321254732288,2394.75,fast
29,female,150,78,5057,1411.5,34.666666666666664,1940.8125,medium
40,female,166,65,8415,1326.5,23.588329220496444,2056.0750000000003,medium
24,male,180,79,7775,1800.0,24.382716049382715,2790.0,fast
37,male,166,100,7197,1857.5,36.289737262302225,2554.0625,fast
24,female,164,61,7189,1354.0,22.679952409280194,1861.75,slow
34,female,157,62,2595,1270.25,25.153150229218223,1524.3,slow
37,female,155,60,10522,1222.75,24.97398543184183,2109.24375,medium
39,female,165,60,7806,1275.25,22.03856749311295,1976.6375,medium
38,male,176,74,10991,1655.0,23.889462809917354,2854.875,fast
38,male,169,64,5091,1511.25,22.40817898532965,2077.96875,medium
49,male,166,68,10990,1477.5,24.677021338365513,2548.6875,fast
27,male,185,68,9747,1706.25,19.86851716581446,2644.6875,fast
29,male,169,74,10281,1656.25,25.909456951787405,2857.03125,fast
35,female,155,45,10185,1082.75,18.730489073881373,1867.74375,slow
26,male,189,69,3279,1746.25,19.31636852271773,2095.5,medium
40,male,175,84,6673,1738.75,27.428571428571427,2390.78125,fast
58,female,160,94,6367,1489.0,36.71874999999999,2047.375,medium
32,female,157,66,7973,1320.25,26.775934114974238,2046.3875,medium
21,female,162,64,4242,1386.5,24.38652644413961,1663.8,slow
35,male,173,62,4506,1531.25,20.715693808680545,1837.5,slow
31,female,155,74,4515,1392.75,30.80124869927159,1671.3,slow
35,female,155,62,10006,1252.75,25.806451612903224,2160.99375,medium
29,male,178,77,7986,1742.5,24.302487059714682,2700.875,fast
19,female,150,65,3076,1331.5,28.88888888888889,1597.8,slow
31,male,171,66,9248,1578.75,22.571047501795427,2447.0625,fast
32,male,159,82,8741,1658.75,32.4354258138523,2571.0625,fast
54,male,171,85,5180,1653.75,29.06877329776684,2273.90625,fast
18,male,162,78,12931,1707.5,29.721079103795148,3244.25,fast
42,male,166,73,6975,1562.5,26.491508201480624,2148.4375,medium
24,female,160,60,5655,1319.0,23.437499999999996,1813.625,slow
29,female,172,59,5236,1359.0,19.94321254732288,1868.625,slow
18,female,160,68,6133,1429.0,26.562499999999996,1964.875,medium
26,female,152,48,5990,1139.0,20.775623268698062,1566.125,slow
49,female,162,61,10363,1216.5,23.243408017070564,2098.4625,medium
29,male,170,64,9555,1562.5,22.145328719723185,2421.875,fast
31,female,150,61,3832,1231.5,27.11111111111111,1477.8,slow
31,male,164,72,7012,1595.0,26.769779892920884,2193.125,medium
29,female,160,67,7848,1364.0,26.171874999999996,2114.2000000000003,medium
34,male,175,70,5038,1628.75,22.857142857142858,2239.53125,medium
18,male,167,65,7868,1608.75,23.306680053067517,2493.5625,fast
32,male,167,66,4840,1548.75,23.66524436157625,1858.5,slow
42,female,156,74,7649,1344.0,30.407626561472714,2083.2000000000003,medium
43,male,161,77,5316,1566.25,29.705644072373747,2153.59375,medium
26,female,162,60,4627,1321.5,22.86236854138088,1585.8,slow
48,female,154,49,8666,1051.5,20.66115702479339,1629.825,slow
54,male,186,81,7671,1707.5,23.413111342351716,2646.625,fast
30,female,161,85,6157,1545.25,32.79194475521777,2124.71875,medium
25,male,181,76,5996,1771.25,23.198315069747565,2435.46875,fast
36,female,163,69,7993,1367.75,25.970115548195267,2120.0125000000003,medium
43,male,172,93,6882,1795.0,31.435911303407252,2468.125,fast
40,female,154,62,7497,1221.5,26.14268848035082,1679.5625,slow
55,male,172,61,10835,1415.0,20.61925365062196,2440.875,fast
34,male,162,71,3100,1557.5,27.053802773967377,1869.0,slow
26,male,182,71,7408,1722.5,21.434609346697258,2368.4375,fast
47,male,171,82,9856,1658.75,28.042816593139772,2571.0625,fast
36,male,159,71,6774,1528.75,28.084332107116012,2102.03125,medium
40,male,181,70,6265,1636.25,21.36686914318855,2249.84375,medium
46,female,165,60,2437,1240.25,22.03856749311295,1488.3,slow
42,male,179,61,10044,1523.75,19.038107424861895,2628.46875,fast
33,female,163,70,9339,1392.75,26.346494034400994,2158.7625000000003,medium
22,female,153,80,6841,1485.25,34.17488999957281,2042.21875,medium
35,male,174,88,11186,1797.5,29.065926806711587,3100.6875,fast
40,female,167,71,9722,1392.75,25.458065904119906,2158.7625000000003,medium
19,male,171,80,5747,1778.75,27.358845456721728,2445.78125,fast
31,male,174,58,8500,1517.5,19.157088122605362,2352.125,fast
44,female,164,63,6113,1274.0,23.423557406305775,1751.75,slow
24,male,167,60,6481,1528.75,21.513858510523864,2102.03125,medium
35,male,166,69,6968,1557.5,25.039918710988534,2141.5625,medium
28,male,163,55,10128,1433.75,20.70081674131507,2473.21875,fast
34,female,150,45,8990,1056.5,20.0,1637.575,slow
23,female,166,56,6833,1321.5,20.322252866889244,1817.0625,slow
26,female,166,56,7264,1306.5,20.322252866889244,1796.4375,slow
39,female,159,75,9506,1387.75,29.666548000474663,2151.0125000000003,medium
46,female,151,45,13349,1002.75,19.735976492259113,1905.225,slow
26,male,162,77,4617,1657.5,29.340039628105465,1989.0,medium
43,male,173,76,5659,1631.25,25.393431120318084,2242.96875,medium
47,female,154,55,8746,1116.5,23.19109461966605,1730.575,slow
35,male,163,58,2000,1428.75,21.829952199932254,1714.5,slow
35,male,164,76,7798,1615.0,28.256989886972047,2503.25,fast
49,male,168,81,11340,1620.0,28.69897959183674,2794.5,fast
42,male,160,99,9549,1785.0,38.67187499999999,2766.75,fast
25,female,152,49,9147,1154.0,21.208448753462605,1788.7,slow
47,male,161,61,7583,1386.25,23.533042706685695,2148.6875,medium
18,male,174,69,3737,1692.5,22.79032897344431,2031.0,medium
35,female,150,46,6024,1061.5,20.444444444444443,1459.5625,slow
44,male,172,88,8445,1740.0,29.745808545159548,2697.0,fast
42,male,174,65,10914,1532.5,21.469150482230148,2643.5625,fast
38,male,175,68,10030,1588.75,22.20408163265306,2740.59375,fast
31,female,151,45,4662,1077.75,19.735976492259113,1293.3,slow
43,male,173,64,4884,1511.25,21.383941996057334,1813.5,slow
25,female,161,68,7729,1400.25,26.23355580417422,2170.3875000000003,medium
39,female,159,62,9930,1257.75,24.524346347059055,1949.5125,medium
29,female,169,65,2000,1400.25,22.758306781975424,1680.3,slow
52,female,153,61,6375,1145.25,26.05835362467427,1574.71875,slow
28,female,164,81,8020,1534.0,30.116002379535995,2377.7000000000003,fast
35,female,165,60,6313,1295.25,22.03856749311295,1780.96875,slow
38,female,164,62,6566,1294.0,23.051754907792983,1779.25,slow
26,male,176,63,5454,1605.0,20.33832644628099,2206.875,medium
25,female,157,53,4131,1225.25,21.50188648626719,1470.3,slow
25,female,171,45,8401,1232.75,15.389350569405973,1910.7625,slow
35,male,167,74,8425,1613.75,26.533758829646096,2501.3125,fast
26,female,163,45,3122,1177.75,16.937031879257784,1413.3,slow
37,male,163,97,6150,1808.75,36.50871316195567,2487.03125,fast
30,male,172,85,7705,1780.0,28.73174689021093,2759.0,fast
22,female,167,60,8012,1372.75,21.513858510523864,2127.7625000000003,medium
31,female,158,65,6047,1321.5,26.037493991347535,1817.0625,slow
20,female,163,72,8705,1477.75,27.09925100681245,2290.5125000000003,fast
30,male,183,62,7183,1618.75,18.513541759980885,2225.78125,medium
36,male,162,66,6541,1497.5,25.14860539551897,2059.0625,medium
24,female,172,45,9274,1244.0,15.210924824229314,1928.2,medium
28,male,179,67,7864,1653.75,20.91070815517618,2563.3125,fast
44,female,150,50,9100,1056.5,22.22222222222222,1637.575,slow
32,female,165,45,7280,1160.25,16.528925619834713,1595.34375,slow
18,female,161,56,4248,1315.25,21.60410477990818,1578.3,slow
45,female,168,71,6665,1374.0,25.15589569160998,1889.25,slow
22,male,173,52,11105,1496.25,17.374452871796585,2581.03125,fast
21,male,178,73,6167,1742.5,23.04002019946976,2395.9375,fast
49,male,177,83,11935,1696.25,26.493025631204315,2926.03125,fast
18,male,168,69,9950,1655.0,24.44727891156463,2565.25,fast
31,female,169,75,5359,1490.25,26.25958474843318,2049.09375,medium
41,female,155,65,6743,1252.75,27.055150884495315,1722.53125,slow
29,female,150,78,5576,1411.5,34.666666666666664,1940.8125,medium
21,male,179,52,11629,1538.75,16.22920632939047,2654.34375,fast
34,male,170,85,10943,1747.5,29.411764705882355,3014.4375,fast
34,male,168,56,7996,1445.0,19.841269841269845,2239.75,medium
34,female,160,65,11915,1319.0,25.390624999999996,2275.275,fast
39,male,163,75,7191,1578.75,28.228386465429637,2170.78125,medium
48,female,162,52,9654,1131.5,19.81405273586343,1753.825,slow
34,male,173,53,9234,1446.25,17.70857696548498,2241.6875,medium
51,female,158,64,10611,1211.5,25.63691716071142,2089.8375,medium
47,female,159,57,7292,1167.75,22.54657648036074,1605.65625,slow
48,female,158,50,9036,1086.5,20.028841531805796,1684.075,slow
18,male,176,72,9175,1735.0,23.243801652892564,2689.25,fast
31,female,157,86,5442,1525.25,34.889853543754306,2097.21875,medium
54,male,156,86,5550,1570.0,35.33859303090072,2158.75,medium
33,male,170,76,9420,1662.5,26.29757785467128,2576.875,fast
31,male,169,58,10306,1486.25,20.307412205454995,2563.78125,fast
27,female,157,55,9753,1235.25,22.313278429145196,1914.6375,slow
35,female,161,62,3194,1290.25,23.9188302920412,1548.3,slow
60,female,155,79,7338,1297.75,32.882414151925076,1784.40625,slow
25,female,152,58,10278,1244.0,25.10387811634349,2145.9,medium
18,male,167,66,5534,1618.75,23.66524436157625,2225.78125,medium
24,male,167,72,5291,1648.75,25.816630212628635,2267.03125,medium
18,male,170,79,5112,1767.5,27.33564013840831,2430.3125,fast
40,male,170,89,10029,1757.5,30.795847750865054,3031.6875,fast
42,male,153,59,8345,1341.25,25.20398137468495,2078.9375,medium
43,male,169,68,10935,1526.25,23.80869017191275,2632.78125,fast
33,male,171,51,5587,1418.75,17.441263978660103,1950.78125,medium
41,male,166,65,7595,1487.5,23.588329220496444,2305.625,fast
37,male,167,99,7312,1853.75,35.49786654236437,2548.90625,fast
32,male,180,75,7243,1720.0,23.148148148148145,2365.0,fast
38,male,162,86,3499,1687.5,32.769394909312595,2025.0,medium
37,female,156,52,4516,1149.0,21.367521367521366,1378.8,slow
37,female,165,48,6279,1165.25,17.63085399449036,1602.21875,slow
44,male,158,84,6682,1612.5,33.64845377343374,2217.1875,medium
32,male,175,58,6040,1518.75,18.93877551020408,2088.28125,medium
52,male,173,78,9189,1606.25,26.061679307694877,2489.6875,fast
31,male,178,57,11192,1532.5,17.99015275849009,2643.5625,fast
43,female,168,74,8088,1414.0,26.218820861678008,2191.7000000000003,medium
31,male,172,86,6515,1785.0,29.069767441860467,2454.375,fast
39,female,158,72,6333,1351.5,28.841531805800347,1858.3125,slow
25,female,167,68,6137,1437.75,24.38237297859371,1976.90625,medium
46,female,150,52,5692,1066.5,23.11111111111111,1466.4375,slow
36,female,152,66,9262,1269.0,28.566481994459835,1966.95,medium
45,male,161,81,7547,1596.25,31.24879441379576,2474.1875,fast
33,female,150,69,12845,1301.5,30.666666666666668,2472.85,fast
33,male,171,77,4522,1678.75,26.332888752094664,2014.5,medium
31,female,152,83,6370,1464.0,35.924515235457065,2013.0,medium
45,female,161,68,7585,1300.25,26.23355580417422,2015.3875,medium
50,male,170,68,7665,1497.5,23.529411764705884,2321.125,fast
26,male,164,86,6627,1760.0,31.975014872099948,2420.0,fast
49,male,153,81,7012,1526.25,34.602076124567475,2098.59375,medium
36,female,164,75,6607,1434.0,27.885187388459254,1971.75,medium
39,male,166,78,7738,1627.5,28.305995064595734,2522.625,fast
32,female,160,65,8816,1329.0,25.390624999999996,2059.9500000000003,medium
33,female,154,46,10020,1096.5,19.396188227357058,1891.4625,slow
24,male,164,84,6098,1750.0,31.231409875074366,2406.25,fast
50,female,161,73,6753,1325.25,28.162493730951734,1822.21875,slow
18,male,175,53,6294,1538.75,17.306122448979593,2115.78125,medium
35,female,158,61,11324,1261.5,24.435186668803073,2176.0875,medium
39,female,156,79,5327,1409.0,32.462195923734384,1937.375,medium
43,female,176,72,7092,1444.0,23.243801652892564,1985.5,medium
34,male,170,66,9832,1557.5,22.837370242214536,2414.125,fast
25,male,167,89,9269,1813.75,31.912223457277065,2811.3125,fast
32,female,162,67,9959,1361.5,25.529644871208653,2110.3250000000003,medium
20,female,150,68,8302,1356.5,30.22222222222222,2102.5750000000003,medium
33,female,165,59,4849,1295.25,21.6712580348944,1554.3,slow
22,male,172,56,4696,1530.0,18.92915089237426,1836.0,slow
32,male,175,56,9190,1498.75,18.285714285714285,2323.0625,fast
18,male,163,72,7141,1653.75,27.09925100681245,2273.90625,fast
41,female,160,63,9509,1264.0,24.609374999999996,1959.2,medium
42,male,158,72,7792,1502.5,28.841531805800347,2328.875,fast
36,female,166,56,7730,1256.5,20.322252866889244,1947.575,medium
24,male,164,66,9997,1570.0,24.538964901844146,2433.5,fast
36,female,157,63,8834,1270.25,25.558846200657225,1968.8875,medium
45,male,175,71,3892,1583.75,23.183673469387756,1900.5,slow
28,female,169,69,11677,1445.25,24.158817968558527,2493.05625,fast
46,male,167,74,4657,1558.75,26.533758829646096,1870.5,slow
37,female,162,86,7702,1526.5,32.769394909312595,2366.0750000000003,fast
29,female,155,45,5579,1112.75,18.730489073881373,1530.03125,slow
30,female,163,75,6515,1457.75,28.228386465429637,2004.40625,medium
24,male,158,62,6474,1492.5,24.83576349943919,2052.1875,medium
19,female,166,74,6031,1521.5,26.854405574103644,2092.0625,medium
28,female,150,77,10812,1406.5,34.22222222222222,2426.2125,fast
35,male,165,60,6566,1461.25,22.03856749311295,2009.21875,medium
43,male,171,74,7646,1598.75,25.3069320474676,2478.0625,fast
36,female,158,60,9269,1246.5,24.034609838166958,1932.075,medium
33,male,174,75,8899,1677.5,24.772096710265558,2600.125,fast
29,male,172,100,8965,1935.0,33.802055164954034,2999.25,fast
39,female,160,86,6959,1504.0,33.59374999999999,2068.0,medium
32,male,163,60,8025,1463.75,22.582709172343712,2268.8125,medium
34,male,178,79,2283,1737.5,24.933720489837143,2085.0,medium
49,female,166,55,8482,1181.5,19.959355494266223,1831.325,slow
50,male,166,70,4888,1492.5,25.402816083611555,1791.0,slow
46,male,173,68,8720,1536.25,22.720438370810918,2381.1875,fast
22,female,157,63,6068,1340.25,25.558846200657225,1842.84375,slow
31,male,170,66,7084,1572.5,22.837370242214536,2162.1875,medium
35,male,162,85,11710,1692.5,32.38835543362292,2919.5625,fast
42,male,163,92,9474,1733.75,34.62682073092702,2687.3125,fast
31,male,174,69,6512,1627.5,22.79032897344431,2237.8125,medium
36,male,164,70,2000,1550.0,26.026174895895306,1860.0,slow
28,female,156,56,6302,1234.0,23.011176857330703,1696.75,slow
37,male,172,77,6736,1665.0,26.027582477014604,2289.375,fast
48,male,162,47,6652,1247.5,17.908855357415025,1715.3125,slow
47,female,162,61,6810,1226.5,23.243408017070564,1686.4375,slow
39,female,153,78,6365,1380.25,33.320517749583495,1897.84375,slow
21,female,152,60,5656,1284.0,25.969529085872576,1765.5,slow
48,female,164,62,7495,1244.0,23.051754907792983,1710.5,slow
35,male,171,76,8898,1658.75,25.990903183885642,2571.0625,fast
45,female,163,65,8770,1282.75,24.46460160337235,1988.2625,medium
26,female,156,73,7258,1414.0,29.996712689020377,1944.25,medium
25,female,154,81,7717,1486.5,34.15415753078091,2304.0750000000003,fast
27,male,173,82,2661,1771.25,27.39817568244846,2125.5,medium
40,male,163,68,11103,1503.75,25.59373706198954,2593.96875,fast
24,male,159,73,6809,1608.75,28.875440053795337,2212.03125,medium
33,female,150,73,9361,1341.5,32.44444444444444,2079.3250000000003,medium
37,male,161,85,10666,1676.25,32.79194475521777,2891.53125,fast
38,male,174,65,7926,1552.5,21.469150482230148,2406.375,fast
49,female,162,55,7607,1156.5,20.957171162932475,1792.575,slow
29,female,165,56,7763,1285.25,20.569329660238754,1992.1375,medium
24,male,165,64,7429,1556.25,23.507805325987146,2139.84375,medium
35,female,158,62,8022,1271.5,24.83576349943919,1970.825,medium
33,female,165,79,9905,1495.25,29.017447199265384,2317.6375000000003,fast
48,female,156,57,9662,1144.0,23.422090729783037,1773.2,slow
60,female,172,68,9646,1294.0,22.985397512168742,2005.7,medium
38,male,167,62,6666,1478.75,22.230987127541326,2033.28125,medium
34,male,178,76,6614,1707.5,23.98687034465345,2347.8125,fast
28,female,150,45,6029,1086.5,20.0,1493.9375,slow
41,female,166,45,9912,1121.5,16.330381768036002,1738.325,slow
26,female,166,75,10086,1496.5,27.21730294672667,2581.4625,fast
27,male,162,53,5257,1412.5,20.195092211553114,1942.1875,medium
18,female,151,55,6637,1242.75,24.121749046094468,1708.78125,slow
23,female,167,86,8009,1627.75,30.83653053175087,2523.0125000000003,fast
36,female,153,45,9461,1065.25,19.223375624759708,1651.1375,slow
50,male,167,84,4921,1638.75,30.11940191473341,1966.5,medium
42,male,167,50,5281,1338.75,17.92821542543655,1840.78125,slow
38,male,183,64,10714,1598.75,19.1107527844964,2757.84375,fast
47,female,160,56,8930,1164.0,21.874999999999996,1804.2,slow
47,female,158,75,8460,1341.5,30.043262297708697,2079.3250000000003,medium
30,male,166,73,6046,1622.5,26.491508201480624,2230.9375,medium
47,male,168,63,8406,1450.0,22.321428571428577,2247.5,medium
20,male,161,73,2000,1641.25,28.162493730951734,1969.5,medium
26,male,180,88,3044,1880.0,27.160493827160494,2256.0,medium
26,female,152,55,2676,1209.0,23.80540166204986,1450.8,slow
39,female,154,65,5012,1256.5,27.40765727778715,1727.6875,slow
41,male,164,48,8668,1305.0,17.846519928613922,2022.75,medium
41,female,153,45,8212,1040.25,19.223375624759708,1612.3875,slow
32,male,178,82,10455,1777.5,25.88057063502083,3066.1875,fast
57,female,166,85,9741,1441.5,30.84627667295689,2234.3250000000003,medium
18,male,161,45,7311,1371.25,17.360441340997646,1885.46875,slow
31,male,164,65,7808,1525.0,24.167162403331353,2363.75,fast
45,male,182,70,6465,1617.5,21.132713440405748,2224.0625,medium
18,male,173,47,10685,1466.25,15.703832403354605,2529.28125,fast
24,female,153,69,3992,1365.25,29.475842624631554,1638.3,slow
20,male,167,89,6871,1838.75,31.912223457277065,2528.28125,fast
18,male,167,68,6314,1638.75,24.38237297859371,2253.28125,medium
21,female,164,75,11063,1509.0,27.885187388459254,2603.025,fast
46,female,153,48,8794,1045.25,20.504933999743688,1620.1375,slow
35,female,150,45,10490,1051.5,20.0,1813.8375,slow
38,male,166,63,8060,1482.5,22.8625344752504,2297.875,fast
35,male,182,63,8307,1597.5,19.01944209636517,2476.125,fast
34,male,170,61,5682,1507.5,21.107266435986162,2072.8125,medium
26,female,168,49,5171,1249.0,17.361111111111114,1717.375,slow
21,male,180,75,8551,1775.0,23.148148148148145,2751.25,fast
22,male,163,64,8592,1553.75,24.088223117166624,2408.3125,fast
31,female,157,45,9153,1115.25,18.25631871475516,1728.6375,slow
31,female,168,73,7393,1464.0,25.86451247165533,2013.0,medium
25,male,180,74,6919,1745.0,22.839506172839506,2399.375,fast
54,female,162,67,5016,1251.5,25.529644871208653,1720.8125,slow
19,female,161,76,4094,1510.25,29.319856487018246,1812.3,slow
46,female,170,75,6659,1421.5,25.95155709342561,1954.5625,medium
43,male,179,85,11641,1758.75,26.528510346119035,3033.84375,fast
46,female,153,75,7861,1315.25,32.038959374599514,2038.6375,medium
34,male,165,81,9181,1676.25,29.752066115702483,2598.1875,fast
43,male,170,60,4424,1452.5,20.761245674740486,1743.0,slow
46,male,164,76,8072,1560.0,28.256989886972047,2418.0,fast
36,male,177,74,3665,1671.25,23.620287912158062,2005.5,medium
33,male,170,68,10989,1582.5,23.529411764705884,2729.8125,fast
55,female,156,65,8688,1189.0,26.709401709401707,1842.95,slow
25,male,174,94,4581,1907.5,31.04769454353283,2289.0,fast
30,male,176,67,9769,1625.0,21.62964876033058,2518.75,fast
54,male,170,62,9526,1417.5,21.453287197231838,2197.125,medium
34,female,154,45,9206,1081.5,18.974531961544947,1676.325,slow
50,female,157,56,5698,1130.25,22.7189744005842,1554.09375,slow
43,male,157,88,10510,1651.25,35.70124548663232,2848.40625,fast
32,female,160,72,9823,1399.0,28.124999999999993,2168.4500000000003,medium
47,female,153,46,7214,1020.25,19.650561749754367,1402.84375,slow
39,female,159,70,8834,1337.75,27.688778133776353,2073.5125000000003,medium
29,female,173,64,6273,1415.25,21.383941996057334,1945.96875,medium
59,female,168,62,5428,1214.0,21.9671201814059,1669.25,slow
44,female,162,49,9666,1121.5,18.670934308794386,1738.325,slow
37,female,158,66,5036,1301.5,26.43807082198365,1789.5625,slow
25,male,166,86,8954,1777.5,31.20917404557991,2755.125,fast
37,male,154,100,7450,1782.5,42.165626581211,2450.9375,fast
38,male,170,77,8622,1647.5,26.643598615916957,2553.625,fast
29,male,175,82,10479,1773.75,26.775510204081634,3059.71875,fast
39,female,162,45,3524,1106.5,17.146776406035663,1327.8,slow
31,female,162,82,10177,1516.5,31.24523700655387,2615.9625,fast
53,male,164,73,7207,1495.0,27.141582391433676,2055.625,medium
27,male,168,51,8801,1430.0,18.069727891156464,2216.5,medium
18,female,150,62,4282,1306.5,27.555555555555557,1567.8,slow
33,female,155,55,6584,1192.75,22.892819979188342,1640.03125,slow
40,female,158,81,8885,1436.5,32.446723281525394,2226.5750000000003,medium
28,female,150,74,11384,1376.5,32.888888888888886,2374.4625,fast
40,female,166,81,11080,1486.5,29.3946871824648,2564.2125,fast
34,male,161,93,5230,1771.25,35.878245438061796,2435.46875,fast
38,male,176,57,6503,1485.0,18.401342975206614,2041.875,medium
18,male,177,81,11421,1831.25,25.854639471416256,3158.90625,fast
32,female,159,58,6939,1252.75,22.942130453700404,1722.53125,slow
35,male,172,90,5134,1805.0,30.42184964845863,2481.875,fast
52,male,166,83,12434,1612.5,30.120481927710845,2781.5625,fast
32,female,153,45,8935,1085.25,19.223375624759708,1682.1375,slow
38,female,166,62,5492,1306.5,22.49963710262738,1796.4375,slow
28,male,179,52,12854,1503.75,16.22920632939047,2857.125,fast
56,male,176,81,6136,1635.0,26.149276859504134,2248.125,medium
44,male,156,56,10498,1320.0,23.011176857330703,2277.0,fast
31,female,159,69,8699,1367.75,27.29322416043669,2120.0125000000003,medium
45,male,170,60,2861,1442.5,20.761245674740486,1731.0,slow
42,male,166,94,3904,1772.5,34.11235302656409,2127.0,medium
31,male,164,60,8624,1475.0,22.308149910767405,2286.25,fast
43,female,159,62,6528,1237.75,24.524346347059055,1701.90625,slow
29,female,155,50,7244,1162.75,20.811654526534856,1598.78125,slow
50,male,168,67,10173,1475.0,23.738662131519277,2544.375,fast
44,female,158,53,7416,1136.5,21.230572023714146,1562.6875,slow
20,female,172,60,4521,1414.0,20.281233098972418,1696.8,slow
28,male,171,82,5124,1753.75,28.042816593139772,2411.40625,fast
37,male,163,60,5614,1438.75,22.582709172343712,1978.28125,medium
46,female,164,48,6613,1114.0,17.846519928613922,1531.75,slow
40,male,171,68,5736,1553.75,23.25501863821347,2136.40625,medium
52,male,163,64,4540,1403.75,24.088223117166624,1684.5,slow
18,male,167,71,4826,1668.75,25.458065904119906,2002.5,medium
19,female,163,68,9751,1442.75,25.59373706198954,2236.2625000000003,medium
47,male,173,75,4901,1601.25,25.05930702662969,1921.5,slow
47,male,172,73,6114,1575.0,24.675500270416443,2165.625,medium
18,female,166,53,4985,1316.5,19.233560749020178,1579.8,slow
41,male,160,57,9358,1370.0,22.265624999999996,2123.5,medium
32,female,150,66,7828,1276.5,29.333333333333332,1978.575,medium
21,female,155,53,8815,1232.75,22.060353798126947,1910.7625,slow
23,female,165,76,12852,1515.25,27.915518824609737,2878.975,fast
44,female,157,64,10177,1240.25,25.96454217209623,2139.43125,medium
35,male,178,64,10206,1582.5,20.199469763918696,2729.8125,fast
40,male,174,66,8721,1552.5,21.79944510503369,2406.375,fast
42,male,173,74,2243,1616.25,24.725182932941294,1939.5,medium
42,male,173,72,6541,1596.25,24.0569347455645,2194.84375,medium
40,male,165,54,8701,1376.25,19.834710743801654,2133.1875,medium
29,male,165,75,6557,1641.25,27.548209366391188,2256.71875,medium
39,male,176,68,11180,1590.0,21.952479338842977,2742.75,fast
39,female,172,54,5706,1259.0,18.25310978907518,1731.125,slow
41,male,173,60,6483,1481.25,20.04744562130375,2036.71875,medium
31,female,152,48,5866,1114.0,20.775623268698062,1531.75,slow
18,male,176,100,8731,2015.0,32.28305785123967,3123.25,fast
38,female,150,74,10775,1326.5,32.888888888888886,2288.2125,fast
25,female,164,84,8022,1579.0,31.231409875074366,2447.4500000000003,fast
35,female,157,59,7670,1235.25,23.93606231490121,1914.6375,slow
42,female,161,45,8850,1085.25,17.360441340997646,1682.1375,slow
32,male,155,67,8941,1483.75,27.887617065556707,2299.8125,fast
38,male,154,74,11164,1517.5,31.20256367009614,2617.6875,fast
23,male,170,74,8490,1692.5,25.605536332179934,2623.375,fast
35,female,157,79,10982,1435.25,32.049981743681286,2475.80625,fast
49,female,153,59,10164,1140.25,25.20398137468495,1966.93125,medium
39,female,161,56,2000,1210.25,21.60410477990818,1452.3,slow
49,female,152,61,5056,1154.0,26.40235457063712,1586.75,slow
25,female,160,56,5904,1274.0,21.874999999999996,1751.75,slow
36,male,159,86,9783,1678.75,34.01764170721095,2602.0625,fast
18,male,166,71,7451,1662.5,25.76571345623458,2285.9375,fast
29,male,170,63,7071,1552.5,21.79930795847751,2134.6875,medium
42,male,165,64,10222,1466.25,23.507805325987146,2529.28125,fast
24,female,150,51,11047,1166.5,22.666666666666668,2012.2125,medium
33,female,152,72,9520,1344.0,31.16343490304709,2083.2000000000003,medium
31,female,169,86,7226,1600.25,30.110990511536716,2200.34375,medium
56,male,176,67,6050,1495.0,21.62964876033058,2055.625,medium
38,female,160,57,9097,1219.0,22.265624999999996,1889.45,slow
23,male,171,90,8309,1858.75,30.778701138811947,2881.0625,fast
39,female,164,66,8951,1329.0,24.538964901844146,2059.9500000000003,medium
36,male,173,78,8220,1686.25,26.061679307694877,2613.6875,fast
26,female,159,51,5613,1212.75,20.17325264032277,1667.53125,slow
44,male,171,67,6824,1523.75,22.91303307000445,2095.15625,medium
37,female,171,60,9197,1322.75,20.519134092541297,2050.2625000000003,medium
42,female,166,61,7838,1276.5,22.136739730004358,1978.575,medium
29,female,153,53,9371,1180.25,22.64086462471699,1829.3875,slow
36,female,163,53,6467,1207.75,19.94805976890361,1660.65625,slow
37,female,169,55,9330,1260.25,19.257028815517668,1953.3875,medium
27,male,161,56,9259,1436.25,21.60410477990818,2226.1875,medium
43,female,150,60,4925,1161.5,26.666666666666668,1393.8,slow
44,female,168,52,7545,1189.0,18.42403628117914,1842.95,slow
27,female,161,64,4882,1350.25,24.690405462752206,1620.3,slow
27,female,158,72,4657,1411.5,28.841531805800347,1693.8,slow
30,female,152,46,10153,1099.0,19.909972299168974,1895.775,slow
45,male,174,56,7684,1427.5,18.49649887699828,2212.625,medium
36,female,150,71,10295,1306.5,31.555555555555557,2253.7125,medium
27,male,168,97,5779,1890.0,34.367913832199555,2598.75,fast
18,female,162,60,9603,1361.5,22.86236854138088,2110.3250000000003,medium
46,male,164,74,9499,1540.0,27.513384889946465,2387.0,fast
18,male,179,66,8346,1693.75,20.598608033457133,2625.3125,fast
27,female,164,56,7060,1289.0,20.820939916716245,1772.375,slow
31,male,170,80,7984,1712.5,27.68166089965398,2654.375,fast
22,male,170,63,9115,1587.5,21.79930795847751,2460.625,fast
49,male,168,75,6746,1560.0,26.573129251700685,2145.0,medium
36,female,159,48,7135,1132.75,18.986590720303784,1557.53125,slow
30,male,169,67,5453,1581.25,23.458562375266975,2174.21875,medium
41,female,162,71,8750,1356.5,27.053802773967377,2102.5750000000003,medium
36,female,153,79,6535,1405.25,33.74770387457816,1932.21875,medium
41,male,177,68,8053,1586.25,21.705129432793896,2458.6875,fast
35,male,166,59,3196,1457.5,21.410944984758313,1749.0,slow
33,male,163,67,6205,1528.75,25.21735857578381,2102.03125,medium
47,female,163,70,4872,1322.75,26.346494034400994,1587.3,slow
19,male,186,48,8286,1552.5,13.874436351023238,2406.375,fast
41,female,158,76,6468,1381.5,30.443839128344813,1899.5625,slow
31,male,156,71,5627,1535.0,29.17488494411571,2110.625,medium
44,female,167,65,5482,1312.75,23.306680053067517,1805.03125,slow
52,male,170,56,6536,1367.5,19.377162629757787,1880.3125,slow
39,female,166,46,10240,1141.5,16.693279140659023,1969.0875,medium
36,female,159,45,6306,1102.75,17.799928800284796,1516.28125,slow
35,male,164,65,6479,1505.0,24.167162403331353,2069.375,medium
28,male,161,58,4771,1451.25,22.375679950619187,1741.5,slow
24,female,168,54,5599,1309.0,19.13265306122449,1799.875,slow
27,male,160,49,4266,1360.0,19.140624999999996,1632.0,slow
39,female,155,64,6216,1252.75,26.638917793964616,1722.53125,slow
44,male,172,63,6496,1490.0,21.29529475392104,2048.75,medium
37,male,182,73,8941,1687.5,22.03840115928028,2615.625,fast
44,male,170,76,8793,1607.5,26.29757785467128,2491.625,fast
32,female,155,57,10152,1217.75,23.725286160249738,2100.61875,medium
42,female,163,49,12080,1137.75,18.442545824080696,1962.61875,medium
24,male,184,67,3693,1705.0,19.78969754253308,2046.0,medium
26,male,165,83,7841,1736.25,30.48668503213958,2691.1875,fast
24,female,150,62,9740,1276.5,27.555555555555557,1978.575,medium
24,female,162,75,6523,1481.5,28.577960676726104,2037.0625,medium
42,female,150,63,6298,1196.5,28.0,1645.1875,slow
45,female,167,63,10466,1287.75,22.589551436050055,2221.36875,medium
38,male,169,73,4445,1601.25,25.55932915514163,1921.5,slow
31,male,165,96,6805,1841.25,35.26170798898072,2531.71875,fast
46,female,164,58,6153,1214.0,21.564544913741823,1669.25,slow
45,female,163,54,9860,1172.75,20.32443825510934,1817.7625,slow
35,female,172,45,11739,1189.0,15.210924824229314,2051.025,medium
36,male,173,64,8202,1546.25,21.383941996057334,2396.6875,fast
35,male,180,45,8020,1405.0,13.888888888888888,2177.75,medium
34,male,164,79,9252,1650.0,29.372397382510414,2557.5,fast
23,female,163,65,5574,1392.75,24.46460160337235,1915.03125,slow
32,male,162,79,8072,1647.5,30.102118579484827,2553.625,fast
27,female,171,69,5646,1462.75,23.59700420642249,2011.28125,medium
28,female,164,61,7051,1334.0,22.679952409280194,1834.25,slow
36,female,169,77,8397,1485.25,26.959840341724732,2302.1375000000003,fast
54,male,171,59,7172,1393.75,20.177148524332274,1916.40625,slow
30,female,168,64,2000,1379.0,22.67573696145125,1654.8,slow
25,male,167,97,4603,1893.75,34.78073792534691,2272.5,fast
39,female,158,61,5968,1241.5,24.435186668803073,1707.0625,slow
19,female,162,45,10013,1206.5,17.146776406035663,2081.2125,medium
32,male,172,61,8402,1530.0,20.61925365062196,2371.5,fast
34,female,166,45,6179,1156.5,16.330381768036002,1590.1875,slow
39,male,160,70,8566,1510.0,27.343749999999996,2340.5,fast
36,male,167,88,9698,1748.75,31.553659148768332,2710.5625,fast
51,female,157,59,12003,1155.25,23.93606231490121,1992.80625,medium
24,male,190,73,9510,1802.5,20.221606648199447,2793.875,fast
52,male,173,60,9450,1426.25,20.04744562130375,2210.6875,medium
18,male,175,71,6331,1718.75,23.183673469387756,2363.28125,fast
18,female,167,68,4206,1472.75,24.38237297859371,1767.3,slow
28,male,159,67,7570,1528.75,26.502116213757365,2369.5625,fast
23,female,164,57,7564,1319.0,21.192742415229034,2044.45,medium
28,male,160,76,7519,1625.0,29.687499999999993,2518.75,fast
38,male,171,65,5190,1533.75,22.229061933586404,2108.90625,medium
48,male,167,65,8636,1458.75,23.306680053067517,2261.0625,medium
34,male,173,81,4936,1726.25,27.064051588760066,2071.5,medium
18,female,158,65,8440,1386.5,26.037493991347535,2149.0750000000003,medium
33,male,178,61,10132,1562.5,19.252619618735007,2695.3125,fast
27,male,157,61,11096,1461.25,24.747454257779218,2520.65625,fast
46,female,169,59,6518,1255.25,20.65754000210077,1725.96875,slow
26,female,163,59,8527,1317.75,22.20633068613798,2042.5125,medium
27,female,156,68,2000,1359.0,27.94214332675871,1630.8,slow
18,female,156,60,8884,1324.0,24.654832347140037,2052.2000000000003,medium
19,female,150,52,10032,1201.5,23.11111111111111,2072.5875,medium
32,male,170,72,10683,1627.5,24.913494809688583,2807.4375,fast
35,male,181,70,5610,1661.25,21.36686914318855,2284.21875,fast
30,male,176,58,10201,1535.0,18.72417355371901,2647.875,fast
24,female,157,70,4349,1400.25,28.398718000730252,1680.3,slow
33,male,164,77,3690,1635.0,28.628792385484836,1962.0,medium
40,male,175,80,8084,1698.75,26.122448979591837,2633.0625,fast
21,male,175,56,11293,1553.75,18.285714285714285,2680.21875,fast
30,male,167,81,7542,1708.75,29.043708989207214,2648.5625,fast
41,male,172,69,7329,1565.0,23.323418063818284,2151.875,medium
45,female,153,66,10598,1230.25,28.194284249647573,2122.18125,medium
31,male,170,59,5574,1502.5,20.41522491349481,2065.9375,medium
39,male,169,66,8530,1526.25,23.1084345786212,2365.6875,fast
43,male,166,73,12648,1557.5,26.491508201480624,2959.25,fast
44,female,150,62,4949,1176.5,27.555555555555557,1411.8,slow
30,female,168,54,10968,1279.0,19.13265306122449,2206.275,medium
28,male,164,67,8423,1560.0,24.910767400356935,2418.0,fast
36,male,180,67,11364,1620.0,20.679012345679013,2794.5,fast
30,male,167,74,7961,1638.75,26.533758829646096,2540.0625,fast
20,male,169,54,6472,1501.25,18.906901018871892,2064.21875,medium
34,male,169,71,10744,1601.25,24.859073561850078,2762.15625,fast
22,male,167,73,8529,1668.75,26.175194521137367,2586.5625,fast
24,female,169,64,5996,1415.25,22.40817898532965,1945.96875,medium
26,male,172,73,9302,1680.0,24.675500270416443,2604.0,fast
26,male,171,60,12181,1543.75,20.519134092541297,2662.96875,fast
18,male,160,66,4527,1575.0,25.781249999999996,1890.0,slow
50,male,172,100,7276,1830.0,33.802055164954034,2516.25,fast
33,female,155,62,6675,1262.75,25.806451612903224,1736.28125,slow
38,male,176,78,9646,1695.0,25.180785123966942,2627.25,fast
31,male,165,71,6718,1591.25,26.07897153351699,2187.96875,medium
22,female,151,55,5381,1222.75,24.121749046094468,1681.28125,slow
38,male,167,78,6578,1638.75,27.968016063681024,2253.28125,medium
50,male,165,69,7234,1476.25,25.344352617079892,2029.84375,medium
25,male,166,66,5680,1577.5,23.95122659311947,2169.0625,medium
37,female,167,69,9142,1387.75,24.740937287102444,2151.0125000000003,medium
39,female,161,63,11386,1280.25,24.3046178773967,2208.43125,medium
42,female,159,66,9154,1282.75,26.106562240417702,1988.2625,medium
18,male,170,68,4627,1657.5,23.529411764705884,1989.0,medium
26,female,163,67,5561,1397.75,25.21735857578381,1921.90625,slow
51,female,167,68,10833,1307.75,24.38237297859371,2255.86875,medium
41,male,176,60,7986,1500.0,19.369834710743802,2325.0,fast
24,female,161,57,6437,1295.25,21.98989236526368,1780.96875,slow
18,male,172,56,7634,1550.0,18.92915089237426,2402.5,fast
26,female,171,67,8177,1447.75,22.91303307000445,2244.0125000000003,medium
33,male,167,71,5236,1593.75,25.458065904119906,2191.40625,medium
45,female,163,49,5057,1122.75,18.442545824080696,1543.78125,slow
32,male,164,83,3957,1700.0,30.859607376561577,2040.0,medium
23,male,180,73,7080,1745.0,22.530864197530864,2399.375,fast
30,female,157,58,5850,1250.25,23.53036634346221,1719.09375,slow
49,female,162,45,2922,1056.5,17.146776406035663,1267.8,slow
45,female,165,58,6598,1225.25,21.30394857667585,1684.71875,slow
41,male,175,82,9381,1713.75,26.775510204081634,2656.3125,fast
18,male,161,69,8384,1611.25,26.61934338952972,2497.4375,fast
47,female,174,68,4102,1371.5,22.460034350640772,1645.8,slow
34,female,159,53,6131,1192.75,20.964360587002094,1640.03125,slow
38,female,160,69,8066,1339.0,26.953124999999996,2075.4500000000003,medium
30,male,169,75,2247,1661.25,26.25958474843318,1993.5,medium
18,female,159,68,8204,1422.75,26.897670187097027,2205.2625000000003,medium
29,male,158,78,4473,1627.5,31.244992789617044,1953.0,medium
48,male,170,65,14416,1477.5,22.49134948096886,2807.25,fast
38,female,160,79,7868,1439.0,30.859374999999993,2230.4500000000003,medium
48,female,165,58,9330,1210.25,21.30394857667585,1875.8875,slow
18,female,153,63,8702,1335.25,26.91272587466359,2069.6375000000003,medium
35,female,162,52,3371,1196.5,19.81405273586343,1435.8,slow
46,female,161,78,7043,1395.25,30.091431657729252,1918.46875,slow
41,female,162,71,9118,1356.5,27.053802773967377,2102.5750000000003,medium
41,male,166,75,6296,1587.5,27.21730294672667,2182.8125,medium
24,female,156,58,6582,1274.0,23.83300460223537,1751.75,slow
40,male,169,60,6109,1461.25,21.007667798746546,2009.21875,medium
28,female,162,59,9767,1301.5,22.481329065691202,2017.325,medium
31,male,157,75,7954,1581.25,30.427197857925268,2450.9375,fast
34,female,162,72,5901,1401.5,27.43484224965706,1927.0625,medium
26,female,152,70,6890,1359.0,30.297783933518005,1868.625,slow
42,female,161,62,7859,1255.25,23.9188302920412,1945.6375,medium
50,male,160,66,13584,1415.0,25.781249999999996,2688.5,fast
36,female,160,79,2000,1449.0,30.859374999999993,1738.8,slow
40,male,164,70,3495,1530.0,26.026174895895306,1836.0,slow
33,female,170,69,5639,1426.5,23.87543252595156,1961.4375,medium
25,male,178,73,4900,1722.5,23.04002019946976,2067.0,medium
51,female,154,91,8630,1456.5,38.370720188902006,2257.5750000000003,medium
50,male,174,80,6281,1642.5,26.42356982428326,2258.4375,medium
35,female,150,66,9304,1261.5,29.333333333333332,1955.325,medium
28,male,168,55,9688,1465.0,19.48696145124717,2270.75,fast
36,male,163,62,7067,1463.75,23.335466144755166,2012.65625,medium
36,male,161,61,5678,1441.25,23.533042706685695,1981.71875,medium
31,male,170,71,8118,1622.5,24.56747404844291,2514.875,fast
30,male,172,59,12543,1520.0,19.94321254732288,2888.0,fast
44,female,153,79,5457,1365.25,33.74770387457816,1877.21875,slow
38,male,170,47,10675,1347.5,16.262975778546714,2324.4375,fast
52,male,173,65,5411,1476.25,21.71806608974573,2029.84375,medium
41,female,150,60,7459,1171.5,26.666666666666668,1610.8125,slow
32,female,156,68,5524,1334.0,27.94214332675871,1834.25,slow
36,male,169,57,6608,1451.25,19.95728440880922,1995.46875,medium
18,male,175,59,3704,1598.75,19.26530612244898,1918.5,slow
18,male,157,78,5990,1676.25,31.64428577224228,2304.84375,fast
25,female,166,55,8345,1301.5,19.959355494266223,2017.325,medium
23,male,169,75,6172,1696.25,26.25958474843318,2332.34375,fast
54,female,161,68,8423,1255.25,26.23355580417422,1945.6375,medium
37,female,152,59,6426,1194.0,25.536703601108034,1641.75,slow
44,female,153,61,7924,1185.25,26.05835362467427,1837.1375,slow
30,male,174,82,7017,1762.5,27.08415906989034,2423.4375,fast
31,female,164,78,10357,1489.0,29.000594883997625,2568.525,fast
37,male,186,61,7981,1592.5,17.632096196092032,2468.375,fast
40,male,175,68,9406,1578.75,22.20408163265306,2447.0625,fast
58,male,178,85,8114,1677.5,26.82742078020452,2600.125,fast
60,male,166,59,7682,1332.5,21.410944984758313,2065.375,medium
33,female,159,45,7649,1117.75,17.799928800284796,1732.5125,slow
52,male,160,56,9538,1305.0,21.874999999999996,2022.75,medium
18,female,154,68,3967,1391.5,28.67262607522348,1669.8,slow
38,female,157,60,10793,1230.25,24.341758286340216,2122.18125,medium
36,female,157,73,6646,1370.25,29.61580591504726,1884.09375,slow
35,male,168,69,8236,1570.0,24.44727891156463,2433.5,fast
38,female,151,47,7808,1062.75,20.613131003026183,1647.2625,slow
33,female,163,65,4845,1342.75,24.46460160337235,1611.3,slow
34,female,150,55,2497,1156.5,24.444444444444443,1387.8,slow
51,male,151,69,2537,1383.75,30.26183062146397,1660.5,slow
27,male,178,49,6933,1472.5,15.465219038000251,2024.6875,medium
36,male,164,78,8843,1630.0,29.000594883997625,2526.5,fast
39,female,151,64,5539,1227.75,28.068944344546292,1688.15625,slow
18,female,151,61,10657,1302.75,26.753212578395683,2247.24375,medium
26,female,162,55,9921,1271.5,20.957171162932475,1970.825,medium
35,male,176,78,7864,1710.0,25.180785123966942,2650.5,fast
26,female,154,49,6655,1161.5,20.66115702479339,1597.0625,slow
46,female,166,57,10643,1216.5,20.685150239512268,2098.4625,medium
31,male,169,84,9226,1746.25,29.410734918245165,2706.6875,fast
23,female,154,79,9235,1476.5,33.310844999156686,2288.5750000000003,fast
48,female,164,61,8228,1234.0,22.679952409280194,1912.7,slow
55,female,156,47,7851,1009.0,19.312952005259696,1563.95,slow
26,male,167,55,7514,1468.75,19.721036967980208,2276.5625,fast
36,female,150,69,9330,1286.5,30.666666666666668,1994.075,medium
31,female,159,46,12201,1137.75,18.19548277362446,1962.61875,medium
50,female,157,54,5243,1110.25,21.907582457706194,1526.59375,slow
36,male,173,54,7894,1446.25,18.042701059173375,2241.6875,medium
27,male,175,72,8767,1683.75,23.510204081632654,2609.8125,fast
35,female,163,67,7830,1352.75,25.21735857578381,2096.7625000000003,medium
35,male,166,65,10689,1517.5,23.588329220496444,2617.6875,fast
33,female,155,49,5127,1132.75,20.39542143600416,1557.53125,slow
41,male,169,66,8358,1516.25,23.1084345786212,2350.1875,fast
27,male,155,73,8673,1568.75,30.38501560874089,2431.5625,fast
31,female,155,56,14154,1212.75,23.309053069719038,2304.225,fast
35,female,160,84,2907,1504.0,32.81249999999999,1804.8,slow
47,male,176,52,7701,1390.0,16.787190082644628,2154.5,medium
38,female,162,48,9826,1141.5,18.289894833104707,1769.325,slow
32,female,153,45,8063,1085.25,19.223375624759708,1682.1375,slow
29,female,167,56,2211,1297.75,20.07960127648894,1557.3,slow
18,male,169,84,10786,1811.25,29.410734918245165,3124.40625,fast
36,male,176,45,4610,1375.0,14.527376033057852,1650.0,slow
42,male,162,59,4205,1397.5,22.481329065691202,1677.0,slow
52,male,169,59,6538,1391.25,20.65754000210077,1912.96875,slow
53,female,150,47,9533,981.5,20.88888888888889,1521.325,slow
35,male,167,61,3049,1483.75,21.872422819032593,1780.5,slow
18,female,154,45,6467,1161.5,18.974531961544947,1597.0625,slow
39,male,169,93,7662,1796.25,32.561885088057146,2784.1875,fast
38,male,173,84,7107,1736.25,28.06642386982525,2387.34375,fast
45,female,171,73,5590,1412.75,24.96494647925858,1942.53125,medium
21,female,152,57,10826,1254.0,24.67105263157895,2163.15,medium
31,female,163,52,8302,1222.75,19.57168128269788,1895.2625,slow
38,female,165,85,6169,1530.25,31.22130394857668,2104.09375,medium
26,female,162,61,7595,1331.5,23.243408017070564,2063.8250000000003,medium
34,female,159,65,10278,1312.75,25.71100826707804,2264.49375,medium
18,male,169,70,8721,1671.25,24.508945765204302,2590.4375,fast
31,female,163,56,4211,1262.75,21.077195227520797,1515.3,slow
55,male,171,80,9899,1598.75,27.358845456721728,2478.0625,fast
36,female,164,58,6773,1264.0,21.564544913741823,1738.0,slow
26,female,167,62,5751,1372.75,22.230987127541326,1887.53125,slow
25,female,158,59,5346,1291.5,23.634033007530842,1775.8125,slow
30,male,168,74,6973,1645.0,26.218820861678008,2261.875,medium
25,female,178,69,6079,1516.5,21.777553339224845,2085.1875,medium
33,female,180,57,7721,1369.0,17.59259259259259,2121.9500000000003,medium
22,female,170,64,8183,1431.5,22.145328719723185,2218.8250000000003,medium
52,male,160,68,5225,1425.0,26.562499999999996,1959.375,medium
28,male,162,51,6382,1387.5,19.43301326017375,1907.8125,slow
43,male,166,53,10930,1357.5,19.233560749020178,2341.6875,fast
21,female,164,82,10682,1579.0,30.487804878048784,2723.775,fast
56,male,166,82,6264,1582.5,29.757584555087824,2175.9375,medium
22,male,175,63,8107,1618.75,20.571428571428573,2509.0625,fast
37,male,172,61,8487,1505.0,20.61925365062196,2332.75,fast
33,female,159,51,6576,1177.75,20.17325264032277,1619.40625,slow
38,female,170,62,6264,1331.5,21.453287197231838,1830.8125,slow
39,female,168,59,7326,1284.0,20.904195011337873,1765.5,slow
36,female,157,78,6567,1420.25,31.64428577224228,1952.84375,medium
44,male,169,71,8821,1551.25,24.859073561850078,2404.4375,fast
40,male,160,48,4668,1285.0,18.749999999999996,1542.0,slow
37,male,174,57,9401,1477.5,18.826793499801823,2290.125,fast
44,male,172,67,10160,1530.0,22.647376960519203,2639.25,fast
18,female,164,55,7908,1324.0,20.449137418203453,2052.2000000000003,medium
35,female,154,88,9977,1506.5,37.10575139146568,2335.0750000000003,fast
53,female,177,49,2742,1170.25,15.640460914807365,1404.3,slow
18,female,160,66,7290,1409.0,25.781249999999996,1937.375,medium
43,male,179,88,4908,1788.75,27.46481071127618,2146.5,medium
60,female,161,63,4275,1175.25,24.3046178773967,1410.3,slow
28,female,153,65,2194,1305.25,27.76709812465291,1566.3,slow
21,female,158,49,5827,1211.5,19.62826470116968,1665.8125,slow
30,female,161,45,11608,1145.25,17.360441340997646,1975.55625,medium
28,female,165,46,7949,1190.25,16.896235078053262,1844.8875,slow
52,male,167,70,8653,1488.75,25.099501595611173,2307.5625,fast
26,male,179,62,8381,1613.75,19.350207546580943,2501.3125,fast
44,male,181,80,10182,1716.25,24.41927902078691,2960.53125,fast
53,male,169,55,4234,1346.25,19.257028815517668,1615.5,slow
38,female,160,56,8053,1209.0,21.874999999999996,1873.95,slow
43,female,163,65,4162,1292.75,24.46460160337235,1551.3,slow
18,male,172,68,4635,1670.0,22.985397512168742,2004.0,medium
36,female,154,48,6617,1101.5,20.23950075898128,1514.5625,slow
50,male,173,90,14787,1736.25,30.071168431955627,3298.875,fast
40,male,161,71,3407,1521.25,27.390918560240728,1825.5,slow
34,female,163,72,7223,1407.75,27.09925100681245,1935.65625,medium
27,female,167,55,5428,1297.75,19.721036967980208,1784.40625,slow
41,male,157,70,5595,1481.25,28.398718000730252,2036.71875,medium
40,female,156,45,8908,1064.0,18.49112426035503,1649.2,slow
28,male,160,77,7193,1635.0,30.078124999999993,2248.125,medium
18,male,170,75,3796,1727.5,25.95155709342561,2073.0,medium
25,female,164,49,12360,1229.0,18.218322427126715,2120.025,medium
47,female,168,47,9076,1124.0,16.65249433106576,1742.2,slow
40,female,150,79,3593,1366.5,35.111111111111114,1639.8,slow
38,male,171,86,2449,1743.75,29.410758865975858,2092.5,medium
38,female,160,61,5449,1259.0,23.828124999999996,1731.125,slow
38,female,164,72,4094,1394.0,26.769779892920884,1672.8,slow
46,female,153,69,4654,1255.25,29.475842624631554,1506.3,slow
18,female,167,71,12258,1502.75,25.458065904119906,2592.24375,fast
38,male,159,66,8352,1468.75,26.106562240417702,2276.5625,fast
31,male,170,82,5988,1732.5,28.373702422145332,2382.1875,fast
39,female,162,76,5156,1416.5,28.959000152415786,1947.6875,medium
39,female,166,72,7353,1401.5,26.1286108288576,1927.0625,medium
30,male,168,72,9105,1625.0,25.510204081632658,2518.75,fast
23,female,150,74,4951,1401.5,32.888888888888886,1681.8,slow
32,female,159,60,5880,1272.75,23.73323840037973,1750.03125,slow
39,female,150,55,10916,1131.5,24.444444444444443,1951.8375,medium
18,female,152,45,11741,1149.0,19.47714681440443,1982.025,medium
25,male,171,80,11361,1748.75,27.358845456721728,3016.59375,fast
52,male,175,65,3067,1488.75,21.224489795918366,1786.5,slow
39,male,173,78,6673,1671.25,26.061679307694877,2297.96875,fast
40,female,157,45,8607,1070.25,18.25631871475516,1658.8875,slow
40,male,183,82,4191,1768.75,24.48565200513601,2122.5,medium
37,female,162,69,8472,1356.5,26.291723822588015,2102.5750000000003,medium
38,male,170,78,9505,1657.5,26.989619377162633,2569.125,fast
45,male,174,66,2490,1527.5,21.79944510503369,1833.0,slow
27,male,154,60,5134,1432.5,25.2993759487266,1969.6875,medium
28,female,153,70,6247,1355.25,29.903028749626213,1863.46875,slow
40,female,165,61,11407,1280.25,22.4058769513315,2208.43125,medium
33,female,163,52,8961,1212.75,19.57168128269788,1879.7625,slow
39,male,182,45,6163,1397.5,13.58531578311798,1921.5625,slow
37,female,155,46,10646,1082.75,19.14672216441207,1867.74375,slow
28,female,177,81,12495,1615.25,25.854639471416256,2786.30625,fast
45,male,173,72,7193,1581.25,24.0569347455645,2174.21875,medium
50,female,158,54,7788,1116.5,21.63114885435026,1730.575,slow
31,female,169,62,7427,1360.25,21.707923392038097,1870.34375,slow
31,female,164,86,10111,1569.0,31.975014872099948,2706.525,fast
46,female,164,57,9036,1204.0,21.192742415229034,1866.2,slow
45,female,163,63,5756,1262.75,23.711844630960897,1736.28125,slow
37,male,163,79,2742,1628.75,29.733900410252552,1954.5,medium
32,male,169,77,3878,1671.25,26.959840341724732,2005.5,medium
46,female,160,87,10102,1479.0,33.98437499999999,2551.275,fast
42,male,165,59,6140,1416.25,21.6712580348944,1947.34375,medium
41,female,150,71,8451,1281.5,31.555555555555557,1986.325,medium
55,male,164,75,4250,1505.0,27.885187388459254,1806.0,slow
32,female,154,61,5810,1251.5,25.72103221453871,1720.8125,slow
37,female,165,51,2805,1195.25,18.73278236914601,1434.3,slow
34,male,171,88,7944,1783.75,30.094730002393902,2764.8125,fast
43,female,175,57,4230,1287.75,18.612244897959183,1545.3,slow
38,female,160,61,6073,1259.0,23.828124999999996,1731.125,slow
33,male,168,57,5781,1460.0,20.19557823129252,2007.5,medium
45,male,156,62,6139,1375.0,25.476660092044707,1890.625,slow
33,male,179,69,4622,1648.75,21.534908398614277,1978.5,medium
26,male,167,88,4507,1798.75,31.553659148768332,2158.5,medium
46,male,171,80,10475,1643.75,27.358845456721728,2835.46875,fast
31,male,175,98,9961,1923.75,32.0,2981.8125,fast
50,female,157,60,8510,1170.25,24.341758286340216,1813.8875,slow
24,female,155,60,8889,1287.75,24.97398543184183,1996.0125,medium
30,male,155,80,7192,1623.75,33.29864724245577,2232.65625,medium
31,male,173,75,2622,1681.25,25.05930702662969,2017.5,medium
50,male,169,74,7992,1551.25,25.909456951787405,2404.4375,fast
18,male,174,74,7928,1742.5,24.441802087462015,2700.875,fast
26,female,159,76,3755,1462.75,30.062101973814325,1755.3,slow
23,male,179,72,10882,1728.75,22.47120876377142,2982.09375,fast
29,male,167,81,8708,1713.75,29.043708989207214,2656.3125,fast
32,female,150,68,6701,1296.5,30.22222222222222,1782.6875,slow
38,female,166,56,8861,1246.5,20.322252866889244,1932.075,medium
31,female,163,69,10471,1392.75,25.970115548195267,2402.49375,fast
53,male,168,72,9476,1510.0,25.510204081632658,2340.5,fast
41,female,171,52,6498,1222.75,17.783249546869126,1681.28125,slow
33,female,157,66,7015,1315.25,26.775934114974238,1808.46875,slow
46,female,159,58,6776,1182.75,22.942130453700404,1626.28125,slow
18,female,164,53,6904,1304.0,19.705532421177875,1793.0,slow
26,female,172,66,3004,1444.0,22.30935640886966,1732.8,slow
47,female,161,56,4194,1170.25,21.60410477990818,1404.3,slow
27,male,160,69,7950,1560.0,26.953124999999996,2418.0,fast
34,male,162,85,10972,1697.5,32.38835543362292,2928.1875,fast
47,male,170,79,6250,1622.5,27.33564013840831,2230.9375,medium
25,female,157,58,8458,1275.25,23.53036634346221,1976.6375,medium
28,female,152,45,8518,1099.0,19.47714681440443,1703.45,slow
26,male,167,50,8400,1418.75,17.92821542543655,2199.0625,medium
18,male,168,90,6790,1865.0,31.88775510204082,2564.375,fast
28,female,159,74,4519,1432.75,29.270994027135,1719.3,slow
18,male,167,81,8602,1768.75,29.043708989207214,2741.5625,fast
40,male,155,66,8274,1433.75,27.47138397502601,2222.3125,medium
25,female,150,54,13073,1191.5,24.0,2263.85,medium
22,female,161,45,8534,1185.25,17.360441340997646,1837.1375,slow
35,male,160,61,9836,1440.0,23.828124999999996,2232.0,medium
27,male,171,75,9678,1688.75,25.64891761567662,2617.5625,fast
27,male,173,63,11881,1581.25,21.04981790236894,2727.65625,fast
41,female,153,54,9859,1130.25,23.06805074971165,1751.8875,slow
32,male,175,45,5084,1388.75,14.693877551020408,1909.53125,slow
27,male,175,85,10898,1813.75,27.755102040816325,3128.71875,fast
39,female,158,62,5688,1251.5,24.83576349943919,1720.8125,slow
38,female,151,56,10256,1152.75,24.560326301478007,1988.49375,medium
47,female,156,67,6283,1249.0,27.531229454306374,1717.375,slow
25,male,182,68,5209,1697.5,20.528921627822726,2334.0625,fast
21,female,153,45,8765,1140.25,19.223375624759708,1767.3875,slow
41,male,160,67,8797,1470.0,26.171874999999996,2278.5,fast
42,female,160,71,11061,1339.0,27.734374999999993,2309.775,fast
30,female,160,87,7768,1559.0,33.98437499999999,2416.4500000000003,fast
41,female,150,63,8617,1201.5,28.0,1862.325,slow
39,male,159,72,10087,1523.75,28.479886080455675,2628.46875,fast
18,female,150,62,3632,1306.5,27.555555555555557,1567.8,slow
23,male,166,83,6580,1757.5,30.120481927710845,2416.5625,fast
31,male,177,62,9109,1576.25,19.789970953429727,2443.1875,fast
51,male,178,84,9485,1702.5,26.511804065143288,2638.875,fast
54,female,160,68,4933,1249.0,26.562499999999996,1498.8,slow
35,female,156,51,9948,1149.0,20.956607495069033,1780.95,slow
18,male,154,59,6396,1467.5,24.87771968291449,2017.8125,medium
33,female,156,65,6461,1299.0,26.709401709401707,1786.125,slow
44,male,171,56,7437,1413.75,19.15119181970521,1943.90625,medium
24,female,154,51,8374,1191.5,21.504469556417607,1846.825,slow
37,female,171,49,13751,1212.75,16.75729284224206,2304.225,fast
42,male,170,62,4825,1477.5,21.453287197231838,1773.0,slow
24,male,179,84,5817,1843.75,26.216410224399986,2535.15625,fast
32,female,154,53,7557,1171.5,22.34778208804183,1815.825,slow
20,female,159,70,6867,1432.75,27.688778133776353,1970.03125,medium
30,female,150,63,6986,1256.5,28.0,1727.6875,slow
27,female,150,66,10110,1301.5,29.333333333333332,2245.0875,medium
46,female,151,59,8189,1142.75,25.876058067628612,1771.2625,slow
23,male,171,62,8575,1578.75,21.20310522895934,2447.0625,fast
26,female,162,45,9473,1171.5,17.146776406035663,1815.825,slow
31,female,151,82,2297,1447.75,35.963334941449936,1737.3,slow
33,female,158,45,9119,1111.5,18.02595737862522,1722.825,slow
30,male,157,59,9396,1426.25,23.93606231490121,2210.6875,medium
27,male,172,56,7195,1505.0,18.92915089237426,2069.375,medium
24,female,168,63,3313,1399.0,22.321428571428577,1678.8,slow
33,female,150,66,8424,1271.5,29.333333333333332,1970.825,medium
21,female,165,61,5220,1375.25,22.4058769513315,1890.96875,slow
38,female,162,46,12345,1121.5,17.527815881725342,1934.5875,medium
21,female,153,45,5543,1140.25,19.223375624759708,1567.84375,slow
18,female,155,64,2209,1357.75,26.638917793964616,1629.3,slow
25,female,169,58,12078,1350.25,20.307412205454995,2329.18125,fast
18,female,158,76,7285,1496.5,30.443839128344813,2057.6875,medium
25,male,161,76,12162,1646.25,29.319856487018246,2839.78125,fast
34,female,163,62,11608,1307.75,23.335466144755166,2255.86875,medium
34,male,180,57,7258,1530.0,17.59259259259259,2103.75,medium
38,female,164,59,3842,1264.0,21.936347412254616,1516.8,slow
31,male,185,77,5824,1776.25,22.498173849525198,2442.34375,fast
25,male,183,79,9316,1813.75,23.589835468362743,2811.3125,fast
42,male,178,68,8587,1587.5,21.461936624163616,2460.625,fast
32,male,175,60,4174,1538.75,19.591836734693878,1846.5,slow
37,male,176,90,7601,1820.0,29.054752066115704,2821.0,fast
25,male,171,71,8490,1658.75,24.280975342840534,2571.0625,fast
24,female,157,50,5497,1200.25,20.28479857195018,1650.34375,slow
23,male,176,54,4074,1530.0,17.43285123966942,1836.0,slow
45,male,150,72,8265,1437.5,32.0,2228.125,medium
37,female,160,53,7844,1184.0,20.703124999999996,1835.2,slow
22,male,160,71,7714,1605.0,27.734374999999993,2487.75,fast
23,female,152,66,7262,1334.0,28.566481994459835,1834.25,slow
47,male,181,70,4455,1601.25,21.36686914318855,1921.5,slow
26,male,167,77,6051,1688.75,27.60945175517229,2322.03125,fast
18,female,159,73,5536,1472.75,28.875440053795337,2025.03125,medium
52,male,160,87,9344,1615.0,33.98437499999999,2503.25,fast
53,female,175,47,10692,1137.75,15.346938775510203,1962.61875,medium
22,male,163,47,9318,1383.75,17.68978885166924,2144.8125,medium
38,male,168,74,9200,1605.0,26.218820861678008,2487.75,fast
18,female,168,78,6621,1579.0,27.636054421768712,2171.125,medium
31,female,160,68,8693,1364.0,26.562499999999996,2114.2000000000003,medium
40,male,186,66,5555,1627.5,19.07734998265695,2237.8125,medium
24,female,168,80,6059,1569.0,28.344671201814062,2157.375,medium
40,female,159,81,4342,1442.75,32.03987184051263,1731.3,slow
36,male,169,77,6204,1651.25,26.959840341724732,2270.46875,fast
42,female,163,55,9598,1197.75,20.70081674131507,1856.5125,slow
40,male,178,73,9498,1647.5,23.04002019946976,2553.625,fast
42,male,166,61,4345,1442.5,22.136739730004358,1731.0,slow
45,male,154,65,6424,1392.5,27.40765727778715,1914.6875,slow
38,female,150,81,11973,1396.5,36.0,2408.9625,fast
28,female,166,46,9542,1196.5,16.693279140659023,1854.575,slow
37,male,174,86,9842,1767.5,28.405337561104506,2739.625,fast
35,male,160,90,6842,1730.0,35.15624999999999,2378.75,fast
21,female,173,45,11703,1265.25,15.035584215977813,2182.55625,medium
37,male,169,51,9737,1386.25,17.856517628934565,2148.6875,medium
27,female,162,65,10345,1366.5,24.76756591982929,2357.2125,fast
43,male,178,63,9004,1532.5,19.883853048857468,2375.375,fast
21,female,160,64,4871,1374.0,24.999999999999996,1648.8,slow
28,male,175,62,8966,1578.75,20.244897959183675,2447.0625,fast
26,male,167,85,10891,1768.75,30.477966223242138,3051.09375,fast
19,female,160,68,12425,1424.0,26.562499999999996,2456.4,fast
39,female,166,74,8347,1421.5,26.854405574103644,2203.3250000000003,medium
28,male,169,59,5459,1511.25,20.65754000210077,2077.96875,medium
35,female,165,55,10929,1245.25,20.202020202020204,2148.05625,medium
58,male,173,78,9030,1576.25,26.061679307694877,2443.1875,fast
54,male,166,81,8442,1582.5,29.3946871824648,2452.875,fast
22,male,168,45,4764,1395.0,15.94387755102041,1674.0,slow
33,female,150,67,7791,1281.5,29.77777777777778,1986.325,medium
40,female,172,87,5896,1584.0,29.40778799351001,2178.0,medium
28,male,170,84,3698,1767.5,29.065743944636683,2121.0,medium
33,female,154,68,5426,1316.5,28.67262607522348,1810.1875,slow
32,female,171,63,7791,1377.75,21.545090797168363,2135.5125000000003,medium
34,female,169,59,9213,1315.25,20.65754000210077,2038.6375,medium
25,female,151,64,8009,1297.75,28.068944344546292,2011.5125,medium
26,female,157,56,5520,1250.25,22.7189744005842,1719.09375,slow
47,female,152,56,4555,1114.0,24.238227146814403,1336.8,slow
42,female,163,48,5121,1127.75,18.06616733787497,1550.65625,slow
37,female,150,73,4840,1321.5,32.44444444444444,1585.8,slow
28,male,158,93,5407,1782.5,37.25364524915878,2450.9375,fast
20,female,155,53,5002,1237.75,22.060353798126947,1701.90625,slow
29,male,163,59,7941,1468.75,22.20633068613798,2276.5625,fast
30,female,158,61,2294,1286.5,24.435186668803073,1543.8,slow
31,male,175,78,5689,1723.75,25.46938775510204,2370.15625,fast
32,male,167,69,7228,1578.75,24.740937287102444,2170.78125,medium
32,female,165,49,7119,1200.25,17.99816345270891,1650.34375,slow
30,female,156,45,9191,1114.0,18.49112426035503,1726.7,slow
31,female,158,56,9139,1231.5,22.432302515622492,1908.825,slow
38,male,170,80,9241,1677.5,27.68166089965398,2600.125,fast
38,female,159,73,8772,1372.75,28.875440053795337,2127.7625000000003,medium
26,male,166,89,7200,1802.5,32.29786616344898,2478.4375,fast
28,female,151,81,9509,1452.75,35.5247576860664,2251.7625000000003,medium
25,female,153,72,8021,1390.25,30.757400999615534,2154.8875000000003,medium
23,female,163,66,7264,1402.75,24.840980089578082,1928.78125,medium
22,male,167,56,5652,1498.75,20.07960127648894,2060.78125,medium
52,female,150,63,7887,1146.5,28.0,1777.075,slow
21,male,178,66,8369,1672.5,20.830703194041156,2592.375,fast
25,male,170,67,5132,1612.5,23.18339100346021,2217.1875,medium
38,male,173,65,5504,1546.25,21.71806608974573,2126.09375,medium
27,female,163,87,7934,1592.75,32.74492829989838,2468.7625000000003,fast
30,female,151,65,10473,1282.75,28.507521599929827,2212.74375,medium
33,male,166,88,5387,1757.5,31.934968790825955,2416.5625,fast
27,male,169,58,4134,1506.25,20.307412205454995,1807.5,slow
32,female,150,45,7687,1066.5,20.0,1653.075,slow
39,female,151,62,6995,1207.75,27.19178983377922,1660.65625,slow
45,male,162,68,10656,1472.5,25.910684346898332,2540.0625,fast
29,female,164,50,6799,1219.0,18.590124925639504,1676.125,slow
39,male,176,66,9418,1570.0,21.306818181818183,2433.5,fast
39,male,174,76,4785,1657.5,25.102391333069097,1989.0,medium
45,female,162,69,7301,1316.5,26.291723822588015,1810.1875,slow
30,female,155,61,6826,1267.75,25.390218522372525,1743.15625,slow
51,male,177,74,4320,1596.25,23.620287912158062,1915.5,slow
31,male,178,58,10191,1542.5,18.30576947355132,2660.8125,fast
44,male,177,64,3835,1531.25,20.428357113217785,1837.5,slow
36,female,154,63,7346,1251.5,26.564344746162927,1720.8125,slow
49,male,177,73,3220,1596.25,23.301094832264035,1915.5,slow
41,male,165,60,6179,1431.25,22.03856749311295,1967.96875,medium
40,female,152,57,9649,1159.0,24.67105263157895,1796.45,slow
33,female,156,62,5373,1269.0,25.476660092044707,1744.875,slow
48,male,169,86,6693,1681.25,30.110990511536716,2311.71875,fast
43,male,171,76,7662,1618.75,25.990903183885642,2509.0625,fast
29,male,170,88,9456,1802.5,30.449826989619382,2793.875,fast
37,male,179,74,6511,1678.75,23.095409007209515,2308.28125,fast
40,female,155,48,4682,1087.75,19.979188345473464,1305.3,slow
36,male,170,84,6462,1727.5,29.065743944636683,2375.3125,fast
45,male,160,65,2758,1430.0,25.390624999999996,1716.0,slow
34,female,160,64,2000,1309.0,24.999999999999996,1570.8,slow
34,female,158,70,7481,1356.5,28.040378144528116,1865.1875,slow
42,male,177,82,4477,1721.25,26.173832551310287,2065.5,medium
35,male,173,57,8109,1481.25,19.045073340238563,2295.9375,fast
32,female,159,56,2000,1232.75,22.151022507021082,1479.3,slow
36,female,154,76,9153,1381.5,32.04587620172036,2141.3250000000003,medium
23,male,171,66,4376,1618.75,22.571047501795427,1942.5,medium
56,female,163,51,7301,1087.75,19.195302796492154,1495.65625,slow
39,female,164,73,6136,1399.0,27.141582391433676,1923.625,slow
27,male,173,58,6268,1531.25,19.37919743392696,2105.46875,medium
26,male,157,60,10172,1456.25,24.341758286340216,2512.03125,fast
39,male,172,93,11644,1815.0,31.435911303407252,3130.875,fast
39,female,156,61,11143,1229.0,25.06574621959237,2120.025,medium
18,female,158,68,4949,1416.5,27.239224483255885,1699.8,slow
28,female,166,45,7339,1186.5,16.330381768036002,1631.4375,slow
20,female,152,70,12196,1389.0,30.297783933518005,2396.025,fast
25,male,169,65,8702,1586.25,22.758306781975424,2458.6875,fast
54,male,165,64,11127,1406.25,23.507805325987146,2425.78125,fast
22,female,156,72,8219,1424.0,29.585798816568044,2207.2000000000003,medium
32,female,167,81,9017,1532.75,29.043708989207214,2375.7625000000003,fast
36,female,160,72,7126,1379.0,28.124999999999993,1896.125,slow
28,male,169,56,7380,1481.25,19.607156612163443,2036.71875,medium
29,male,175,89,2648,1843.75,29.06122448979592,2212.5,medium
20,female,166,82,4025,1596.5,29.757584555087824,1915.8,slow
48,female,162,61,5564,1221.5,23.243408017070564,1679.5625,slow
22,male,174,71,4783,1692.5,23.450918219051392,2031.0,medium
27,female,160,47,9752,1174.0,18.359374999999996,1819.7,slow
31,female,159,92,2000,1597.75,36.39096554724892,1917.3,slow
26,female,156,59,13124,1274.0,24.243918474687703,2420.6,fast
50,male,161,94,5431,1701.25,36.264033023417305,2339.21875,fast
34,female,167,54,4066,1252.75,19.362472659471475,1503.3,slow
31,male,169,67,7714,1576.25,23.458562375266975,2443.1875,fast
29,male,174,52,9746,1467.5,17.17532038578412,2274.625,fast
26,male,173,57,8064,1526.25,19.045073340238563,2365.6875,fast
46,female,159,45,3369,1052.75,17.799928800284796,1263.3,slow
35,female,150,63,9552,1231.5,28.0,1908.825,slow
30,female,168,77,7062,1509.0,27.281746031746035,2074.875,medium
25,female,156,75,14478,1439.0,30.818540433925047,2734.1,fast
46,female,163,64,5878,1267.75,24.088223117166624,1743.15625,slow
23,female,168,55,3638,1324.0,19.48696145124717,1588.8,slow
36,female,165,50,4007,1190.25,18.36547291092746,1428.3,slow
51,female,152,67,8679,1204.0,28.999307479224377,1866.2,slow
37,male,166,99,3379,1847.5,35.9268398896792,2217.0,medium
19,male,171,59,3767,1568.75,20.177148524332274,1882.5,slow
60,male,183,59,9291,1438.75,17.617725223207618,2230.0625,medium
35,female,151,47,8551,1077.75,20.613131003026183,1670.5125,slow
25,female,158,55,8929,1251.5,22.031725684986377,1939.825,medium
35,male,165,80,6729,1661.25,29.384756657483933,2284.21875,fast
42,male,175,76,8403,1648.75,24.816326530612244,2555.5625,fast
18,female,166,76,6931,1546.5,27.58020031934969,2126.4375,medium
41,male,165,59,7011,1421.25,21.6712580348944,1954.21875,medium
34,male,174,65,6837,1572.5,21.469150482230148,2162.1875,medium
30,male,173,74,8913,1676.25,24.725182932941294,2598.1875,fast
53,female,152,77,7977,1294.0,33.3275623268698,2005.7,medium
27,female,155,79,12161,1462.75,32.882414151925076,2523.24375,fast
48,male,167,61,6808,1418.75,21.872422819032593,1950.78125,medium
40,male,174,79,8338,1682.5,26.09327520147972,2607.875,fast
43,male,173,47,7099,1341.25,15.703832403354605,1844.21875,slow
37,male,168,80,5799,1670.0,28.344671201814062,2296.25,fast
36,female,153,71,7284,1325.25,30.33021487462087,1822.21875,slow
24,male,165,63,7094,1546.25,23.140495867768596,2126.09375,medium
33,female,170,67,11884,1406.5,23.18339100346021,2426.2125,fast
18,male,166,75,2101,1702.5,27.21730294672667,2043.0,medium
37,female,169,60,8563,1310.25,21.007667798746546,2030.8875,medium
51,female,160,52,9339,1104.0,20.312499999999996,1711.2,slow
34,male,160,82,12016,1655.0,32.03124999999999,2854.875,fast
26,male,167,89,7165,1808.75,31.912223457277065,2487.03125,fast
26,male,186,78,7395,1817.5,22.54595907041276,2499.0625,fast
52,male,173,67,11406,1496.25,22.386314277122523,2581.03125,fast
31,male,166,86,6960,1747.5,31.20917404557991,2402.8125,fast
18,female,152,55,8543,1249.0,23.80540166204986,1935.95,medium
41,female,163,51,5817,1162.75,19.195302796492154,1598.78125,slow
40,male,155,93,6674,1703.75,38.70967741935483,2342.65625,fast
46,male,165,83,7502,1636.25,30.48668503213958,2536.1875,fast
39,male,180,72,3104,1655.0,22.22222222222222,1986.0,medium
33,female,156,52,7724,1169.0,21.367521367521366,1811.95,slow
42,female,162,73,6239,1371.5,27.815881725346742,1885.8125,slow
21,female,153,60,10956,1290.25,25.63116749967961,2225.68125,medium
33,female,158,72,9269,1381.5,28.841531805800347,2141.3250000000003,medium
30,male,171,55,6839,1473.75,18.80920625149619,2026.40625,medium
39,female,159,62,6438,1257.75,24.524346347059055,1729.40625,slow
36,female,151,59,6735,1192.75,25.876058067628612,1640.03125,slow
48,female,161,69,9676,1295.25,26.61934338952972,2007.6375,medium
39,female,170,87,10293,1576.5,30.103806228373706,2719.4625,fast
50,female,159,74,8900,1322.75,29.270994027135,2050.2625000000003,medium
40,female,162,62,6264,1271.5,23.624447492760247,1748.3125,slow
34,male,179,86,8254,1813.75,26.840610467838083,2811.3125,fast
33,male,177,61,7432,1556.25,19.4707778735357,2139.84375,medium
29,male,168,84,8579,1750.0,29.761904761904766,2712.5,fast
39,female,165,74,9388,1415.25,27.180899908172638,2193.6375000000003,medium
40,female,156,45,10079,1064.0,18.49112426035503,1835.4,slow
48,female,153,62,9387,1175.25,26.48553974966893,1821.6375,slow
58,female,162,71,6574,1271.5,27.053802773967377,1748.3125,slow
41,female,171,50,5478,1202.75,17.09927841045108,1653.78125,slow
31,female,156,74,11508,1399.0,30.407626561472714,2413.275,fast
27,female,163,59,5729,1312.75,22.20633068613798,1805.03125,slow
18,male,179,59,4629,1623.75,18.413907181423802,1948.5,medium
23,female,156,72,8761,1419.0,29.585798816568044,2199.4500000000003,medium
39,female,161,59,6843,1240.25,22.76146753597469,1705.34375,slow
23,male,178,70,7851,1702.5,22.093170054286073,2638.875,fast
36,male,170,45,9084,1337.5,15.570934256055365,2073.125,medium
38,female,154,84,7509,1451.5,35.41912632821724,2249.8250000000003,medium
23,female,150,63,4426,1291.5,28.0,1549.8,slow
31,female,153,75,7823,1390.25,32.038959374599514,2154.8875000000003,medium
52,female,173,65,7406,1310.25,21.71806608974573,1801.59375,slow
40,female,152,54,9017,1129.0,23.372576177285318,1749.95,slow
27,female,150,45,8441,1091.5,20.0,1691.825,slow
59,female,165,50,8744,1075.25,18.36547291092746,1666.6375,slow
18,female,161,64,6607,1395.25,24.690405462752206,1918.46875,slow
30,male,174,80,6958,1742.5,26.42356982428326,2395.9375,fast
41,male,159,78,6216,1573.75,30.853209920493647,2163.90625,medium
26,female,165,48,10056,1220.25,17.63085399449036,2104.93125,medium
30,male,155,75,14476,1573.75,31.217481789802285,2990.125,fast
25,male,158,79,7982,1657.5,31.64556962025316,2569.125,fast
20,female,155,61,3622,1317.75,25.390218522372525,1581.3,slow
43,female,163,68,7572,1322.75,25.59373706198954,2050.2625000000003,medium
22,female,160,69,8384,1419.0,26.953124999999996,2199.4500000000003,medium
49,male,164,77,8543,1555.0,28.628792385484836,2410.25,fast
25,female,160,68,8273,1394.0,26.562499999999996,2160.7000000000003,medium
34,male,174,71,4381,1632.5,23.450918219051392,1959.0,medium
41,female,159,76,3830,1387.75,30.062101973814325,1665.3,slow
38,male,174,72,5787,1622.5,23.781212841854934,2230.9375,medium
30,male,165,83,9877,1716.25,30.48668503213958,2660.1875,fast
33,female,160,55,5940,1224.0,21.484374999999996,1683.0,slow
34,male,184,53,5323,1515.0,15.65453686200378,2083.125,medium
32,male,164,80,6018,1670.0,29.744199881023206,2296.25,fast
38,male,172,64,3589,1530.0,21.63331530557058,1836.0,slow
38,male,165,59,6815,1436.25,21.6712580348944,1974.84375,medium
40,male,158,67,6064,1462.5,26.83864765261977,2010.9375,medium
38,female,153,45,3341,1055.25,19.223375624759708,1266.3,slow
33,male,180,54,7798,1505.0,16.666666666666664,2332.75,fast
21,male,160,70,5455,1600.0,27.343749999999996,2200.0,medium
40,female,152,48,4262,1069.0,20.775623268698062,1282.8,slow
36,male,160,80,5651,1625.0,31.249999999999993,2234.375,medium
18,female,164,45,7645,1224.0,16.731112433075552,1897.2,slow
24,female,157,45,8805,1150.25,18.25631871475516,1782.8875,slow
27,female,158,75,7840,1441.5,30.043262297708697,2234.3250000000003,medium
24,male,170,65,10278,1597.5,22.49134948096886,2755.6875,fast
42,male,172,67,10312,1540.0,22.647376960519203,2656.5,fast
31,female,150,63,5212,1251.5,28.0,1720.8125,slow
29,female,162,75,11500,1456.5,28.577960676726104,2512.4625,fast
25,male,173,83,2000,1791.25,27.732299776136855,2149.5,medium
51,male,174,90,7879,1737.5,29.72651605231867,2693.125,fast
38,male,177,71,10665,1631.25,22.66270867247598,2813.90625,fast
28,female,168,67,7389,1419.0,23.738662131519277,1951.125,medium
31,male,170,61,2637,1522.5,21.107266435986162,1827.0,slow
40,female,164,45,7525,1114.0,16.731112433075552,1726.7,slow
46,female,157,68,7978,1270.25,27.587326057852245,1968.8875,medium
47,female,168,62,7659,1274.0,21.9671201814059,1974.7,medium
25,female,155,60,6616,1282.75,24.97398543184183,1763.78125,slow
27,female,151,57,6520,1217.75,24.998903556861542,1674.40625,slow
21,female,162,59,7817,1336.5,22.481329065691202,2071.5750000000003,medium
28,male,175,85,9793,1808.75,27.755102040816325,2803.5625,fast
26,female,159,73,9468,1432.75,28.875440053795337,2220.7625000000003,medium
30,male,163,82,7043,1693.75,30.863035868869737,2328.90625,fast
42,female,158,55,5823,1166.5,22.031725684986377,1603.9375,slow
42,male,174,77,2000,1652.5,25.43268595587264,1983.0,medium
28,female,158,66,10032,1346.5,26.43807082198365,2322.7125,fast
20,female,164,75,3783,1514.0,27.885187388459254,1816.8,slow
50,male,183,75,7556,1648.75,22.395413419331717,2555.5625,fast
39,male,173,68,9055,1571.25,22.720438370810918,2435.4375,fast
34,female,157,60,4951,1250.25,24.341758286340216,1500.3,slow
18,male,174,78,10519,1782.5,25.762980578676178,3074.8125,fast
41,male,168,69,9342,1540.0,24.44727891156463,2387.0,fast
35,male,164,55,8075,1405.0,20.449137418203453,2177.75,medium
27,male,168,83,4402,1750.0,29.40759637188209,2100.0,medium
45,male,161,75,3677,1536.25,28.93406890166274,1843.5,slow
49,male,175,77,6011,1623.75,25.142857142857142,2232.65625,medium
30,female,167,45,10754,1182.75,16.1353938828929,2040.24375,medium
37,male,180,64,8451,1585.0,19.753086419753085,2456.75,fast
38,female,160,60,12072,1249.0,23.437499999999996,2154.525,medium
39,female,156,65,7581,1269.0,26.709401709401707,1966.95,medium
24,female,150,45,5981,1106.5,20.0,1521.4375,slow
18,male,170,81,2000,1787.5,28.027681660899656,2145.0,medium
33,female,161,53,7983,1210.25,20.446742023841672,1875.8875,slow
23,male,174,51,9095,1487.5,16.84502576298058,2305.625,fast
56,female,150,56,8928,1056.5,24.88888888888889,1637.575,slow
28,female,169,61,10662,1365.25,21.35779559539232,2355.05625,fast
44,male,165,50,7680,1316.25,18.36547291092746,2040.1875,medium
38,male,172,88,4894,1770.0,29.745808545159548,2124.0,medium
49,female,166,60,9603,1231.5,21.773842357381334,1908.825,slow
52,male,174,84,6872,1672.5,27.74474831549742,2299.6875,fast
53,female,163,64,5597,1232.75,24.088223117166624,1695.03125,slow
46,female,160,58,8296,1189.0,22.656249999999996,1842.95,slow
37,female,154,61,6267,1226.5,25.72103221453871,1686.4375,slow
18,male,159,81,7282,1718.75,32.03987184051263,2363.28125,fast
41,male,161,67,8989,1476.25,25.847768218818715,2288.1875,fast
32,female,160,63,6860,1309.0,24.609374999999996,1799.875,slow
24,female,167,52,6882,1282.75,18.645344042454013,1763.78125,slow
44,male,177,51,10360,1401.25,16.278847074595422,2417.15625,fast
39,male,160,71,6804,1520.0,27.734374999999993,2090.0,medium
46,female,153,56,8897,1125.25,23.92242299970097,1744.1375,slow
31,male,162,77,10303,1632.5,29.340039628105465,2816.0625,fast
45,male,176,61,7384,1490.0,19.692665289256198,2048.75,medium
20,female,166,75,8129,1526.5,27.21730294672667,2366.0750000000003,fast
33,male,161,80,8694,1646.25,30.86300682844026,2551.6875,fast
21,male,157,58,5378,1461.25,23.53036634346221,2009.21875,medium
22,female,150,64,11446,1306.5,28.444444444444443,2253.7125,medium
26,male,172,55,4719,1500.0,18.591130340724717,1800.0,slow
23,female,157,56,3780,1265.25,22.7189744005842,1518.3,slow
33,male,173,71,7148,1631.25,23.722810651876106,2242.96875,medium
23,female,159,59,8314,1307.75,23.337684427040067,2027.0125,medium
26,male,173,63,6210,1586.25,21.04981790236894,2181.09375,medium
32,female,171,59,6182,1337.75,20.177148524332274,1839.40625,slow
46,female,167,68,12289,1332.75,24.38237297859371,2298.99375,fast
21,female,163,45,8058,1202.75,16.937031879257784,1864.2625,slow
18,male,173,54,7796,1536.25,18.042701059173375,2381.1875,fast
26,female,163,79,10144,1517.75,29.733900410252552,2618.11875,fast
27,male,175,89,9729,1853.75,29.06122448979592,2873.3125,fast
50,male,171,80,10511,1623.75,27.358845456721728,2800.96875,fast
46,male,170,53,4688,1367.5,18.339100346020764,1641.0,slow
33,male,176,81,5638,1750.0,26.149276859504134,2406.25,fast
47,male,169,71,9838,1536.25,24.859073561850078,2381.1875,fast
26,male,172,62,9121,1570.0,20.9572742022715,2433.5,fast
33,male,168,58,6830,1470.0,20.549886621315196,2021.25,medium
56,female,158,60,8808,1146.5,24.034609838166958,1777.075,slow
36,female,169,66,6282,1375.25,23.1084345786212,1890.96875,slow
40,female,159,51,5246,1142.75,20.17325264032277,1571.28125,slow
36,female,156,54,5031,1174.0,22.189349112426033,1614.25,slow
44,female,163,50,8942,1137.75,18.818924310286427,1763.5125,slow
30,female,164,74,5318,1454.0,27.513384889946465,1999.25,medium
25,female,151,57,4927,1227.75,24.998903556861542,1473.3,slow
31,male,166,86,7629,1747.5,31.20917404557991,2708.625,fast
26,female,160,45,10863,1159.0,17.578124999999996,1999.275,medium
44,male,173,78,9038,1646.25,26.061679307694877,2551.6875,fast
47,male,165,64,6704,1441.25,23.507805325987146,1981.71875,medium
35,female,160,48,7119,1144.0,18.749999999999996,1573.0,slow
34,female,167,61,7869,1322.75,21.872422819032593,2050.2625000000003,medium
33,female,162,77,7479,1456.5,29.340039628105465,2002.6875,medium
30,female,171,71,4109,1467.75,24.280975342840534,1761.3,slow
18,female,150,62,9877,1306.5,27.555555555555557,2025.075,medium
37,male,179,56,6974,1498.75,17.477606816266658,2060.78125,medium
37,male,183,71,10169,1673.75,21.20099137030069,2887.21875,fast
23,female,150,45,6667,1111.5,20.0,1528.3125,slow
18,female,156,64,4857,1364.0,26.298487836949374,1636.8,slow
35,male,160,89,6860,1720.0,34.76562499999999,2365.0,fast
33,female,166,48,4909,1191.5,17.419073885905068,1429.8,slow
30,female,159,80,6036,1482.75,31.644317867172973,2038.78125,medium
34,female,166,64,10785,1346.5,23.225431847873423,2322.7125,fast
26,female,159,64,10012,1342.75,25.315454293738377,2316.24375,fast
33,female,174,56,8635,1321.5,18.49649887699828,2048.3250000000003,medium
31,male,166,70,8224,1587.5,25.402816083611555,2460.625,fast
39,female,160,73,9881,1374.0,28.515624999999993,2129.7000000000003,medium
33,female,151,48,3774,1097.75,21.051708258409718,1317.3,slow
26,male,164,74,13374,1640.0,27.513384889946465,3116.0,fast
37,female,160,78,5930,1434.0,30.468749999999993,1971.75,medium
29,female,159,55,3730,1237.75,21.75546853368142,1485.3,slow
40,female,178,74,6599,1491.5,23.355636914530994,2050.8125,medium
29,female,175,60,4999,1387.75,19.591836734693878,1665.3,slow
48,female,167,77,9166,1412.75,27.60945175517229,2189.7625000000003,medium
44,female,163,64,9846,1277.75,24.088223117166624,1980.5125,medium
45,male,171,76,12101,1608.75,25.990903183885642,2775.09375,fast
34,female,156,53,9415,1174.0,21.7784352399737,1819.7,slow
18,male,154,72,8696,1597.5,30.35925113847192,2476.125,fast
40,female,150,56,7884,1136.5,24.88888888888889,1761.575,slow
42,male,169,62,11011,1471.25,21.707923392038097,2537.90625,fast
29,female,155,66,7828,1322.75,27.47138397502601,2050.2625000000003,medium
32,female,158,85,8124,1516.5,34.049030604069856,2350.5750000000003,fast
48,male,170,81,11138,1637.5,28.027681660899656,2824.6875,fast
20,male,165,49,7949,1426.25,17.99816345270891,2210.6875,medium
38,male,176,73,7751,1645.0,23.56663223140496,2549.75,fast
37,male,160,70,13183,1520.0,27.343749999999996,2888.0,fast
32,female,158,83,8693,1496.5,33.247876942797625,2319.5750000000003,fast
31,female,156,68,11909,1339.0,27.94214332675871,2309.775,fast
22,male,157,90,4692,1776.25,36.51263742951032,2131.5,medium
27,female,159,46,8422,1157.75,18.19548277362446,1794.5125,slow
18,female,157,86,9159,1590.25,34.889853543754306,2464.8875000000003,fast
19,male,177,88,7879,1896.25,28.088991030674453,2939.1875,fast
38,female,154,63,7222,1241.5,26.564344746162927,1707.0625,slow
34,female,158,45,6962,1106.5,18.02595737862522,1521.4375,slow
51,female,155,78,10437,1332.75,32.46618106139438,2298.99375,fast
23,male,170,75,4857,1702.5,25.95155709342561,2043.0,medium
25,female,157,46,6776,1155.25,18.662014686194166,1588.46875,slow
37,female,161,70,5877,1360.25,27.005130974885226,1870.34375,slow
35,female,160,56,7493,1224.0,21.874999999999996,1683.0,slow
36,male,156,75,7287,1550.0,30.818540433925047,2131.25,medium
23,female,164,71,5716,1459.0,26.397977394408095,2006.125,medium
25,female,165,45,6906,1195.25,16.528925619834713,1643.46875,slow
28,male,159,83,4090,1688.75,32.83097978719196,2026.5,medium
42,male,183,93,5351,1868.75,27.77031263997133,2569.53125,fast
30,female,162,62,5113,1321.5,23.624447492760247,1817.0625,slow
27,male,173,59,2853,1541.25,19.713321527615356,1849.5,slow
41,female,157,54,3985,1155.25,21.907582457706194,1386.3,slow
43,female,168,66,8695,1334.0,23.384353741496604,2067.7000000000003,medium
32,male,171,61,10005,1523.75,20.86111966075032,2628.46875,fast
46,male,166,76,8787,1572.5,27.58020031934969,2437.375,fast
38,female,159,65,8292,1292.75,25.71100826707804,2003.7625,medium
48,male,170,78,6135,1607.5,26.989619377162633,2210.3125,medium
32,male,177,61,3595,1561.25,19.4707778735357,1873.5,slow
33,female,169,76,7895,1490.25,26.609712545078956,2309.8875000000003,fast
42,female,157,67,6910,1280.25,27.18163008641324,1760.34375,slow
24,male,167,84,11419,1768.75,30.11940191473341,3051.09375,fast
42,female,164,67,4738,1324.0,24.910767400356935,1588.8,slow
32,male,176,91,8324,1855.0,29.3775826446281,2875.25,fast
31,female,174,51,9928,1281.5,16.84502576298058,1986.325,medium
44,female,165,47,11067,1120.25,17.263544536271812,1932.43125,medium
18,female,162,56,6427,1321.5,21.338210638622158,1817.0625,slow
33,male,174,68,5784,1607.5,22.460034350640772,2210.3125,medium
18,male,165,51,4510,1456.25,18.73278236914601,1747.5,slow
20,male,177,70,2000,1711.25,22.34351559258195,2053.5,medium
30,male,171,78,6138,1703.75,26.674874320303687,2342.65625,fast
25,female,163,65,3294,1382.75,24.46460160337235,1659.3,slow
47,female,153,62,11338,1180.25,26.48553974966893,2035.93125,medium
32,female,156,45,7013,1104.0,18.49112426035503,1518.0,slow
33,female,170,66,8903,1396.5,22.837370242214536,2164.5750000000003,medium
23,female,159,65,7065,1367.75,25.71100826707804,1880.65625,slow
41,female,158,50,7659,1121.5,20.028841531805796,1738.325,slow
24,male,158,74,3252,1612.5,29.642685467072578,1935.0,medium
25,female,159,60,11033,1307.75,23.73323840037973,2255.86875,medium
26,female,152,45,6021,1109.0,19.47714681440443,1524.875,slow
35,male,166,75,9433,1617.5,27.21730294672667,2507.125,fast
23,male,163,61,6189,1518.75,22.95908765854944,2088.28125,medium
54,male,176,67,6290,1505.0,21.62964876033058,2069.375,medium
37,female,154,74,9431,1356.5,31.20256367009614,2102.5750000000003,medium
24,male,166,71,9221,1632.5,25.76571345623458,2530.375,fast
36,female,155,46,8696,1087.75,19.14672216441207,1686.0125,slow
34,male,166,68,6810,1552.5,24.677021338365513,2134.6875,medium
18,female,154,59,7475,1301.5,24.87771968291449,1789.5625,slow
34,female,154,54,8243,1171.5,22.76943835385394,1815.825,slow
44,female,160,77,4247,1389.0,30.078124999999993,1666.8,slow
37,female,166,52,10778,1211.5,18.870663376397157,2089.8375,medium
33,male,167,77,4663,1653.75,27.60945175517229,1984.5,medium
18,female,166,79,12654,1576.5,28.668892437218755,2995.35,fast
32,female,150,74,7096,1356.5,32.888888888888886,1865.1875,slow
31,male,150,76,9734,1547.5,33.77777777777778,2398.625,fast
28,female,160,53,9342,1229.0,20.703124999999996,1904.95,slow
32,female,171,68,8377,1427.75,23.25501863821347,2213.0125000000003,medium
29,female,150,62,7640,1251.5,27.555555555555557,1939.825,medium
38,female,164,74,8844,1414.0,27.513384889946465,2191.7000000000003,medium
40,female,168,57,8528,1259.0,20.19557823129252,1951.45,medium
42,female,171,45,10515,1147.75,15.389350569405973,1979.86875,medium
18,female,162,76,3554,1521.5,28.959000152415786,1825.8,slow
46,male,155,73,7643,1473.75,30.38501560874089,2284.3125,fast
31,female,160,57,6573,1254.0,22.265624999999996,1724.25,slow
31,male,165,77,7308,1651.25,28.282828282828287,2270.46875,fast
23,female,150,64,7406,1301.5,28.444444444444443,1789.5625,slow
22,female,171,69,10176,1487.75,23.59700420642249,2566.36875,fast
31,male,177,82,9477,1776.25,26.173832551310287,2753.1875,fast
25,female,172,46,9453,1249.0,15.548945375878855,1935.95,medium
41,male,173,90,11932,1781.25,30.071168431955627,3072.65625,fast
54,female,156,78,7699,1324.0,32.05128205128205,2052.2000000000003,medium
45,female,159,45,9459,1057.75,17.799928800284796,1639.5125,slow
43,male,168,73,5628,1570.0,25.86451247165533,2158.75,medium
23,male,173,63,10324,1601.25,21.04981790236894,2762.15625,fast
45,female,150,71,8922,1261.5,31.555555555555557,1955.325,medium
43,female,164,75,8906,1399.0,27.885187388459254,2168.4500000000003,medium
39,female,175,59,7089,1327.75,19.26530612244898,1825.65625,slow
29,female,168,60,5548,1344.0,21.258503401360546,1848.0,slow
32,male,169,88,10648,1781.25,30.811246104828268,3072.65625,fast
24,female,159,59,5267,1302.75,23.337684427040067,1791.28125,slow
18,female,156,45,2827,1174.0,18.49112426035503,1408.8,slow
42,female,164,63,13078,1284.0,23.423557406305775,2439.6,fast
19,female,157,46,5581,1185.25,18.662014686194166,1629.71875,slow
20,male,187,82,11556,1893.75,23.449340844748203,3266.71875,fast
44,male,174,83,5380,1702.5,27.414453692693883,2340.9375,fast
51,female,155,59,5128,1142.75,24.55775234131113,1571.28125,slow
33,female,164,61,8509,1309.0,22.679952409280194,2028.95,medium
34,male,176,89,6908,1825.0,28.731921487603305,2509.375,fast
42,male,152,71,9078,1455.0,30.730609418282548,2255.25,medium
36,female,155,45,11124,1077.75,18.730489073881373,1859.11875,slow
37,male,165,83,6760,1681.25,30.48668503213958,2311.71875,fast
26,male,167,58,5826,1498.75,20.796729893506402,2060.78125,medium
23,female,171,71,7322,1502.75,24.280975342840534,2066.28125,medium
47,female,158,74,6970,1331.5,29.642685467072578,1830.8125,slow
19,male,181,86,6491,1901.25,26.25072494734593,2614.21875,fast
20,male,159,85,7195,1748.75,33.62208773387128,2404.53125,fast
18,female,164,73,8000,1504.0,27.141582391433676,2331.2000000000003,fast
43,female,162,68,9084,1316.5,25.910684346898332,2040.575,medium
40,male,160,100,8226,1805.0,39.06249999999999,2797.75,fast
22,male,174,46,4416,1442.5,15.193552648962875,1731.0,slow
28,male,171,64,6036,1573.75,21.887076365377382,2163.90625,medium
18,female,150,60,9403,1286.5,26.666666666666668,1994.075,medium
28,male,169,79,8138,1711.25,27.660095935016283,2652.4375,fast
18,female,158,70,8721,1436.5,28.040378144528116,2226.5750000000003,medium
48,female,165,54,8564,1170.25,19.834710743801654,1813.8875,slow
25,female,171,64,5350,1422.75,21.887076365377382,1956.28125,medium
28,female,163,66,6564,1377.75,24.840980089578082,1894.40625,slow
27,female,158,45,10373,1141.5,18.02595737862522,1969.0875,medium
40,female,174,58,5418,1306.5,19.157088122605362,1796.4375,slow
26,female,159,54,7662,1242.75,21.359914560341757,1926.2625,medium
31,female,172,78,7706,1539.0,26.365603028664147,2385.4500000000003,fast
42,female,167,64,9535,1312.75,22.948115744558788,2034.7625,medium
28,female,155,64,8876,1307.75,26.638917793964616,2027.0125,medium
45,male,160,95,9362,1730.0,37.10937499999999,2681.5,fast
25,male,179,63,6478,1628.75,19.66230766829999,2239.53125,medium
33,female,158,61,3758,1271.5,24.435186668803073,1525.8,slow
32,male,172,88,3786,1800.0,29.745808545159548,2160.0,medium
33,female,160,66,3765,1334.0,25.781249999999996,1600.8,slow
35,female,167,60,10794,1307.75,21.513858510523864,2255.86875,medium
29,female,156,45,8242,1119.0,18.49112426035503,1734.45,slow
25,female,168,81,7613,1574.0,28.69897959183674,2439.7000000000003,fast
18,male,176,74,8866,1755.0,23.889462809917354,2720.25,fast
31,male,162,62,7277,1482.5,23.624447492760247,2038.4375,medium
31,female,167,47,11639,1197.75,16.85252249991036,2066.11875,medium
47,female,171,59,8421,1262.75,20.177148524332274,1957.2625,medium
49,male,180,84,6749,1725.0,25.925925925925924,2371.875,fast
53,male,166,77,7448,1547.5,27.94309769197271,2127.8125,medium
25,female,164,64,8532,1379.0,23.795359904818564,2137.4500000000003,medium
39,female,163,55,8942,1212.75,20.70081674131507,1879.7625,slow
22,female,165,68,10188,1440.25,24.977043158861342,2484.43125,fast
38,male,164,72,8024,1560.0,26.769779892920884,2418.0,fast
21,female,151,48,9591,1157.75,21.051708258409718,1794.5125,slow
44,female,158,78,8414,1386.5,31.244992789617044,2149.0750000000003,medium
28,female,151,72,10093,1362.75,31.577562387614577,2350.74375,fast
36,female,161,73,8603,1395.25,28.162493730951734,2162.6375000000003,medium
30,male,174,96,7854,1902.5,31.708283789139912,2948.875,fast
24,female,152,66,7693,1329.0,28.566481994459835,2059.9500000000003,medium
36,female,155,59,8225,1217.75,24.55775234131113,1887.5125,slow
27,male,163,64,4524,1528.75,24.088223117166624,1834.5,slow
28,male,156,73,7129,1570.0,29.996712689020377,2158.75,medium
40,male,172,70,5149,1580.0,23.661438615467823,2172.5,medium
26,female,164,56,7664,1294.0,20.820939916716245,2005.7,medium
27,female,157,74,5163,1425.25,30.021501886486266,1959.71875,medium
24,female,156,62,8484,1314.0,25.476660092044707,2036.7,medium
39,female,182,65,8088,1431.5,19.623233908948194,2218.8250000000003,medium
38,female,157,66,6706,1290.25,26.775934114974238,1774.09375,slow
35,female,157,58,7477,1225.25,23.53036634346221,1684.71875,slow
18,female,161,53,8188,1285.25,20.446742023841672,1992.1375,medium
35,female,158,45,8108,1101.5,18.02595737862522,1707.325,slow
32,male,171,71,5753,1623.75,24.280975342840534,2232.65625,medium
49,male,178,78,10538,1652.5,24.61810377477591,2850.5625,fast
31,female,166,55,9243,1271.5,19.959355494266223,1970.825,medium
27,female,177,61,7095,1420.25,19.4707778735357,1952.84375,medium
33,male,167,75,7967,1633.75,26.89232313815483,2532.3125,fast
37,male,173,70,7144,1601.25,23.38868655818771,2201.71875,medium
34,female,166,45,9508,1156.5,16.330381768036002,1792.575,slow
39,male,166,55,4446,1397.5,19.959355494266223,1677.0,slow
33,female,165,80,5364,1505.25,29.384756657483933,2069.71875,medium
31,male,166,69,7226,1577.5,25.039918710988534,2169.0625,medium
37,male,165,62,6395,1471.25,22.77318640955005,2022.96875,medium
33,female,150,89,4649,1501.5,39.55555555555556,1801.8,slow
30,male,171,77,2000,1693.75,26.332888752094664,2032.5,medium
34,female,152,54,6025,1159.0,23.372576177285318,1593.625,slow
60,female,153,68,9737,1175.25,29.04865649963689,1821.6375,slow
37,male,178,70,7044,1632.5,22.093170054286073,2244.6875,medium
41,male,169,76,5635,1616.25,26.609712545078956,2222.34375,medium
24,female,163,65,6553,1387.75,24.46460160337235,1908.15625,slow
30,female,153,61,2029,1255.25,26.05835362467427,1506.3,slow
37,male,169,64,8757,1516.25,22.40817898532965,2350.1875,fast
57,male,173,66,7962,1461.25,22.052190183434128,2264.9375,medium
40,female,178,74,10845,1491.5,23.355636914530994,2572.8375,fast
30,male,174,78,10404,1722.5,25.762980578676178,2971.3125,fast
25,female,156,47,9417,1159.0,19.312952005259696,1796.45,slow
40,female,161,45,5767,1095.25,17.360441340997646,1505.96875,slow
21,male,167,74,6058,1683.75,26.533758829646096,2315.15625,fast
18,female,161,81,8973,1565.25,31.24879441379576,2426.1375000000003,fast
44,male,172,79,4419,1650.0,26.703623580313685,1980.0,medium
30,female,162,68,7932,1381.5,25.910684346898332,2141.3250000000003,medium
30,male,173,80,5592,1736.25,26.729927495071667,2387.34375,fast
35,female,166,65,4780,1351.5,23.588329220496444,1621.8,slow
42,male,169,59,11530,1441.25,20.65754000210077,2486.15625,fast
38,female,155,61,13325,1227.75,25.390218522372525,2332.725,fast
50,female,158,49,6710,1066.5,19.62826470116968,1466.4375,slow
40,female,173,56,6957,1280.25,18.710949246550168,1760.34375,slow
26,male,163,49,11281,1383.75,18.442545824080696,2386.96875,fast
18,female,152,58,9955,1279.0,25.10387811634349,1982.45,medium
26,female,159,50,12349,1202.75,19.77769866698311,2074.74375,medium
24,male,177,79,6034,1781.25,25.2162533116282,2449.21875,fast
41,female,152,80,8624,1384.0,34.62603878116344,2145.2000000000003,medium
24,male,171,68,7200,1633.75,23.25501863821347,2246.40625,medium
21,male,166,59,9511,1527.5,21.410944984758313,2367.625,fast
35,male,173,58,5299,1491.25,19.37919743392696,2050.46875,medium
36,male,171,74,9186,1633.75,25.3069320474676,2532.3125,fast
29,female,150,77,7254,1401.5,34.22222222222222,1927.0625,medium
27,male,181,80,10018,1801.25,24.41927902078691,3107.15625,fast
45,female,160,61,6708,1224.0,23.828124999999996,1683.0,slow
35,male,175,77,7363,1693.75,25.142857142857142,2328.90625,fast
18,female,163,52,10341,1287.75,19.57168128269788,2221.36875,medium
36,female,176,73,4084,1489.0,23.56663223140496,1786.8,slow
20,male,164,63,9121,1560.0,23.423557406305775,2418.0,fast
38,male,170,58,13420,1457.5,20.06920415224914,2769.25,fast
28,male,151,56,8256,1368.75,24.560326301478007,2121.5625,medium
27,female,158,54,4813,1231.5,21.63114885435026,1477.8,slow
22,female,168,84,3493,1619.0,29.761904761904766,1942.8,medium
43,female,162,55,9625,1186.5,20.957171162932475,1839.075,slow
46,male,168,72,6285,1545.0,25.510204081632658,2124.375,medium
50,female,164,63,2000,1244.0,23.423557406305775,1492.8,slow
25,female,166,65,8046,1401.5,23.588329220496444,2172.3250000000003,medium
43,male,179,72,9919,1628.75,22.47120876377142,2524.5625,fast
36,male,160,69,5983,1515.0,26.953124999999996,2083.125,medium
20,male,167,84,7895,1788.75,30.11940191473341,2772.5625,fast
28,female,157,68,7049,1360.25,27.587326057852245,1870.34375,slow
43,male,167,93,8581,1763.75,33.34648069131199,2733.8125,fast
33,male,175,49,2000,1423.75,16.0,1708.5,slow
26,male,166,75,5710,1662.5,27.21730294672667,2285.9375,fast
24,male,161,60,7851,1491.25,23.147255121330193,2311.4375,fast
18,female,169,46,4698,1265.25,16.105878645705683,1518.3,slow
45,male,168,71,7474,1540.0,25.15589569160998,2117.5,medium
22,female,150,55,13680,1216.5,24.444444444444443,2311.35,fast
36,female,166,47,6968,1166.5,17.056176513282043,1603.9375,slow
45,male,178,94,7703,1832.5,29.667971215755585,2840.375,fast
43,male,176,92,12092,1810.0,29.700413223140497,3122.25,fast
25,female,169,56,12262,1330.25,19.607156612163443,2294.68125,fast
28,male,167,51,10129,1418.75,18.286779733945284,2447.34375,fast
39,female,160,51,12530,1154.0,19.921874999999996,2192.6,medium
37,male,171,68,10316,1568.75,23.25501863821347,2706.09375,fast
59,male,170,87,8787,1642.5,30.103806228373706,2545.875,fast
18,female,159,69,8287,1432.75,27.29322416043669,2220.7625000000003,medium
47,female,162,69,10954,1306.5,26.291723822588015,2253.7125,medium
40,male,173,71,8388,1596.25,23.722810651876106,2474.1875,fast
36,male,169,77,11133,1651.25,26.959840341724732,2848.40625,fast
43,male,177,65,9897,1546.25,20.747550193111813,2396.6875,fast
22,female,154,94,8566,1631.5,39.63568898633834,2528.8250000000003,fast
39,male,182,61,11083,1557.5,18.41565028378215,2686.6875,fast
44,female,150,78,11976,1336.5,34.666666666666664,2305.4625,fast
22,female,155,47,7200,1167.75,19.562955254942764,1605.65625,slow
36,female,155,49,6980,1117.75,20.39542143600416,1536.90625,slow
40,female,150,45,8220,1026.5,20.0,1591.075,slow
30,male,159,71,8012,1558.75,28.084332107116012,2416.0625,fast
30,male,173,81,5762,1746.25,27.064051588760066,2401.09375,fast
56,male,164,55,11972,1300.0,20.449137418203453,2242.5,medium
31,female,161,66,7841,1350.25,25.461980633463213,2092.8875000000003,medium
46,female,150,53,5504,1076.5,23.555555555555557,1480.1875,slow
27,male,150,79,7510,1597.5,35.111111111111114,2476.125,fast
39,male,165,85,10283,1691.25,31.22130394857668,2917.40625,fast
41,female,165,49,7974,1155.25,17.99816345270891,1790.6375,slow
37,male,166,80,8711,1657.5,29.03178980984178,2569.125,fast
26,male,173,65,7763,1606.25,21.71806608974573,2489.6875,fast
29,female,157,60,2687,1275.25,24.341758286340216,1530.3,slow
18,male,168,83,8509,1795.0,29.40759637188209,2782.25,fast
19,male,175,50,4578,1503.75,16.3265306122449,1804.5,slow
36,male,170,78,8791,1667.5,26.989619377162633,2584.625,fast
36,female,160,62,5869,1279.0,24.218749999999996,1758.625,slow
40,male,171,65,6627,1523.75,22.229061933586404,2095.15625,medium
33,male,172,49,8864,1405.0,16.563007030827475,2177.75,medium
32,female,160,63,8756,1309.0,24.609374999999996,2028.95,medium
47,female,177,46,7868,1170.25,14.682881675125282,1813.8875,slow
31,female,166,65,7121,1371.5,23.588329220496444,1885.8125,slow
25,female,161,63,7724,1350.25,24.3046178773967,2092.8875000000003,medium
22,male,163,61,7202,1523.75,22.95908765854944,2095.15625,medium
35,female,169,65,8304,1370.25,22.758306781975424,2123.8875000000003,medium
39,female,156,55,8534,1169.0,22.600262984878366,1811.95,slow
32,female,164,77,9616,1474.0,28.628792385484836,2284.7000000000003,fast
39,male,160,100,10355,1810.0,39.06249999999999,3122.25,fast
36,male,169,65,3141,1531.25,22.758306781975424,1837.5,slow
39,female,169,64,9963,1340.25,22.40817898532965,2077.3875000000003,medium
23,male,161,48,9699,1376.25,18.517804097064154,2133.1875,medium
47,female,159,65,8178,1247.75,25.71100826707804,1934.0125,medium
18,female,162,66,10556,1421.5,25.14860539551897,2452.0875,fast
43,female,150,45,7808,1011.5,20.0,1567.825,slow
26,female,156,45,7101,1134.0,18.49112426035503,1559.25,slow
46,female,154,68,7947,1251.5,28.67262607522348,1939.825,medium
37,female,156,76,5532,1389.0,31.22945430637738,1909.875,slow
19,male,176,83,2817,1840.0,26.794938016528928,2208.0,medium
35,female,162,62,5369,1296.5,23.624447492760247,1782.6875,slow
40,female,151,61,7794,1192.75,26.753212578395683,1848.7625,slow
34,female,153,75,10111,1375.25,32.038959374599514,2372.30625,fast
37,female,158,72,3956,1361.5,28.841531805800347,1633.8,slow
28,female,164,62,6789,1344.0,23.051754907792983,1848.0,slow
18,male,180,83,10511,1870.0,25.61728395061728,3225.75,fast
36,female,156,71,6975,1344.0,29.17488494411571,1848.0,slow
60,female,161,66,2704,1205.25,25.461980633463213,1446.3,slow
47,female,162,54,5199,1156.5,20.576131687242793,1590.1875,slow
25,female,150,48,3765,1131.5,21.333333333333332,1357.8,slow
28,male,177,66,5906,1631.25,21.06674327300584,2242.96875,medium
35,female,170,81,12499,1536.5,28.027681660899656,2650.4625,fast
46,female,153,48,8902,1045.25,20.504933999743688,1620.1375,slow
32,male,177,78,7956,1731.25,24.897060231734173,2683.4375,fast
28,female,159,74,9446,1432.75,29.270994027135,2220.7625000000003,medium
26,male,173,73,5059,1686.25,24.3910588392529,2318.59375,fast
34,male,160,76,9329,1595.0,29.687499999999993,2472.25,fast
51,male,160,78,10985,1530.0,30.468749999999993,2639.25,fast
33,male,175,71,9309,1643.75,23.183673469387756,2547.8125,fast
44,male,171,68,2000,1533.75,23.25501863821347,1840.5,slow
35,male,176,79,8022,1720.0,25.50361570247934,2666.0,fast
19,female,168,59,6371,1384.0,20.904195011337873,1903.0,slow
51,male,185,76,7523,1666.25,22.205989773557338,2582.6875,fast
18,female,166,65,2842,1436.5,23.588329220496444,1723.8,slow
45,male,174,71,5570,1577.5,23.450918219051392,2169.0625,medium
27,female,154,73,3810,1396.5,30.78090740428403,1675.8,slow
33,male,164,84,6125,1705.0,31.231409875074366,2344.375,fast
54,female,163,63,7344,1217.75,23.711844630960897,1674.40625,slow
49,female,167,80,11674,1437.75,28.685144680698485,2480.11875,fast
40,female,162,75,8291,1401.5,28.577960676726104,2172.3250000000003,medium
47,male,173,62,9536,1471.25,20.715693808680545,2280.4375,fast
28,male,175,63,6947,1588.75,20.571428571428573,2184.53125,medium
29,female,156,64,10258,1309.0,26.298487836949374,2258.025,medium
19,male,161,48,4118,1396.25,18.517804097064154,1675.5,slow
43,female,166,52,8830,1181.5,18.870663376397157,1831.325,slow
34,male,167,65,7692,1528.75,23.306680053067517,2369.5625,fast
31,male,176,57,4212,1520.0,18.401342975206614,1824.0,slow
48,female,176,74,6312,1439.0,23.889462809917354,1978.625,medium
37,female,165,58,5829,1265.25,21.30394857667585,1739.71875,slow
36,male,177,66,5820,1591.25,21.06674327300584,2187.96875,medium
18,female,161,64,9012,1395.25,24.690405462752206,2162.6375000000003,medium
31,male,171,85,9580,1768.75,29.06877329776684,2741.5625,fast
35,male,173,81,8547,1721.25,27.064051588760066,2667.9375,fast
46,female,156,65,6158,1234.0,26.709401709401707,1696.75,slow
37,female,169,56,8504,1270.25,19.607156612163443,1968.8875,medium
28,female,159,53,8072,1222.75,20.964360587002094,1895.2625,slow
41,male,166,66,6273,1497.5,23.95122659311947,2059.0625,medium
30,female,160,54,13021,1229.0,21.093749999999996,2335.1,fast
47,male,154,65,5648,1382.5,27.40765727778715,1900.9375,slow
30,female,160,52,8142,1209.0,20.312499999999996,1873.95,slow
28,female,152,71,7021,1359.0,30.730609418282548,1868.625,slow
44,female,150,66,9922,1216.5,29.333333333333332,1885.575,slow
46,female,159,50,3757,1102.75,19.77769866698311,1323.3,slow
47,male,165,61,2770,1411.25,22.4058769513315,1693.5,slow
30,female,159,69,10611,1372.75,27.29322416043669,2367.99375,fast
35,male,164,82,9963,1675.0,30.487804878048784,2596.25,fast
29,male,163,70,5346,1578.75,26.346494034400994,2170.78125,medium
39,female,156,66,5767,1279.0,27.12031558185404,1758.625,slow
27,female,162,82,5246,1536.5,31.24523700655387,2112.6875,medium
18,male,170,76,5728,1737.5,26.29757785467128,2389.0625,fast
46,female,156,52,5097,1104.0,21.367521367521366,1518.0,slow
29,male,165,78,6562,1671.25,28.650137741046834,2297.96875,fast
22,female,163,59,5929,1337.75,22.20633068613798,1839.40625,slow
43,female,152,62,4679,1194.0,26.83518005540166,1432.8,slow
31,female,161,69,5498,1380.25,26.61934338952972,1897.84375,slow
31,male,167,53,4258,1423.75,19.003908350962746,1708.5,slow
42,female,161,73,12412,1365.25,28.162493730951734,2355.05625,fast
38,male,164,57,9248,1410.0,21.192742415229034,2185.5,medium
46,male,171,76,5949,1603.75,25.990903183885642,2205.15625,medium
20,female,152,51,5457,1199.0,22.07409972299169,1648.625,slow
30,female,161,90,8296,1595.25,34.72088268199529,2472.6375000000003,fast
19,male,171,66,7758,1638.75,22.571047501795427,2540.0625,fast
54,male,179,75,4888,1603.75,23.40750912892856,1924.5,medium
31,male,168,65,3161,1550.0,23.030045351473927,1860.0,slow
32,female,151,74,8383,1362.75,32.45471689838165,2112.2625000000003,medium
27,male,155,83,5573,1668.75,34.54734651404786,2294.53125,fast
60,male,156,72,3718,1400.0,29.585798816568044,1680.0,slow
39,female,160,63,6876,1274.0,24.609374999999996,1751.75,slow
42,female,158,67,8767,1286.5,26.83864765261977,1994.075,medium
41,male,170,81,5713,1672.5,28.027681660899656,2299.6875,fast
29,female,162,47,6416,1176.5,17.908855357415025,1617.6875,slow
43,female,167,68,3373,1347.75,24.38237297859371,1617.3,slow
27,male,175,58,6916,1543.75,18.93877551020408,2122.65625,medium
38,male,162,65,8531,1477.5,24.76756591982929,2290.125,fast
22,female,170,60,8646,1391.5,20.761245674740486,2156.8250000000003,medium
27,male,157,64,8885,1491.25,25.96454217209623,2311.4375,fast
18,female,154,68,7988,1391.5,28.67262607522348,2156.8250000000003,medium
51,female,157,72,2310,1285.25,29.21010994360826,1542.3,slow
30,male,170,74,5242,1657.5,25.605536332179934,2279.0625,fast
36,female,171,69,13314,1417.75,23.59700420642249,2693.725,fast
33,male,169,78,9471,1676.25,27.309968138370508,2598.1875,fast
46,male,165,62,8607,1426.25,22.77318640955005,2210.6875,medium
46,male,165,73,7042,1536.25,26.813590449954088,2112.34375,medium
18,male,168,81,9085,1775.0,28.69897959183674,2751.25,fast
38,male,174,65,5194,1552.5,21.469150482230148,2134.6875,medium
28,female,159,68,4628,1372.75,26.897670187097027,1647.3,slow
21,female,159,70,11862,1427.75,27.688778133776353,2462.86875,fast
38,female,161,56,8267,1215.25,21.60410477990818,1883.6375,slow
31,female,160,72,7964,1404.0,28.124999999999993,2176.2000000000003,medium
37,female,150,82,7673,1411.5,36.44444444444444,2187.8250000000003,medium
37,female,160,78,5523,1434.0,30.468749999999993,1971.75,medium
48,male,171,65,7390,1483.75,22.229061933586404,2040.15625,medium
26,male,157,85,6389,1706.25,34.484157572315304,2346.09375,fast
47,female,151,59,9408,1137.75,25.876058067628612,1763.5125,slow
19,female,151,70,4423,1387.75,30.700407876847507,1665.3,slow
25,female,169,89,11764,1660.25,31.161373901474043,2863.93125,fast
49,female,167,66,4715,1297.75,23.66524436157625,1557.3,slow
22,female,160,76,2671,1489.0,29.687499999999993,1786.8,slow
24,male,167,62,7468,1548.75,22.230987127541326,2129.53125,medium
32,male,171,78,3087,1693.75,26.674874320303687,2032.5,medium
28,female,151,68,5556,1322.75,29.823253366080436,1818.78125,slow
18,male,170,96,8233,1937.5,33.21799307958478,3003.125,fast
52,female,154,76,6689,1301.5,32.04587620172036,1789.5625,slow
38,male,151,72,4697,1478.75,31.577562387614577,1774.5,slow
36,male,164,79,2215,1640.0,29.372397382510414,1968.0,medium
33,male,162,73,10111,1582.5,27.815881725346742,2729.8125,fast
38,female,151,79,6238,1382.75,34.64760317529933,1901.28125,slow
18,male,161,64,11015,1561.25,24.690405462752206,2693.15625,fast
44,female,161,71,8613,1335.25,27.390918560240728,2069.6375000000003,medium
23,female,151,65,6022,1317.75,28.507521599929827,1811.90625,slow
33,female,162,60,7892,1286.5,22.86236854138088,1994.075,medium
29,male,167,57,5450,1473.75,20.43816558499767,2026.40625,medium
42,female,150,73,5759,1296.5,32.44444444444444,1782.6875,slow
41,male,157,76,7020,1541.25,30.832893829364274,2119.21875,medium
29,male,165,78,3532,1671.25,28.650137741046834,2005.5,medium
18,female,158,59,9323,1326.5,23.634033007530842,2056.0750000000003,medium
51,female,150,58,7636,1101.5,25.77777777777778,1707.325,slow
23,male,158,79,6271,1667.5,31.64556962025316,2292.8125,fast
29,female,163,79,8127,1502.75,29.733900410252552,2329.2625000000003,fast
43,male,163,53,5103,1338.75,19.94805976890361,1840.78125,slow
30,female,161,62,7129,1315.25,23.9188302920412,1808.46875,slow
48,male,176,85,2000,1715.0,27.44059917355372,2058.0,medium
45,female,166,66,7870,1311.5,23.95122659311947,2032.825,medium
48,male,173,78,3420,1626.25,26.061679307694877,1951.5,medium
48,male,178,95,7273,1827.5,29.983587930816814,2512.8125,fast
28,male,176,72,9187,1685.0,23.243801652892564,2611.75,fast
32,female,156,51,3678,1164.0,20.956607495069033,1396.8,slow
29,male,164,77,6294,1655.0,28.628792385484836,2275.625,fast
18,male,159,61,4980,1518.75,24.128792373719392,1822.5,slow
25,female,171,54,6405,1322.75,18.467220683287167,1818.78125,slow
22,male,169,89,5719,1841.25,31.161373901474043,2531.71875,fast
44,male,165,70,5894,1516.25,25.71166207529844,2084.84375,medium
39,female,150,48,7618,1061.5,21.333333333333332,1645.325,slow
30,female,157,51,7903,1180.25,20.690494543389182,1829.3875,slow
26,male,162,72,2000,1607.5,27.43484224965706,1929.0,medium
29,female,160,63,2000,1324.0,24.609374999999996,1588.8,slow
37,female,161,73,9338,1390.25,28.162493730951734,2154.8875000000003,medium
32,male,167,74,6968,1628.75,26.533758829646096,2239.53125,medium
29,male,177,78,8786,1746.25,24.897060231734173,2706.6875,fast
24,female,161,63,4165,1355.25,24.3046178773967,1626.3,slow
35,male,179,72,7716,1668.75,22.47120876377142,2586.5625,fast
24,female,151,45,9711,1112.75,19.735976492259113,1724.7625,slow
42,female,154,57,6584,1161.5,24.034407151290267,1597.0625,slow
29,female,163,55,8547,1262.75,20.70081674131507,1957.2625,medium
26,male,159,73,5344,1598.75,28.875440053795337,2198.28125,medium
40,male,164,66,10502,1490.0,24.538964901844146,2570.25,fast
40,male,169,73,9610,1591.25,25.55932915514163,2466.4375,fast
37,male,170,75,6426,1632.5,25.95155709342561,2244.6875,medium
25,female,156,69,9080,1379.0,28.353057199211044,2137.4500000000003,medium
42,male,168,70,5487,1545.0,24.801587301587304,2124.375,medium
18,female,159,69,8086,1432.75,27.29322416043669,2220.7625000000003,medium
38,male,175,94,5097,1848.75,30.693877551020407,2542.03125,fast
32,female,164,73,7924,1434.0,27.141582391433676,2222.7000000000003,medium
35,female,161,64,6328,1310.25,24.690405462752206,1801.59375,slow
18,male,170,85,7517,1827.5,29.411764705882355,2832.625,fast
34,male,164,76,6631,1620.0,28.256989886972047,2227.5,medium
60,male,167,77,8496,1518.75,27.60945175517229,2354.0625,fast
36,female,154,51,11117,1131.5,21.504469556417607,1951.8375,medium
37,male,179,77,8689,1708.75,24.031709372366656,2648.5625,fast
38,female,154,53,5745,1141.5,22.34778208804183,1569.5625,slow
39,male,164,79,3104,1625.0,29.372397382510414,1950.0,medium
41,female,154,45,8115,1046.5,18.974531961544947,1622.075,slow
54,male,162,61,7011,1357.5,23.243408017070564,1866.5625,slow
35,female,153,75,6190,1370.25,32.038959374599514,1884.09375,slow
30,male,166,94,4502,1832.5,34.11235302656409,2199.0,medium
38,male,179,65,7936,1583.75,20.286507911738084,2454.8125,fast
48,male,161,76,6442,1531.25,29.319856487018246,2105.46875,medium
39,male,166,73,5960,1577.5,26.491508201480624,2169.0625,medium
49,female,173,59,6953,1265.25,19.713321527615356,1739.71875,slow
35,male,158,70,4742,1517.5,28.040378144528116,1821.0,slow
21,female,158,53,8777,1251.5,21.230572023714146,1939.825,medium
27,male,177,57,10212,1546.25,18.194005553959588,2667.28125,fast
35,female,155,52,10410,1152.75,21.64412070759625,1988.49375,medium
38,female,156,68,7169,1304.0,27.94214332675871,1793.0,slow
43,female,169,53,6492,1210.25,18.556773222226116,1664.09375,slow
36,female,159,54,7352,1192.75,21.359914560341757,1640.03125,slow
30,female,167,59,8182,1322.75,21.15529420201513,2050.2625000000003,medium
23,male,160,88,8535,1770.0,34.37499999999999,2743.5,fast
25,male,175,94,9019,1913.75,30.693877551020407,2966.3125,fast
29,male,177,71,4614,1676.25,22.66270867247598,2011.5,medium
28,female,156,67,11420,1344.0,27.531229454306374,2318.4,fast
37,male,171,71,9657,1598.75,24.280975342840534,2478.0625,fast
20,female,160,45,3828,1189.0,17.578124999999996,1426.8,slow
22,female,159,45,2761,1172.75,17.799928800284796,1407.3,slow
46,male,167,64,6464,1458.75,22.948115744558788,2005.78125,medium
40,male,167,74,8034,1588.75,26.533758829646096,2462.5625,fast
25,male,175,71,6530,1683.75,23.183673469387756,2315.15625,fast
31,female,150,51,8453,1131.5,22.666666666666668,1753.825,slow
33,female,157,45,7313,1105.25,18.25631871475516,1519.71875,slow
26,male,183,63,6932,1648.75,18.812147272238644,2267.03125,medium
46,male,172,81,4334,1660.0,27.379664683612766,1992.0,medium
25,male,179,88,4173,1878.75,27.46481071127618,2254.5,medium
55,female,160,45,6794,1014.0,17.578124999999996,1394.25,slow
32,male,170,72,7226,1627.5,24.913494809688583,2237.8125,medium
22,female,156,55,8081,1254.0,22.600262984878366,1943.7,medium
53,male,171,70,4314,1508.75,23.938989774631512,1810.5,slow
32,female,174,57,2663,1336.5,18.826793499801823,1603.8,slow
28,male,164,59,9572,1480.0,21.936347412254616,2294.0,fast
43,female,156,71,6901,1309.0,29.17488494411571,1799.875,slow
56,male,181,57,12062,1426.25,17.398736302310674,2460.28125,fast
43,male,170,73,2000,1582.5,25.25951557093426,1899.0,slow
60,male,173,66,7960,1446.25,22.052190183434128,2241.6875,medium
34,male,158,94,6499,1762.5,37.6542220797949,2423.4375,fast
43,female,154,71,6029,1296.5,29.93759487265981,1782.6875,slow
18,female,154,58,5701,1291.5,24.456063417102378,1775.8125,slow
23,male,181,45,7818,1471.25,13.735844449192637,2280.4375,fast
31,male,174,55,9266,1487.5,18.166204254194742,2305.625,fast
18,male,161,60,9704,1521.25,23.147255121330193,2357.9375,fast
31,male,165,59,9022,1471.25,21.6712580348944,2280.4375,fast
44,male,179,56,3761,1463.75,17.477606816266658,1756.5,slow
18,female,158,50,4787,1236.5,20.028841531805796,1483.8,slow
33,female,172,76,10506,1509.0,25.689561925365066,2603.025,fast
22,female,150,45,5510,1116.5,20.0,1535.1875,slow
18,male,179,90,7233,1933.75,28.089010954714272,2658.90625,fast
23,female,169,45,6570,1230.25,15.75575084905991,1691.59375,slow
33,male,159,66,6281,1493.75,26.106562240417702,2053.90625,medium
38,male,163,92,7084,1753.75,34.62682073092702,2411.40625,fast
40,female,150,57,4745,1146.5,25.333333333333332,1375.8,slow
23,female,158,72,8295,1431.5,28.841531805800347,2218.8250000000003,medium
24,female,161,68,4997,1405.25,26.23355580417422,1686.3,slow
44,male,181,50,7564,1416.25,15.26204938799182,2195.1875,medium
60,female,157,71,6388,1230.25,28.804413972169254,1691.59375,slow
41,female,157,45,8965,1065.25,18.25631871475516,1651.1375,slow
32,female,158,49,5437,1156.5,19.62826470116968,1590.1875,slow
37,female,165,45,7486,1135.25,16.528925619834713,1560.96875,slow
52,female,150,74,7388,1256.5,32.888888888888886,1727.6875,slow
25,male,169,71,8361,1646.25,24.859073561850078,2551.6875,fast
29,male,161,51,9874,1376.25,19.675166853130666,2133.1875,medium
49,female,172,54,10168,1209.0,18.25310978907518,2085.525,medium
27,female,160,63,11833,1334.0,24.609374999999996,2301.15,fast
34,female,163,76,7118,1447.75,28.604764951635367,1990.65625,medium
20,female,158,74,11750,1466.5,29.642685467072578,2529.7125,fast
31,male,175,88,10974,1823.75,28.73469387755102,3145.96875,fast
38,male,172,57,6307,1460.0,19.2671714440238,2007.5,medium
19,male,177,76,10734,1776.25,24.258674071946118,3064.03125,fast
35,male,168,74,7963,1620.0,26.218820861678008,2511.0,fast
45,male,176,62,6375,1500.0,20.015495867768596,2062.5,medium
38,female,154,45,13050,1061.5,18.974531961544947,2016.85,medium
47,male,174,69,11764,1547.5,22.79032897344431,2669.4375,fast
28,female,152,64,7093,1289.0,27.700831024930746,1772.375,slow
38,female,162,69,7951,1351.5,26.291723822588015,2094.8250000000003,medium
43,female,174,75,6930,1461.5,24.772096710265558,2009.5625,medium
36,male,165,67,8216,1526.25,24.609733700642796,2365.6875,fast
45,male,171,74,8015,1588.75,25.3069320474676,2462.5625,fast
36,female,153,75,10114,1365.25,32.038959374599514,2355.05625,fast
35,male,161,66,8995,1496.25,25.461980633463213,2319.1875,fast
37,female,163,53,6738,1202.75,19.94805976890361,1653.78125,slow
36,male,169,87,3737,1751.25,30.461118308182492,2101.5,medium
35,female,165,47,10241,1165.25,17.263544536271812,2010.05625,medium
18,male,165,50,5401,1446.25,18.36547291092746,1988.59375,medium
48,male,168,70,8302,1515.0,24.801587301587304,2348.25,fast
52,female,166,59,3168,1206.5,21.410944984758313,1447.8,slow
22,male,167,72,7353,1658.75,25.816630212628635,2280.78125,fast
38,female,162,63,11843,1291.5,24.005486968449926,2227.8375,medium
40,female,157,52,8877,1140.25,21.096190514828187,1767.3875,slow
24,male,163,65,8979,1553.75,24.46460160337235,2408.3125,fast
31,male,170,55,5586,1462.5,19.031141868512112,2010.9375,medium
45,male,167,73,8539,1553.75,26.175194521137367,2408.3125,fast
35,male,165,45,11759,1311.25,16.528925619834713,2261.90625,medium
23,male,179,79,8668,1798.75,24.65590961580475,2788.0625,fast
22,female,160,53,9741,1259.0,20.703124999999996,1951.45,medium
46,male,172,93,13545,1780.0,31.435911303407252,3382.0,fast
50,male,165,58,9992,1366.25,21.30394857667585,2117.6875,medium
18,female,154,80,3338,1511.5,33.732501264968796,1813.8,slow
30,female,167,84,6709,1572.75,30.11940191473341,2162.53125,medium
46,female,157,51,7915,1100.25,20.690494543389182,1705.3875,slow
48,male,168,63,8336,1445.0,22.321428571428577,2239.75,medium
47,male,163,69,7056,1478.75,25.970115548195267,2033.28125,medium
41,female,160,45,11786,1084.0,17.578124999999996,1869.9,slow
25,male,178,83,3174,1822.5,26.19618735008206,2187.0,medium
58,male,179,47,13801,1303.75,14.66870572079523,2477.125,fast
18,female,165,45,6830,1230.25,16.528925619834713,1691.59375,slow
56,male,171,77,8320,1563.75,26.332888752094664,2423.8125,fast
40,female,150,77,7946,1346.5,34.22222222222222,2087.0750000000003,medium
19,female,167,56,4077,1347.75,20.07960127648894,1617.3,slow
23,female,154,45,6226,1136.5,18.974531961544947,1562.6875,slow
37,female,157,71,6923,1345.25,28.804413972169254,1849.71875,slow
31,male,168,62,13680,1520.0,21.9671201814059,2888.0,fast
42,male,165,71,6121,1536.25,26.07897153351699,2112.34375,medium
32,female,153,67,7343,1305.25,28.621470374642232,1794.71875,slow
39,male,163,89,3860,1718.75,33.49768527230984,2062.5,medium
33,male,168,56,9221,1450.0,19.841269841269845,2247.5,medium
20,male,163,85,6533,1773.75,31.992171327486922,2438.90625,fast
60,female,164,62,12757,1184.0,23.051754907792983,2249.6,medium
18,female,162,65,9443,1411.5,24.76756591982929,2187.8250000000003,medium
32,female,169,71,8235,1445.25,24.859073561850078,2240.1375000000003,medium
26,male,155,74,8791,1583.75,30.80124869927159,2454.8125,fast
36,female,161,58,6776,1245.25,22.375679950619187,1712.21875,slow
47,male,167,85,8494,1663.75,30.477966223242138,2578.8125,fast
24,female,151,71,5353,1372.75,31.138985132231042,1887.53125,slow
51,female,174,70,7542,1371.5,23.120623596247853,2125.8250000000003,medium
35,male,170,77,5849,1662.5,26.643598615916957,2285.9375,fast
23,male,167,68,10025,1613.75,24.38237297859371,2783.71875,fast
23,female,158,77,2000,1481.5,30.844415958980928,1777.8,slow
22,female,162,65,4561,1391.5,24.76756591982929,1669.8,slow
41,male,179,89,2988,1808.75,27.776910832995224,2170.5,medium
18,female,159,51,11253,1252.75,20.17325264032277,2160.99375,medium
47,male,163,67,12164,1458.75,25.21735857578381,2516.34375,fast
32,female,151,64,5483,1262.75,28.068944344546292,1736.28125,slow
18,female,150,58,8664,1266.5,25.77777777777778,1963.075,medium
36,male,178,75,7483,1687.5,23.671253629592222,2320.3125,fast
24,female,164,58,6745,1324.0,21.564544913741823,1820.5,slow
31,female,166,74,9792,1461.5,26.854405574103644,2265.3250000000003,medium
18,female,165,51,3113,1290.25,18.73278236914601,1548.3,slow
23,male,174,54,2550,1517.5,17.8359096313912,1821.0,slow
44,female,160,60,7433,1219.0,23.437499999999996,1676.125,slow
43,male,176,59,7436,1480.0,19.047004132231404,2035.0,medium
41,female,157,52,6454,1135.25,21.096190514828187,1560.96875,slow
35,female,160,73,9643,1394.0,28.515624999999993,2160.7000000000003,medium
48,female,153,54,7003,1095.25,23.06805074971165,1505.96875,slow
55,male,166,77,8341,1537.5,27.94309769197271,2383.125,fast
32,male,173,79,10613,1716.25,26.395803401383272,2960.53125,fast
26,male,173,53,5582,1486.25,17.70857696548498,2043.59375,medium
36,male,160,69,12645,1515.0,26.953124999999996,2878.5,fast
27,male,177,57,5544,1546.25,18.194005553959588,2126.09375,medium
56,male,168,71,5054,1485.0,25.15589569160998,2041.875,medium
30,male,170,62,8030,1537.5,21.453287197231838,2383.125,fast
32,female,170,46,3759,1201.5,15.91695501730104,1441.8,slow
22,male,168,63,9249,1575.0,22.321428571428577,2441.25,fast
30,female,158,59,7527,1266.5,23.634033007530842,1963.075,medium
33,female,152,64,7347,1264.0,27.700831024930746,1738.0,slow
25,male,174,64,9051,1607.5,21.13885585942661,2491.625,fast
36,male,164,87,6473,1720.0,32.34681737061273,2365.0,fast
24,female,157,81,10591,1510.25,32.86137368655929,2605.18125,fast
44,female,158,57,5936,1176.5,22.832879346258608,1617.6875,slow
23,female,150,55,4550,1211.5,24.444444444444443,1453.8,slow
33,female,166,58,6774,1291.5,21.04804761213529,1775.8125,slow
24,male,173,76,6071,1726.25,25.393431120318084,2373.59375,fast
23,male,175,54,11710,1523.75,17.632653061224488,2628.46875,fast
33,female,158,67,3557,1331.5,26.83864765261977,1597.8,slow
28,male,157,82,4255,1666.25,33.26706965799829,1999.5,medium
26,male,166,55,4979,1462.5,19.959355494266223,1755.0,slow
36,female,165,54,7797,1230.25,19.834710743801654,1906.8875,slow
33,female,150,46,5755,1071.5,20.444444444444443,1473.3125,slow
27,female,156,62,7451,1299.0,25.476660092044707,1786.125,slow
31,female,150,45,8501,1071.5,20.0,1660.825,slow
28,female,157,83,6757,1510.25,33.6727656294373,2076.59375,medium
35,female,167,58,6158,1287.75,20.796729893506402,1770.65625,slow
55,male,174,60,5082,1417.5,19.817677368212443,1949.0625,medium
22,male,167,68,6289,1618.75,24.38237297859371,2225.78125,medium
41,female,161,68,5221,1320.25,26.23355580417422,1815.34375,slow
40,female,157,75,8932,1370.25,30.427197857925268,2123.8875000000003,medium
21,female,170,63,7253,1426.5,21.79930795847751,1961.4375,medium
26,female,167,73,7657,1482.75,26.175194521137367,2298.2625000000003,fast
42,female,169,68,6462,1365.25,23.80869017191275,1877.21875,slow
38,male,163,63,9306,1463.75,23.711844630960897,2268.8125,medium
57,female,160,57,8871,1124.0,22.265624999999996,1742.2,slow
18,male,160,69,2441,1605.0,26.953124999999996,1926.0,medium
40,female,150,65,9608,1226.5,28.88888888888889,1901.075,slow
35,female,165,75,4001,1445.25,27.548209366391188,1734.3,slow
27,female,166,69,10546,1431.5,25.039918710988534,2469.3375,fast
22,male,169,74,10955,1691.25,25.909456951787405,2917.40625,fast
51,female,167,67,3919,1297.75,24.023808670084982,1557.3,slow
26,male,172,71,9479,1660.0,23.99945916711736,2573.0,fast
23,female,158,54,5399,1251.5,21.63114885435026,1720.8125,slow
35,female,165,49,12293,1185.25,17.99816345270891,2044.55625,medium
18,male,160,74,8692,1655.0,28.906249999999993,2565.25,fast
18,female,163,68,4770,1447.75,25.59373706198954,1737.3,slow
30,female,160,80,6547,1489.0,31.249999999999993,2047.375,medium
36,male,173,66,8668,1566.25,22.052190183434128,2427.6875,fast
39,female,167,48,3736,1167.75,17.21108680841909,1401.3,slow
39,female,158,45,10032,1081.5,18.02595737862522,1865.5875,slow
47,male,180,66,6517,1555.0,20.37037037037037,2138.125,medium
49,male,175,64,5530,1493.75,20.897959183673468,2053.90625,medium
26,male,169,87,11948,1801.25,30.461118308182492,3107.15625,fast
33,male,159,84,8153,1673.75,33.22653376053162,2594.3125,fast
36,male,164,85,8169,1700.0,31.603212373587155,2635.0,fast
18,male,168,65,3951,1615.0,23.030045351473927,1938.0,medium
29,female,161,62,9762,1320.25,23.9188302920412,2046.3875,medium
20,male,175,84,2035,1838.75,27.428571428571427,2206.5,medium
35,male,180,65,8004,1605.0,20.061728395061728,2487.75,fast
22,female,153,81,7238,1495.25,34.602076124567475,2055.96875,medium
28,female,168,55,4321,1299.0,19.48696145124717,1558.8,slow
45,female,165,59,8326,1235.25,21.6712580348944,1914.6375,slow
30,female,161,57,8619,1265.25,21.98989236526368,1961.1375,medium
36,female,157,76,6380,1400.25,30.832893829364274,1925.34375,medium
43,female,156,59,3298,1189.0,24.243918474687703,1426.8,slow
55,male,174,62,8985,1437.5,20.478266613819528,2228.125,medium
38,female,162,60,4762,1261.5,22.86236854138088,1513.8,slow
44,male,168,61,9161,1445.0,21.612811791383223,2239.75,medium
46,female,158,50,7474,1096.5,20.028841531805796,1507.6875,slow
33,female,150,51,9047,1121.5,22.666666666666668,1738.325,slow
41,female,169,46,6192,1150.25,16.105878645705683,1581.59375,slow
58,female,154,53,9012,1041.5,22.34778208804183,1614.325,slow
31,female,158,61,8463,1281.5,24.435186668803073,1986.325,medium
44,male,171,63,10025,1483.75,21.545090797168363,2559.46875,fast
28,male,166,67,10815,1572.5,24.31412396574249,2712.5625,fast
31,male,184,86,6223,1860.0,25.401701323251416,2557.5,fast
18,male,166,80,7443,1752.5,29.03178980984178,2409.6875,fast
47,male,160,94,7934,1710.0,36.71874999999999,2650.5,fast
18,female,164,58,8023,1354.0,21.564544913741823,2098.7000000000003,medium
37,male,172,90,12261,1795.0,30.42184964845863,3096.375,fast
37,male,173,55,5964,1451.25,18.376825152861773,1995.46875,medium
44,female,160,88,5039,1499.0,34.37499999999999,2061.125,medium
32,male,161,81,7926,1661.25,31.24879441379576,2574.9375,fast
26,female,174,56,10034,1356.5,18.49649887699828,2339.9625,fast
18,female,161,83,9201,1585.25,32.02036958450677,2457.1375000000003,fast
33,male,171,78,12399,1688.75,26.674874320303687,2913.09375,fast
38,male,162,50,9852,1327.5,19.05197378448407,2057.625,medium
41,male,176,67,7892,1570.0,21.62964876033058,2433.5,fast
34,female,168,45,7817,1169.0,15.94387755102041,1811.95,slow
33,male,174,82,7780,1747.5,27.08415906989034,2708.625,fast
38,female,156,51,5255,1134.0,20.956607495069033,1559.25,slow
22,male,170,78,5560,1737.5,26.989619377162633,2389.0625,fast
49,male,173,79,6521,1631.25,26.395803401383272,2242.96875,medium
53,female,164,59,10789,1189.0,21.936347412254616,2051.025,medium
30,male,171,100,2000,1923.75,34.19855682090216,2308.5,fast
52,male,170,63,8966,1437.5,21.79930795847751,2228.125,medium
39,male,164,73,6553,1565.0,27.141582391433676,2151.875,medium
39,female,173,55,8613,1275.25,18.376825152861773,1976.6375,medium
33,female,165,56,10848,1265.25,20.569329660238754,2182.55625,medium
24,female,150,94,7379,1596.5,41.77777777777778,2195.1875,medium
39,female,170,45,6603,1156.5,15.570934256055365,1590.1875,slow
39,male,178,93,7627,1852.5,29.352354500694357,2871.375,fast
32,male,169,65,5658,1551.25,22.758306781975424,2132.96875,medium
38,female,169,97,8536,1675.25,33.96239627464025,2596.6375000000003,fast
34,male,173,69,8576,1606.25,23.054562464499313,2489.6875,fast
50,male,163,65,7992,1423.75,24.46460160337235,2206.8125,medium
27,female,165,59,8873,1325.25,21.6712580348944,2054.1375000000003,medium
40,female,158,66,7360,1286.5,26.43807082198365,1768.9375,slow
33,male,162,71,7722,1562.5,27.053802773967377,2421.875,fast
36,male,185,67,6462,1651.25,19.576333089846603,2270.46875,fast
37,male,172,79,9259,1685.0,26.703623580313685,2611.75,fast
18,female,170,46,10223,1271.5,15.91695501730104,2193.3375,medium
42,male,158,88,5160,1662.5,35.250761095978206,2285.9375,fast
35,male,175,73,7218,1653.75,23.836734693877553,2273.90625,fast
33,male,173,61,6169,1531.25,20.381569714992146,2105.46875,medium
28,male,174,67,7439,1622.5,22.12973972783723,2230.9375,medium
29,male,167,59,5465,1493.75,21.15529420201513,2053.90625,medium
18,female,156,73,3959,1454.0,29.996712689020377,1744.8,slow
48,male,166,71,10612,1512.5,25.76571345623458,2609.0625,fast
36,male,171,74,6581,1633.75,25.3069320474676,2246.40625,medium
32,female,150,73,9274,1346.5,32.44444444444444,2087.0750000000003,medium
33,female,158,59,8374,1251.5,23.634033007530842,1939.825,medium
27,female,161,53,3437,1240.25,20.446742023841672,1488.3,slow
22,male,169,74,6625,1691.25,25.909456951787405,2325.46875,fast
39,male,153,67,9619,1436.25,28.621470374642232,2226.1875,medium
22,male,167,45,10355,1388.75,16.1353938828929,2395.59375,fast
28,male,183,89,8568,1898.75,26.575890590940304,2943.0625,fast
44,male,161,73,6785,1521.25,28.162493730951734,2091.71875,medium
36,female,169,75,3461,1465.25,26.25958474843318,1758.3,slow
47,female,156,58,7220,1159.0,23.83300460223537,1593.625,slow
25,male,156,94,4757,1795.0,38.62590401051939,2154.0,medium
53,male,169,49,6570,1286.25,17.15626203564301,1768.59375,slow
31,male,166,53,8082,1417.5,19.233560749020178,2197.125,medium
32,male,162,65,12076,1507.5,24.76756591982929,2600.4375,fast
29,male,167,74,6801,1643.75,26.533758829646096,2260.15625,medium
38,male,169,85,3841,1721.25,29.76086271489094,2065.5,medium
34,female,162,66,6730,1341.5,25.14860539551897,1844.5625,slow
18,male,164,69,7565,1630.0,25.654372397382513,2526.5,fast
29,female,167,67,3693,1407.75,24.023808670084982,1689.3,slow
32,female,161,65,3874,1335.25,25.076193048107708,1602.3,slow
57,male,177,73,9248,1556.25,23.301094832264035,2412.1875,fast
30,female,162,72,6008,1421.5,27.43484224965706,1954.5625,medium
54,male,162,65,10064,1397.5,24.76756591982929,2410.6875,fast
24,male,180,69,4306,1700.0,21.296296296296294,2040.0,medium
19,female,150,77,4982,1451.5,34.22222222222222,1741.8,slow
30,female,150,64,6446,1266.5,28.444444444444443,1741.4375,slow
43,male,163,76,5665,1568.75,28.604764951635367,2157.03125,medium
32,female,158,72,7504,1386.5,28.841531805800347,2149.0750000000003,medium
18,female,158,74,5684,1476.5,29.642685467072578,2030.1875,medium
30,male,186,70,8772,1717.5,20.23355301190889,2662.125,fast
20,male,172,56,8775,1540.0,18.92915089237426,2387.0,fast
34,female,164,72,15000,1414.0,26.769779892920884,2686.6,fast
39,female,157,74,6609,1365.25,30.021501886486266,1877.21875,slow
38,female,157,60,8462,1230.25,24.341758286340216,1906.8875,slow
23,male,164,87,8428,1785.0,32.34681737061273,2766.75,fast
40,male,175,65,2714,1548.75,21.224489795918366,1858.5,slow
40,male,180,64,6950,1570.0,19.753086419753085,2158.75,medium
30,male,169,51,6230,1421.25,17.856517628934565,1954.21875,medium
22,female,151,65,7835,1322.75,28.507521599929827,2050.2625000000003,medium
46,male,158,82,3478,1582.5,32.847300112161506,1899.0,slow
41,male,165,56,9012,1391.25,20.569329660238754,2156.4375,medium
42,female,162,65,6327,1291.5,24.76756591982929,1775.8125,slow
24,female,150,88,6102,1536.5,39.111111111111114,2112.6875,medium
18,female,150,63,6069,1316.5,28.0,1810.1875,slow
50,female,159,57,7439,1152.75,22.54657648036074,1585.03125,slow
35,female,156,45,3897,1089.0,18.49112426035503,1306.8,slow
21,male,173,73,11661,1711.25,24.3910588392529,2951.90625,fast
29,male,171,75,2000,1678.75,25.64891761567662,2014.5,medium
26,female,155,75,8602,1427.75,31.217481789802285,2213.0125000000003,medium
47,female,161,69,10423,1300.25,26.61934338952972,2242.93125,medium
31,male,159,71,5953,1553.75,28.084332107116012,2136.40625,medium
20,male,163,78,9802,1703.75,29.357521924046825,2640.8125,fast
40,female,156,51,9882,1124.0,20.956607495069033,1742.2,slow
45,male,162,62,7617,1412.5,23.624447492760247,2189.375,medium
38,female,150,68,5533,1266.5,30.22222222222222,1741.4375,slow
34,female,151,59,3411,1202.75,25.876058067628612,1443.3,slow
35,female,152,49,6603,1104.0,21.208448753462605,1518.0,slow
47,male,179,71,4178,1598.75,22.15910864205237,1918.5,slow
33,female,161,59,8183,1270.25,22.76146753597469,1968.8875,medium
40,female,162,56,6655,1211.5,21.338210638622158,1665.8125,slow
54,female,176,52,10565,1189.0,16.787190082644628,2051.025,medium
40,female,156,84,6806,1454.0,34.51676528599605,1999.25,medium
43,male,168,47,9139,1310.0,16.65249433106576,2030.5,medium
35,female,153,65,10684,1270.25,27.76709812465291,2191.18125,medium
35,female,168,66,8338,1374.0,23.384353741496604,2129.7000000000003,medium
18,female,166,48,4365,1266.5,17.419073885905068,1519.8,slow
43,female,162,58,6403,1216.5,22.10028959000152,1672.6875,slow
23,female,159,63,8307,1347.75,24.919900320398717,2089.0125000000003,medium
34,female,163,63,4711,1317.75,23.711844630960897,1581.3,slow
47,female,156,72,4901,1299.0,29.585798816568044,1558.8,slow
35,female,173,47,5107,1215.25,15.703832403354605,1670.96875,slow
45,male,172,85,6627,1705.0,28.73174689021093,2344.375,fast
35,male,161,70,7340,1536.25,27.005130974885226,2112.34375,medium
34,male,156,86,7784,1670.0,35.33859303090072,2588.5,fast
34,male,154,83,9844,1627.5,34.99747006240513,2522.625,fast
25,female,170,75,11046,1526.5,25.95155709342561,2633.2125,fast
30,female,161,68,7571,1375.25,26.23355580417422,2131.6375000000003,medium
30,male,164,79,5897,1670.0,29.372397382510414,2296.25,fast
36,female,151,45,12026,1052.75,19.735976492259113,1815.99375,slow
24,female,174,59,2749,1396.5,19.487382745408905,1675.8,slow
41,female,166,56,6820,1231.5,20.322252866889244,1693.3125,slow
52,female,151,64,10637,1162.75,28.068944344546292,2005.74375,medium
34,female,160,61,7821,1279.0,23.828124999999996,1982.45,medium
21,female,150,51,5743,1181.5,22.666666666666668,1624.5625,slow
34,male,170,73,15000,1627.5,25.25951557093426,3092.25,fast
27,female,157,53,3508,1215.25,21.50188648626719,1458.3,slow
36,female,164,53,7777,1214.0,19.705532421177875,1881.7,slow
21,female,157,90,3890,1615.25,36.51263742951032,1938.3,medium
26,male,166,80,7169,1712.5,29.03178980984178,2354.6875,fast
26,male,176,47,8195,1445.0,15.173037190082646,2239.75,medium
60,male,172,71,6389,1490.0,23.99945916711736,2048.75,medium
26,female,161,49,9789,1205.25,18.90359168241966,1868.1375,slow
60,female,160,63,3646,1169.0,24.609374999999996,1402.8,slow
48,female,153,72,5555,1275.25,30.757400999615534,1753.46875,slow
47,male,171,71,6080,1548.75,24.280975342840534,2129.53125,medium
31,female,153,60,6451,1240.25,25.63116749967961,1705.34375,slow
41,male,160,73,9834,1530.0,28.515624999999993,2371.5,fast
24,male,157,84,6896,1706.25,34.0784616008763,2346.09375,fast
39,female,164,56,9397,1229.0,20.820939916716245,1904.95,slow
24,male,154,60,9110,1447.5,25.2993759487266,2243.625,medium
46,female,154,68,7692,1251.5,28.67262607522348,1939.825,medium
27,female,166,65,10742,1391.5,23.588329220496444,2400.3375,fast
32,female,155,49,6424,1137.75,20.39542143600416,1564.40625,slow
19,female,156,79,8398,1509.0,32.462195923734384,2338.9500000000003,fast
60,male,170,67,7752,1437.5,23.18339100346021,2228.125,medium
18,male,177,70,6199,1721.25,22.34351559258195,2366.71875,fast
35,female,153,54,10931,1160.25,23.06805074971165,2001.43125,medium
37,male,162,76,9881,1592.5,28.959000152415786,2468.375,fast
35,female,166,75,10699,1451.5,27.21730294672667,2503.8375,fast
27,male,175,74,4595,1703.75,24.163265306122447,2044.5,medium
36,female,168,71,11291,1419.0,25.15589569160998,2447.775,fast
36,female,168,59,2427,1299.0,20.904195011337873,1558.8,slow
54,female,172,69,8576,1334.0,23.323418063818284,2067.7000000000003,medium
40,male,174,83,10531,1722.5,27.414453692693883,2971.3125,fast
31,female,157,61,9166,1275.25,24.747454257779218,1976.6375,medium
36,female,151,57,10212,1172.75,24.998903556861542,2022.99375,medium
24,female,161,75,6199,1475.25,28.93406890166274,2028.46875,medium
31,female,155,80,7155,1452.75,33.29864724245577,1997.53125,medium
33,male,172,83,11892,1745.0,28.055705786911847,3010.125,fast
47,male,161,68,8144,1456.25,26.23355580417422,2257.1875,medium
20,female,156,57,6790,1284.0,23.422090729783037,1765.5,slow
31,male,167,60,10486,1493.75,21.513858510523864,2576.71875,fast
28,female,157,77,7374,1450.25,31.238589800803275,1994.09375,medium
41,female,155,52,8794,1122.75,21.64412070759625,1740.2625,slow
18,male,167,45,8096,1408.75,16.1353938828929,2183.5625,medium
39,male,181,67,9420,1611.25,20.45114617990904,2497.4375,fast
25,male,171,80,5209,1748.75,27.358845456721728,2404.53125,fast
34,female,150,54,2747,1146.5,24.0,1375.8,slow
49,male,168,67,6594,1480.0,23.738662131519277,2035.0,medium
18,female,165,69,8845,1470.25,25.344352617079892,2278.8875000000003,fast
25,male,171,74,7421,1688.75,25.3069320474676,2322.03125,fast
37,male,163,82,4338,1658.75,30.863035868869737,1990.5,medium
30,female,150,59,7875,1216.5,26.22222222222222,1885.575,slow
26,female,170,45,8916,1221.5,15.570934256055365,1893.325,slow
50,female,159,60,12270,1182.75,23.73323840037973,2040.24375,medium
36,male,169,74,4405,1621.25,25.909456951787405,1945.5,medium
30,female,151,72,8960,1352.75,31.577562387614577,2096.7625000000003,medium
33,female,155,48,6977,1122.75,19.979188345473464,1543.78125,slow
26,male,167,76,7388,1678.75,27.250887446663558,2308.28125,fast
38,female,156,57,8686,1194.0,23.422090729783037,1850.7,slow
42,male,172,84,6929,1710.0,28.393726338561386,2351.25,fast
47,female,154,59,10392,1156.5,24.87771968291449,1994.9625,medium
33,female,158,65,6811,1311.5,26.037493991347535,1803.3125,slow
35,female,165,67,12673,1365.25,24.609733700642796,2593.975,fast
36,female,156,66,11547,1294.0,27.12031558185404,2232.15,medium
18,male,170,68,5928,1657.5,23.529411764705884,2279.0625,fast
32,male,167,61,5450,1498.75,21.872422819032593,2060.78125,medium
31,male,168,73,7228,1630.0,25.86451247165533,2241.25,medium
37,female,167,74,4992,1437.75,26.533758829646096,1725.3,slow
40,female,156,65,12759,1264.0,26.709401709401707,2401.6,fast
48,female,158,64,6058,1226.5,25.63691716071142,1686.4375,slow
50,female,155,56,2957,1117.75,23.309053069719038,1341.3,slow
19,female,162,45,5140,1206.5,17.146776406035663,1658.9375,slow
31,male,171,75,7500,1668.75,25.64891761567662,2586.5625,fast
30,male,163,71,12570,1583.75,26.722872520606725,3009.125,fast
39,male,168,69,4912,1550.0,24.44727891156463,1860.0,slow
32,female,164,58,6916,1284.0,21.564544913741823,1765.5,slow
32,female,163,45,8602,1147.75,16.937031879257784,1779.0125,slow
24,female,162,69,2000,1421.5,26.291723822588015,1705.8,slow
35,female,167,60,5875,1307.75,21.513858510523864,1798.15625,slow
39,male,165,65,8523,1491.25,23.875114784205696,2311.4375,fast
36,male,156,76,11508,1560.0,31.22945430637738,2691.0,fast
49,male,173,74,3312,1581.25,24.725182932941294,1897.5,slow
18,male,172,80,3497,1790.0,27.041644131963228,2148.0,medium
27,male,166,78,2000,1687.5,28.305995064595734,2025.0,medium
44,male,181,90,9860,1816.25,27.471688898385274,2815.1875,fast
42,female,153,45,6600,1035.25,19.223375624759708,1423.46875,slow
42,male,152,80,10400,1545.0,34.62603878116344,2665.125,fast
18,female,156,45,6449,1174.0,18.49112426035503,1614.25,slow
37,male,172,90,6897,1795.0,30.42184964845863,2468.125,fast
38,male,170,56,6668,1437.5,19.377162629757787,1976.5625,medium
42,male,178,64,11903,1547.5,20.199469763918696,2669.4375,fast
24,female,167,68,12562,1442.75,24.38237297859371,2741.225,fast
18,male,173,77,6234,1766.25,25.727555214006482,2428.59375,fast
37,male,176,69,11094,1610.0,22.275309917355372,2777.25,fast
40,female,150,50,10119,1076.5,22.22222222222222,1856.9625,slow
36,female,154,66,9308,1281.5,27.82931354359926,1986.325,medium
38,female,172,71,4568,1434.0,23.99945916711736,1720.8,slow
41,male,173,72,5689,1601.25,24.0569347455645,2201.71875,medium
49,female,151,56,7285,1097.75,24.560326301478007,1509.40625,slow
34,male,155,65,7658,1453.75,27.055150884495315,2253.3125,medium
21,male,170,87,5693,1832.5,30.103806228373706,2519.6875,fast
25,female,158,45,8605,1151.5,18.02595737862522,1784.825,slow
32,male,170,72,9161,1627.5,24.913494809688583,2522.625,fast
53,male,162,63,6400,1382.5,24.005486968449926,1900.9375,slow
25,female,160,61,8483,1324.0,23.828124999999996,2052.2000000000003,medium
25,male,176,62,8949,1600.0,20.015495867768596,2480.0,fast
31,male,167,84,2743,1733.75,30.11940191473341,2080.5,medium
30,female,150,53,9433,1156.5,23.555555555555557,1792.575,slow
39,male,159,66,8127,1463.75,26.106562240417702,2268.8125,medium
48,male,165,65,11336,1446.25,23.875114784205696,2494.78125,fast
34,female,173,66,4911,1410.25,22.052190183434128,1692.3,slow
20,female,169,49,10645,1285.25,17.15626203564301,2217.05625,medium
31,female,168,65,9589,1384.0,23.030045351473927,2145.2000000000003,medium
46,female,163,61,5304,1237.75,22.95908765854944,1701.90625,slow
35,female,164,55,8642,1239.0,20.449137418203453,1920.45,slow
44,male,168,61,9315,1445.0,21.612811791383223,2239.75,medium
41,female,164,54,6103,1199.0,20.077334919690664,1648.625,slow
20,female,152,57,8834,1259.0,24.67105263157895,1951.45,medium
40,male,163,75,11995,1573.75,28.228386465429637,2714.71875,fast
31,female,158,59,6543,1261.5,23.634033007530842,1734.5625,slow
33,female,158,70,11042,1361.5,28.040378144528116,2348.5875,fast
43,female,164,55,9394,1199.0,20.449137418203453,1858.45,slow
48,male,167,71,9269,1518.75,25.458065904119906,2354.0625,fast
43,female,158,81,8029,1421.5,32.446723281525394,2203.3250000000003,medium
43,male,167,58,9807,1413.75,20.796729893506402,2191.3125,medium
33,male,170,70,12281,1602.5,24.221453287197235,2764.3125,fast
22,male,176,77,12661,1765.0,24.857954545454547,3353.5,fast
27,male,176,60,9056,1570.0,19.369834710743802,2433.5,fast
32,female,154,82,2471,1461.5,34.57581379659302,1753.8,slow
30,female,160,70,5277,1389.0,27.343749999999996,1909.875,slow
27,male,181,71,4871,1711.25,21.672110130948383,2053.5,medium
22,female,164,67,6143,1424.0,24.910767400356935,1958.0,medium
28,male,163,65,5754,1533.75,24.46460160337235,2108.90625,medium
38,male,167,48,7983,1338.75,17.21108680841909,2075.0625,medium
18,female,150,69,8626,1376.5,30.666666666666668,2133.5750000000003,medium
35,male,160,64,13461,1470.0,24.999999999999996,2793.0,fast
23,male,172,65,8785,1615.0,21.971335857220122,2503.25,fast
32,female,156,64,6788,1294.0,26.298487836949374,1779.25,slow
26,female,168,49,8085,1249.0,17.361111111111114,1935.95,medium
42,female,153,45,7492,1035.25,19.223375624759708,1423.46875,slow
42,male,154,70,9922,1457.5,29.515938606847698,2259.125,medium
42,female,160,65,9534,1279.0,25.390624999999996,1982.45,medium
19,female,158,57,2589,1301.5,22.832879346258608,1561.8,slow
25,female,160,82,4513,1534.0,32.03124999999999,1840.8,slow
26,male,158,63,4674,1492.5,25.236340330075304,1791.0,slow
29,female,162,45,9666,1156.5,17.146776406035663,1792.575,slow
38,female,164,80,8049,1474.0,29.744199881023206,2284.7000000000003,fast
21,female,163,50,10171,1252.75,18.818924310286427,2160.99375,medium
37,male,178,72,6908,1652.5,22.724403484408533,2272.1875,fast
26,female,165,67,11451,1410.25,24.609733700642796,2432.68125,fast
24,male,166,63,6628,1552.5,22.8625344752504,2134.6875,medium
41,male,167,74,11484,1583.75,26.533758829646096,2731.96875,fast
40,female,171,65,3698,1357.75,22.229061933586404,1629.3,slow
24,female,150,63,5267,1286.5,28.0,1768.9375,slow
34,male,173,69,3836,1606.25,23.054562464499313,1927.5,medium
35,male,169,59,8614,1476.25,20.65754000210077,2288.1875,fast
32,male,172,60,9808,1520.0,20.281233098972418,2356.0,fast
46,female,164,65,8850,1284.0,24.167162403331353,1990.2,medium
43,female,150,76,4585,1321.5,33.77777777777778,1585.8,slow
58,male,175,66,7710,1468.75,21.551020408163264,2276.5625,fast
60,male,181,76,10822,1596.25,23.198315069747565,2753.53125,fast
41,male,189,56,8967,1541.25,15.677052714089752,2388.9375,fast
28,female,160,66,7332,1359.0,25.781249999999996,1868.625,slow
28,male,166,68,5951,1582.5,24.677021338365513,2175.9375,medium
36,male,160,81,4452,1635.0,31.640624999999993,1962.0,medium
42,female,165,65,13219,1310.25,23.875114784205696,2489.475,fast
18,female,166,63,5744,1416.5,22.8625344752504,1947.6875,medium
20,male,167,82,8140,1768.75,29.402273297715947,2741.5625,fast
33,female,161,52,3133,1200.25,20.060954438486167,1440.3,slow
50,male,174,63,4207,1472.5,20.808561236623067,1767.0,slow
37,male,163,95,9073,1788.75,35.75595618954421,2772.5625,fast
45,male,172,75,8133,1605.0,25.351541373715524,2487.75,fast
39,female,150,71,4642,1291.5,31.555555555555557,1549.8,slow
44,male,171,75,7494,1603.75,25.64891761567662,2205.15625,medium
25,male,168,71,8061,1640.0,25.15589569160998,2542.0,fast
43,female,153,81,7120,1390.25,34.602076124567475,1911.59375,slow
37,male,175,67,7864,1583.75,21.877551020408163,2454.8125,fast
41,male,166,79,11089,1627.5,28.668892437218755,2807.4375,fast
34,male,171,62,7557,1523.75,21.20310522895934,2361.8125,fast
26,female,150,82,10038,1466.5,36.44444444444444,2529.7125,fast
31,female,152,66,6751,1294.0,28.566481994459835,1779.25,slow
40,male,168,77,6597,1625.0,27.281746031746035,2234.375,medium
34,male,175,79,4740,1718.75,25.79591836734694,2062.5,medium
32,male,165,88,9746,1756.25,32.323232323232325,2722.1875,fast
27,female,158,45,7402,1141.5,18.02595737862522,1569.5625,slow
38,female,161,88,8756,1535.25,33.94930751128428,2379.6375000000003,fast
49,male,163,96,8088,1738.75,36.13233467574994,2695.0625,fast
37,female,152,73,7317,1334.0,31.596260387811633,1834.25,slow
42,male,172,84,4910,1710.0,28.393726338561386,2052.0,medium
18,male,177,87,6018,1891.25,27.769797950780426,2600.46875,fast
26,female,167,69,9295,1442.75,24.740937287102444,2236.2625000000003,medium
29,female,150,55,10307,1181.5,24.444444444444443,2038.0875,medium
34,female,159,61,7598,1272.75,24.128792373719392,1972.7625,medium
34,female,172,68,8456,1424.0,22.985397512168742,2207.2000000000003,medium
45,male,171,54,7639,1388.75,18.467220683287167,2152.5625,medium
35,female,155,52,4757,1152.75,21.64412070759625,1383.3,slow
28,male,170,79,7325,1717.5,27.33564013840831,2361.5625,fast
21,male,161,68,5472,1586.25,26.23355580417422,2181.09375,medium
35,male,179,88,10474,1828.75,27.46481071127618,3154.59375,fast
30,female,165,72,6660,1440.25,26.44628099173554,1980.34375,medium
46,male,167,76,5946,1578.75,27.250887446663558,2170.78125,medium
32,female,161,57,10732,1255.25,21.98989236526368,2165.30625,medium
31,female,165,53,10441,1245.25,19.467401285583104,2148.05625,medium
42,male,172,85,6630,1720.0,28.73174689021093,2365.0,fast
35,female,153,81,3329,1430.25,34.602076124567475,1716.3,slow
22,female,157,67,6925,1380.25,27.18163008641324,1897.84375,slow
18,female,150,59,6359,1276.5,26.22222222222222,1755.1875,slow
34,female,161,71,7683,1385.25,27.390918560240728,2147.1375000000003,medium
25,male,173,74,4691,1701.25,24.725182932941294,2041.5,medium
24,female,177,45,5686,1275.25,14.363688595231254,1753.46875,slow
28,male,167,68,9531,1588.75,24.38237297859371,2462.5625,fast
22,male,160,93,11231,1825.0,36.32812499999999,3148.125,fast
32,female,159,62,10298,1292.75,24.524346347059055,2229.99375,medium
43,male,172,69,5675,1555.0,23.323418063818284,2138.125,medium
35,male,167,58,6946,1453.75,20.796729893506402,1998.90625,medium
27,male,172,65,12490,1595.0,21.971335857220122,2751.375,fast
40,male,176,72,9024,1625.0,23.243801652892564,2518.75,fast
30,female,152,78,5644,1419.0,33.76038781163435,1951.125,medium
24,female,161,63,10874,1355.25,24.3046178773967,2337.80625,fast
28,female,162,68,5795,1391.5,25.910684346898332,1913.3125,slow
40,female,168,66,7059,1349.0,23.384353741496604,1854.875,slow
25,male,171,84,10289,1788.75,28.726787729557817,3085.59375,fast
35,female,164,45,8699,1139.0,16.731112433075552,1765.45,slow
32,male,167,62,9748,1508.75,22.230987127541326,2338.5625,fast
27,male,174,95,7184,1907.5,31.37798916633637,2622.8125,fast
18,male,176,86,7342,1875.0,27.763429752066116,2578.125,fast
54,female,154,45,8505,981.5,18.974531961544947,1521.325,slow
24,female,151,61,9254,1272.75,26.753212578395683,1972.7625,medium
33,male,168,68,7772,1570.0,24.092970521541954,2433.5,fast
18,female,156,60,7464,1324.0,24.654832347140037,1820.5,slow
40,male,183,58,3306,1528.75,17.319119710949863,1834.5,slow
21,male,166,91,8378,1847.5,33.02366090869502,2863.625,fast
45,male,166,77,5767,1587.5,27.94309769197271,2182.8125,medium
18,female,168,58,7697,1379.0,20.549886621315196,2137.4500000000003,medium
50,male,156,83,4748,1560.0,34.10585141354372,1872.0,slow
24,male,168,45,7977,1385.0,15.94387755102041,2146.75,medium
30,male,164,51,4190,1390.0,18.961927424152293,1668.0,slow
19,male,172,55,9609,1535.0,18.591130340724717,2379.25,fast
28,male,163,60,2000,1483.75,22.582709172343712,1780.5,slow
31,female,157,67,5504,1335.25,27.18163008641324,1835.96875,slow
20,male,172,70,10511,1680.0,23.661438615467823,2898.0,fast
37,female,163,56,9919,1232.75,21.077195227520797,1910.7625,slow
44,male,181,78,7046,1696.25,23.808797045267237,2332.34375,fast
31,male,175,76,4993,1703.75,24.816326530612244,2044.5,medium
52,female,150,57,7109,1086.5,25.333333333333332,1493.9375,slow
34,female,162,76,8118,1441.5,28.959000152415786,2234.3250000000003,medium
26,female,165,50,4279,1240.25,18.36547291092746,1488.3,slow
45,female,165,59,12582,1235.25,21.6712580348944,2346.975,fast
47,male,161,64,10597,1416.25,24.690405462752206,2443.03125,fast
36,male,170,65,7865,1537.5,22.49134948096886,2383.125,fast
36,female,159,52,2528,1172.75,20.56880661366243,1407.3,slow
18,male,172,76,2833,1750.0,25.689561925365066,2100.0,medium
40,female,150,59,2477,1166.5,26.22222222222222,1399.8,slow
30,male,180,63,6513,1610.0,19.444444444444443,2213.75,medium
34,male,180,73,5191,1690.0,22.530864197530864,2323.75,fast
30,female,154,74,6272,1391.5,31.20256367009614,1913.3125,slow
44,female,157,67,8562,1270.25,27.18163008641324,1968.8875,medium
40,male,181,84,10045,1776.25,25.640242971826257,3064.03125,fast
36,female,160,70,5287,1359.0,27.343749999999996,1868.625,slow
52,male,160,65,5217,1395.0,25.390624999999996,1918.125,slow
18,female,161,45,8660,1205.25,17.360441340997646,1868.1375,slow
35,female,160,62,12046,1284.0,24.218749999999996,2214.9,medium
32,female,169,58,9512,1315.25,20.307412205454995,2038.6375,medium
26,female,150,73,4664,1376.5,32.44444444444444,1651.8,slow
35,female,155,56,10874,1192.75,23.309053069719038,2057.49375,medium
34,female,150,63,3575,1236.5,28.0,1483.8,slow
40,female,164,58,2496,1244.0,21.564544913741823,1492.8,slow
30,female,162,71,6670,1411.5,27.053802773967377,1940.8125,medium
50,male,186,57,5262,1487.5,16.475893166840095,2045.3125,medium
40,female,171,48,9614,1187.75,16.415307274033037,1841.0125,slow
46,male,167,71,5845,1528.75,25.458065904119906,2102.03125,medium
42,female,153,58,8326,1165.25,24.77679524969029,1806.1375,slow
37,female,166,52,8212,1211.5,18.870663376397157,1877.825,slow
19,female,157,61,12751,1335.25,24.747454257779218,2536.975,fast
20,male,172,82,5633,1800.0,27.717685235262305,2475.0,fast
21,female,160,57,6958,1304.0,22.265624999999996,1793.0,slow
41,male,180,69,11993,1615.0,21.296296296296294,2785.875,fast
27,female,167,68,10463,1427.75,24.38237297859371,2462.86875,fast
29,male,172,97,6280,1905.0,32.787993510005414,2619.375,fast
34,female,164,58,7732,1274.0,21.564544913741823,1974.7,medium
43,male,176,60,2000,1490.0,19.369834710743802,1788.0,slow
30,male,159,92,9234,1768.75,36.39096554724892,2741.5625,fast
28,female,159,73,5963,1422.75,28.875440053795337,1956.28125,medium
28,female,164,62,6381,1344.0,23.051754907792983,1848.0,slow
28,female,164,63,5892,1354.0,23.423557406305775,1861.75,slow
33,female,173,75,8265,1505.25,25.05930702662969,2333.1375000000003,fast
31,female,150,65,8922,1271.5,28.88888888888889,1970.825,medium
19,female,159,61,6409,1347.75,24.128792373719392,1853.15625,slow
50,male,168,73,8020,1535.0,25.86451247165533,2379.25,fast
32,female,150,60,4835,1216.5,26.666666666666668,1459.8,slow
37,female,162,54,6852,1206.5,20.576131687242793,1658.9375,slow
45,male,171,91,6129,1758.75,31.120686707020965,2418.28125,fast
34,male,180,58,6333,1540.0,17.901234567901234,2117.5,medium
26,male,181,71,6422,1716.25,21.672110130948383,2359.84375,fast
37,female,153,75,4130,1360.25,32.038959374599514,1632.3,slow
31,female,157,59,8132,1255.25,23.93606231490121,1945.6375,medium
35,female,169,56,5740,1280.25,19.607156612163443,1760.34375,slow
31,female,159,54,3664,1217.75,21.359914560341757,1461.3,slow
34,female,163,71,8831,1397.75,26.722872520606725,2166.5125000000003,medium
37,male,166,58,7367,1437.5,21.04804761213529,1976.5625,medium
23,female,159,67,8959,1387.75,26.502116213757365,2151.0125000000003,medium
51,male,176,72,3324,1570.0,23.243801652892564,1884.0,slow
25,male,174,71,9777,1677.5,23.450918219051392,2600.125,fast
27,female,171,70,9740,1472.75,23.938989774631512,2282.7625000000003,fast
23,male,169,70,3116,1646.25,24.508945765204302,1975.5,medium
32,male,169,91,2000,1811.25,31.861629494765594,2173.5,medium
42,male,163,82,10926,1633.75,30.863035868869737,2818.21875,fast
34,female,156,45,5322,1094.0,18.49112426035503,1504.25,slow
28,male,168,60,3211,1515.0,21.258503401360546,1818.0,slow
29,male,170,65,7926,1572.5,22.49134948096886,2437.375,fast
36,male,163,73,8171,1573.75,27.475629493018182,2439.3125,fast
29,male,175,89,8503,1843.75,29.06122448979592,2857.8125,fast
34,male,160,100,8253,1835.0,39.06249999999999,2844.25,fast
22,female,150,64,5804,1306.5,28.444444444444443,1796.4375,slow
38,female,157,53,6442,1160.25,21.50188648626719,1595.34375,slow
31,female,166,75,11411,1471.5,27.21730294672667,2538.3375,fast
36,male,174,74,5234,1652.5,24.441802087462015,2272.1875,fast
32,male,168,67,5702,1565.0,23.738662131519277,2151.875,medium
36,male,182,59,2013,1552.5,17.81185847119913,1863.0,slow
42,female,175,63,9339,1352.75,20.571428571428573,2096.7625000000003,medium
29,male,170,85,7311,1772.5,29.411764705882355,2437.1875,fast
30,male,160,73,6132,1585.0,28.515624999999993,2179.375,medium
33,male,164,80,3565,1665.0,29.744199881023206,1998.0,medium
35,male,166,70,5058,1567.5,25.402816083611555,2155.3125,medium
50,female,165,62,9115,1240.25,22.77318640955005,1922.3875,slow
49,male,169,96,3153,1776.25,33.61226847799447,2131.5,medium
28,male,165,69,4684,1586.25,25.344352617079892,1903.5,slow
31,male,173,82,3126,1751.25,27.39817568244846,2101.5,medium
35,male,187,63,8404,1628.75,18.015956990477278,2524.5625,fast
33,female,155,55,7757,1192.75,22.892819979188342,1848.7625,slow
28,male,173,71,10596,1656.25,23.722810651876106,2857.03125,fast
44,female,150,70,7469,1256.5,31.11111111111111,1727.6875,slow
33,male,159,75,3779,1583.75,29.666548000474663,1900.5,slow
42,male,176,77,9408,1665.0,24.857954545454547,2580.75,fast
36,male,176,83,8887,1755.0,26.794938016528928,2720.25,fast
24,male,167,52,6546,1448.75,18.645344042454013,1992.03125,medium
45,female,153,49,11994,1060.25,20.932120124738347,1828.93125,slow
37,female,154,80,9454,1416.5,33.732501264968796,2195.5750000000003,medium
35,male,167,76,6528,1633.75,27.250887446663558,2246.40625,medium
18,male,162,64,7874,1567.5,24.38652644413961,2429.625,fast
56,male,168,73,10598,1505.0,25.86451247165533,2596.125,fast
18,male,164,72,4221,1660.0,26.769779892920884,1992.0,medium
44,female,158,74,11026,1346.5,29.642685467072578,2322.7125,fast
44,female,165,58,6445,1230.25,21.30394857667585,1691.59375,slow
18,female,159,55,7561,1292.75,21.75546853368142,2003.7625,medium
32,female,155,45,8033,1097.75,18.730489073881373,1701.5125,slow
60,female,161,68,3814,1225.25,26.23355580417422,1470.3,slow
29,male,169,60,9946,1516.25,21.007667798746546,2350.1875,fast
23,male,167,83,9042,1763.75,29.760837606224676,2733.8125,fast
30,male,175,73,12562,1678.75,23.836734693877553,3189.625,fast
48,female,166,55,6440,1186.5,19.959355494266223,1631.4375,slow
33,female,155,55,11734,1192.75,22.892819979188342,2057.49375,medium
48,female,164,45,7472,1074.0,16.731112433075552,1476.75,slow
49,male,174,73,9771,1577.5,24.111507464658473,2445.125,fast
33,female,157,50,8964,1155.25,20.28479857195018,1790.6375,slow
38,male,170,80,9492,1677.5,27.68166089965398,2600.125,fast
37,male,173,80,7479,1701.25,26.729927495071667,2339.21875,fast
29,female,158,46,5030,1141.5,18.426534209261334,1569.5625,slow
43,male,177,72,10608,1616.25,22.981901752370007,2788.03125,fast
40,male,178,84,6178,1757.5,26.511804065143288,2416.5625,fast
36,male,166,70,2000,1562.5,25.402816083611555,1875.0,slow
38,female,156,64,10619,1264.0,26.298487836949374,2180.4,medium
34,female,153,45,6942,1075.25,19.223375624759708,1478.46875,slow
45,male,168,86,5276,1690.0,30.470521541950117,2323.75,fast
28,male,176,80,4835,1765.0,25.826446280991735,2118.0,medium
35,female,169,76,9763,1480.25,26.609712545078956,2294.3875000000003,fast
60,male,170,68,6883,1447.5,23.529411764705884,1990.3125,medium
18,female,159,74,6692,1482.75,29.270994027135,2038.78125,medium
33,female,160,53,7742,1204.0,20.703124999999996,1866.2,slow
37,female,153,63,5179,1240.25,26.91272587466359,1705.34375,slow
42,male,170,88,9281,1737.5,30.449826989619382,2693.125,fast
27,male,180,53,9782,1525.0,16.358024691358022,2363.75,fast
30,female,166,61,4606,1336.5,22.136739730004358,1603.8,slow
38,female,155,45,5600,1067.75,18.730489073881373,1468.15625,slow
35,female,150,91,9542,1511.5,40.44444444444444,2342.8250000000003,fast
33,female,162,45,10802,1136.5,17.146776406035663,1960.4625,medium
25,male,173,73,8737,1691.25,24.3910588392529,2621.4375,fast
41,female,156,45,10494,1059.0,18.49112426035503,1826.775,slow
39,male,161,64,7151,1456.25,24.690405462752206,2002.34375,medium
32,female,164,57,8697,1274.0,21.192742415229034,1974.7,medium
41,male,172,84,3437,1715.0,28.393726338561386,2058.0,medium
38,male,160,45,7703,1265.0,17.578124999999996,1960.75,medium
37,male,167,87,9658,1733.75,31.1950948402596,2687.3125,fast
33,female,167,71,7094,1427.75,25.458065904119906,1963.15625,medium
21,female,163,47,4169,1222.75,17.68978885166924,1467.3,slow
34,female,158,74,4503,1396.5,29.642685467072578,1675.8,slow
28,male,156,71,13794,1550.0,29.17488494411571,2945.0,fast
32,male,165,81,9287,1686.25,29.752066115702483,2613.6875,fast
32,male,166,67,9416,1552.5,24.31412396574249,2406.375,fast
20,female,169,45,8434,1245.25,15.75575084905991,1930.1375,medium
25,female,161,76,8002,1480.25,29.319856487018246,2294.3875000000003,fast
34,male,178,67,10033,1617.5,21.146319909102385,2790.1875,fast
49,male,167,78,8235,1583.75,27.968016063681024,2454.8125,fast
43,female,161,45,7698,1080.25,17.360441340997646,1674.3875,slow
42,female,159,72,7187,1342.75,28.479886080455675,1846.28125,slow
45,male,152,72,6500,1450.0,31.16343490304709,1993.75,medium
49,female,167,61,7927,1247.75,21.872422819032593,1934.0125,medium
21,female,150,66,9304,1331.5,29.333333333333332,2063.8250000000003,medium
35,male,185,77,10862,1756.25,22.498173849525198,3029.53125,fast
18,female,163,46,12149,1227.75,17.31341036546351,2117.86875,medium
41,male,165,92,5196,1751.25,33.792470156106525,2407.96875,fast
43,female,150,57,7011,1131.5,25.333333333333332,1555.8125,slow
42,female,157,55,10635,1160.25,22.313278429145196,2001.43125,medium
29,female,150,59,8524,1221.5,26.22222222222222,1893.325,slow
30,male,171,55,9874,1473.75,18.80920625149619,2284.3125,fast
50,female,170,63,6953,1281.5,21.79930795847751,1762.0625,slow
32,male,164,67,10310,1540.0,24.910767400356935,2656.5,fast
25,female,155,58,7416,1262.75,24.141519250780433,1736.28125,slow
54,male,178,62,7845,1467.5,19.568236333796236,2274.625,fast
34,female,158,59,9581,1246.5,23.634033007530842,1932.075,medium
19,male,164,62,7263,1555.0,23.051754907792983,2138.125,medium
36,female,168,71,4201,1419.0,25.15589569160998,1702.8,slow
25,female,160,68,3598,1394.0,26.562499999999996,1672.8,slow
32,male,161,50,4881,1351.25,19.28937926777516,1621.5,slow
34,female,151,76,7228,1372.75,33.33187140914872,1887.53125,slow
37,male,162,60,12183,1432.5,22.86236854138088,2471.0625,fast
19,male,169,55,5343,1516.25,19.257028815517668,2084.84375,medium
26,female,153,61,7693,1275.25,26.05835362467427,1976.6375,medium
35,female,165,45,7468,1145.25,16.528925619834713,1574.71875,slow
32,male,179,50,9328,1463.75,15.605006085952374,2268.8125,medium
48,female,166,62,9229,1256.5,22.49963710262738,1947.575,medium
37,male,179,78,7577,1718.75,24.343809494085704,2664.0625,fast
35,female,160,45,6501,1114.0,17.578124999999996,1531.75,slow
27,female,152,94,9088,1594.0,40.68559556786703,2470.7000000000003,fast
36,female,155,61,6831,1237.75,25.390218522372525,1701.90625,slow
32,female,162,66,9691,1351.5,25.14860539551897,2094.8250000000003,medium
36,male,158,65,11326,1462.5,26.037493991347535,2522.8125,fast
49,male,164,79,9372,1575.0,29.372397382510414,2441.25,fast
37,female,175,67,7384,1417.75,21.877551020408163,1949.40625,medium
49,female,170,72,4307,1376.5,24.913494809688583,1651.8,slow
33,male,165,80,8723,1671.25,29.384756657483933,2590.4375,fast
29,female,158,46,8042,1141.5,18.426534209261334,1769.325,slow
34,male,169,59,7647,1481.25,20.65754000210077,2295.9375,fast
45,male,166,65,6925,1467.5,23.588329220496444,2017.8125,medium
29,female,166,71,7193,1441.5,25.76571345623458,1982.0625,medium
29,male,176,81,10232,1770.0,26.149276859504134,3053.25,fast
46,male,169,77,5893,1601.25,26.959840341724732,2201.71875,medium
35,male,163,71,6750,1558.75,26.722872520606725,2143.28125,medium
25,male,172,68,5076,1635.0,22.985397512168742,2248.125,medium
60,female,163,58,7670,1137.75,21.829952199932254,1763.5125,slow
36,male,173,45,7044,1356.25,15.035584215977813,1864.84375,slow
50,male,168,66,4132,1465.0,23.384353741496604,1758.0,slow
18,male,167,71,9023,1668.75,25.458065904119906,2586.5625,fast
29,female,152,57,10827,1214.0,24.67105263157895,2094.15,medium
49,male,183,69,5694,1593.75,20.603780345785182,2191.40625,medium
45,female,165,59,2706,1235.25,21.6712580348944,1482.3,slow
18,female,162,58,11004,1341.5,22.10028959000152,2314.0875,fast
34,female,165,61,10045,1310.25,22.4058769513315,2260.18125,medium
26,female,153,59,4637,1255.25,25.20398137468495,1506.3,slow
35,male,180,84,6060,1795.0,25.925925925925924,2468.125,fast
44,female,154,65,2000,1231.5,27.40765727778715,1477.8,slow
30,male,172,65,7419,1580.0,21.971335857220122,2172.5,medium
34,female,160,76,9431,1429.0,29.687499999999993,2214.9500000000003,medium
54,male,172,81,10120,1620.0,27.379664683612766,2794.5,fast
30,male,173,78,5665,1716.25,26.061679307694877,2359.84375,fast
40,male,169,81,9849,1671.25,28.360351528307834,2590.4375,fast
47,male,172,90,2773,1745.0,30.42184964845863,2094.0,medium
40,male,174,63,7210,1522.5,20.808561236623067,2093.4375,medium
42,female,173,59,8527,1300.25,19.713321527615356,2015.3875,medium
51,male,175,78,14377,1623.75,25.46938775510204,3085.125,fast
40,female,152,87,3043,1459.0,37.655817174515235,1750.8,slow
42,male,170,63,2000,1487.5,21.79930795847751,1785.0,slow
34,female,172,73,5286,1474.0,24.675500270416443,2026.75,medium
35,female,159,63,6708,1287.75,24.919900320398717,1770.65625,slow
32,female,158,52,7711,1186.5,20.82999519307803,1839.075,slow
34,female,150,80,2848,1406.5,35.55555555555556,1687.8,slow
23,male,167,71,9007,1643.75,25.458065904119906,2547.8125,fast
32,female,164,78,6927,1484.0,29.000594883997625,2040.5,medium
34,female,161,56,11827,1235.25,21.60410477990818,2130.80625,medium
45,male,163,73,6528,1528.75,27.475629493018182,2102.03125,medium
25,female,173,47,6176,1265.25,15.703832403354605,1739.71875,slow
46,female,158,57,4072,1166.5,22.832879346258608,1399.8,slow
22,female,150,61,6998,1276.5,27.11111111111111,1755.1875,slow
40,male,154,72,8577,1487.5,30.35925113847192,2305.625,fast
47,male,162,95,8830,1732.5,36.19875019051973,2685.375,fast
38,female,162,74,10738,1401.5,28.19692120103642,2417.5875,fast
40,female,158,75,8337,1376.5,30.043262297708697,2133.5750000000003,medium
29,male,183,78,9558,1783.75,23.291229956104985,2764.8125,fast
35,male,182,75,5388,1717.5,22.6421929718633,2361.5625,fast
33,female,170,45,6779,1186.5,15.570934256055365,1631.4375,slow
27,female,153,79,5248,1450.25,33.74770387457816,1994.09375,medium
42,female,158,56,5333,1176.5,22.432302515622492,1617.6875,slow
31,male,170,83,5784,1742.5,28.719723183391007,2395.9375,fast
41,female,155,65,10244,1252.75,27.055150884495315,2160.99375,medium
27,male,166,68,9580,1587.5,24.677021338365513,2460.625,fast
18,female,162,92,3033,1681.5,35.055631763450684,2017.8,medium
18,male,171,75,9941,1733.75,25.64891761567662,2687.3125,fast
43,male,160,62,11221,1410.0,24.218749999999996,2432.25,fast
33,female,155,68,10130,1322.75,28.303850156087407,2281.74375,fast
18,male,166,99,6263,1942.5,35.9268398896792,2670.9375,fast
29,male,179,71,10726,1688.75,22.15910864205237,2913.09375,fast
18,male,173,66,6622,1656.25,22.052190183434128,2277.34375,fast
33,female,155,83,11010,1472.75,34.54734651404786,2540.49375,fast
38,male,177,95,8751,1871.25,30.323342589932647,2900.4375,fast
26,male,162,71,9322,1597.5,27.053802773967377,2476.125,fast
23,female,160,66,8526,1384.0,25.781249999999996,2145.2000000000003,medium
52,female,164,52,7548,1124.0,19.333729922665082,1742.2,slow
37,female,162,63,7519,1296.5,24.005486968449926,2009.575,medium
18,female,154,61,12173,1321.5,25.72103221453871,2279.5875,fast
24,female,157,58,11596,1280.25,23.53036634346221,2208.43125,medium
34,male,178,73,6196,1677.5,23.04002019946976,2306.5625,fast
46,male,181,56,7805,1466.25,17.09349531455084,2272.6875,fast
44,male,172,56,5637,1420.0,18.92915089237426,1952.5,medium
18,male,168,59,6265,1555.0,20.904195011337873,2138.125,medium
33,male,167,62,8702,1503.75,22.230987127541326,2330.8125,fast
27,female,154,68,7709,1346.5,28.67262607522348,2087.0750000000003,medium
25,female,166,45,5932,1201.5,16.330381768036002,1652.0625,slow
36,male,180,70,7715,1650.0,21.604938271604937,2557.5,fast
43,male,168,56,13145,1400.0,19.841269841269845,2660.0,fast
22,female,168,65,9984,1429.0,23.030045351473927,2214.9500000000003,medium
45,female,150,72,5754,1271.5,32.0,1748.3125,slow
24,male,172,54,4890,1500.0,18.25310978907518,1800.0,slow
32,female,156,55,4606,1204.0,22.600262984878366,1444.8,slow
38,male,171,72,7751,1603.75,24.622960911049557,2485.8125,fast
25,male,167,82,7591,1743.75,29.402273297715947,2702.8125,fast
33,male,173,80,5288,1721.25,26.729927495071667,2366.71875,fast
39,male,178,92,5122,1842.5,29.036737785633125,2533.4375,fast
28,male,179,68,8176,1663.75,21.22280827689523,2578.8125,fast
46,male,181,90,2543,1806.25,27.471688898385274,2167.5,medium
34,male,175,86,2000,1788.75,28.081632653061224,2146.5,medium
40,male,171,82,6951,1693.75,28.042816593139772,2328.90625,fast
35,female,161,50,10258,1170.25,19.28937926777516,2018.68125,medium
32,male,168,58,5083,1475.0,20.549886621315196,2028.125,medium
33,female,150,68,6940,1291.5,30.22222222222222,1775.8125,slow
33,female,158,45,8612,1111.5,18.02595737862522,1722.825,slow
39,male,171,62,12179,1498.75,21.20310522895934,2585.34375,fast
32,female,165,51,13070,1220.25,18.73278236914601,2318.475,fast
35,female,166,66,5533,1361.5,23.95122659311947,1872.0625,slow
35,female,173,58,5500,1325.25,19.37919743392696,1822.21875,slow
39,male,173,70,5757,1591.25,23.38868655818771,2187.96875,medium
32,male,167,73,9710,1618.75,26.175194521137367,2509.0625,fast
48,male,152,79,6541,1505.0,34.193213296398895,2069.375,medium
18,female,154,52,11600,1231.5,21.926125822229718,2124.3375,medium
44,male,163,95,4957,1753.75,35.75595618954421,2104.5,medium
39,male,171,81,8597,1688.75,27.70083102493075,2617.5625,fast
26,female,164,73,6749,1464.0,27.141582391433676,2013.0,medium
30,female,159,61,10196,1292.75,24.128792373719392,2229.99375,medium
37,male,174,82,9243,1727.5,27.08415906989034,2677.625,fast
46,female,154,66,6193,1231.5,27.82931354359926,1693.3125,slow
29,male,173,58,5039,1521.25,19.37919743392696,2091.71875,medium
18,female,152,50,4985,1199.0,21.641274238227147,1438.8,slow
32,male,169,85,13044,1751.25,29.76086271489094,3327.375,fast
45,male,164,58,7265,1385.0,21.564544913741823,1904.375,slow
40,female,157,62,6473,1240.25,25.153150229218223,1705.34375,slow
28,male,170,69,6326,1617.5,23.87543252595156,2224.0625,medium
39,male,169,54,8906,1406.25,18.906901018871892,2179.6875,medium
34,male,169,53,9493,1421.25,18.556773222226116,2202.9375,medium
60,female,156,52,10324,1034.0,21.367521367521366,1783.65,slow
28,female,161,50,10054,1205.25,19.28937926777516,2079.05625,medium
43,male,166,95,5643,1777.5,34.47525039918711,2444.0625,fast
36,female,151,45,7249,1052.75,19.735976492259113,1447.53125,slow
30,female,150,45,4756,1076.5,20.0,1291.8,slow
50,female,164,57,4947,1184.0,21.192742415229034,1420.8,slow
48,male,160,62,5307,1385.0,24.218749999999996,1904.375,slow
37,female,164,75,11981,1429.0,27.885187388459254,2465.025,fast
39,male,185,61,9299,1576.25,17.82322863403944,2443.1875,fast
47,male,159,64,9308,1403.75,25.315454293738377,2175.8125,medium
26,male,180,81,4681,1810.0,25.0,2172.0,medium
31,male,170,64,8725,1552.5,22.145328719723185,2406.375,fast
22,female,179,79,5859,1637.75,24.65590961580475,2251.90625,medium
34,male,181,77,9429,1736.25,23.503556057507403,2691.1875,fast
34,male,166,74,7982,1612.5,26.854405574103644,2499.375,fast
29,female,173,71,9287,1485.25,23.722810651876106,2302.1375000000003,fast
25,male,170,76,8025,1702.5,26.29757785467128,2638.875,fast
49,male,158,77,9380,1517.5,30.844415958980928,2352.125,fast
33,female,163,63,6195,1322.75,23.711844630960897,1818.78125,slow
33,female,157,54,8990,1195.25,21.907582457706194,1852.6375,slow
50,female,159,57,9772,1152.75,22.54657648036074,1786.7625,slow
37,female,150,63,10285,1221.5,28.0,2107.0875,medium
28,female,156,45,4429,1124.0,18.49112426035503,1348.8,slow
18,female,162,71,4483,1471.5,27.053802773967377,1765.8,slow
33,female,158,50,3692,1161.5,20.028841531805796,1393.8,slow
53,male,176,70,2613,1540.0,22.59814049586777,1848.0,slow
34,female,161,45,7790,1125.25,17.360441340997646,1744.1375,slow
54,male,171,100,3828,1803.75,34.19855682090216,2164.5,medium
47,female,153,53,10401,1090.25,22.64086462471699,1880.68125,slow
27,female,168,63,9573,1384.0,22.321428571428577,2145.2000000000003,medium
18,male,183,67,2000,1728.75,20.00656932126967,2074.5,medium
19,female,153,60,7074,1300.25,25.63116749967961,1787.84375,slow
35,female,160,61,7826,1274.0,23.828124999999996,1974.7,medium
43,male,160,90,8938,1690.0,35.15624999999999,2619.5,fast
20,male,180,59,4112,1620.0,18.209876543209877,1944.0,medium
33,female,165,57,7598,1275.25,20.936639118457304,1976.6375,medium
31,female,172,65,3730,1409.0,21.971335857220122,1690.8,slow
43,male,189,70,8996,1671.25,19.59631589261219,2590.4375,fast
44,male,177,92,11052,1811.25,29.365763350250564,3124.40625,fast
25,male,188,77,2897,1825.0,21.785875961973744,2190.0,medium
26,male,167,87,3477,1788.75,31.1950948402596,2146.5,medium
25,female,155,54,6388,1222.75,22.476586888657646,1681.28125,slow
18,female,158,51,6672,1246.5,20.429418362441915,1713.9375,slow
22,female,162,46,6314,1201.5,17.527815881725342,1652.0625,slow
31,female,160,45,6193,1134.0,17.578124999999996,1559.25,slow
42,male,163,71,11669,1523.75,26.722872520606725,2628.46875,fast
47,female,164,45,5404,1079.0,16.731112433075552,1483.625,slow
35,female,166,58,5263,1281.5,21.04804761213529,1762.0625,slow
56,male,172,65,5581,1450.0,21.971335857220122,1993.75,medium
50,male,161,77,5817,1531.25,29.705644072373747,2105.46875,medium
21,female,173,54,8972,1355.25,18.042701059173375,2100.6375000000003,medium
29,female,153,77,6676,1420.25,32.89333162458883,1952.84375,medium
37,female,160,59,11294,1244.0,23.046874999999996,2145.9,medium
28,female,163,78,8144,1497.75,29.357521924046825,2321.5125000000003,fast
39,male,175,78,7830,1683.75,25.46938775510204,2609.8125,fast
37,female,160,59,7853,1244.0,23.046874999999996,1928.2,medium
41,male,164,72,7292,1545.0,26.769779892920884,2124.375,medium
43,female,150,73,13665,1291.5,32.44444444444444,2453.85,fast
30,female,161,67,5251,1365.25,25.847768218818715,1877.21875,slow
47,female,166,68,5695,1321.5,24.677021338365513,1817.0625,slow
39,female,166,64,8681,1321.5,23.225431847873423,2048.3250000000003,medium
36,male,173,68,8048,1586.25,22.720438370810918,2458.6875,fast
39,male,167,76,7511,1613.75,27.250887446663558,2501.3125,fast
53,male,169,77,11586,1566.25,26.959840341724732,2701.78125,fast
29,female,165,52,2243,1245.25,19.100091827364558,1494.3,slow
18,female,167,68,3186,1472.75,24.38237297859371,1767.3,slow
21,male,175,77,7546,1763.75,25.142857142857142,2733.8125,fast
30,male,157,68,10562,1516.25,27.587326057852245,2615.53125,fast
24,male,175,48,9574,1458.75,15.673469387755102,2261.0625,medium
33,male,162,92,5615,1772.5,35.055631763450684,2437.1875,fast
40,male,175,71,2522,1608.75,23.183673469387756,1930.5,medium
28,female,151,52,8410,1162.75,22.806017279943863,1802.2625,slow
53,male,171,87,8103,1678.75,29.75274443418488,2602.0625,fast
24,female,169,62,3582,1395.25,21.707923392038097,1674.3,slow
41,male,172,75,10338,1625.0,25.351541373715524,2803.125,fast
24,female,166,47,10013,1226.5,17.056176513282043,2115.7125,medium
35,male,174,92,8259,1837.5,30.38710529792575,2848.125,fast
29,male,154,82,8908,1642.5,34.57581379659302,2545.875,fast
38,male,177,80,4448,1721.25,25.53544639152223,2065.5,medium
33,female,168,90,6601,1624.0,31.88775510204082,2233.0,medium
27,female,150,61,7662,1251.5,27.11111111111111,1939.825,medium
34,female,150,57,11146,1176.5,25.333333333333332,2029.4625,medium
41,male,164,64,2228,1465.0,23.795359904818564,1758.0,slow
40,female,174,61,7174,1336.5,20.147971991015986,1837.6875,slow
26,female,160,45,7404,1159.0,17.578124999999996,1593.625,slow
42,female,154,64,8179,1231.5,26.986001011975038,1908.825,slow
39,female,152,60,8187,1194.0,25.969529085872576,1850.7,slow
34,female,154,48,7803,1111.5,20.23950075898128,1722.825,slow
33,male,169,76,4916,1656.25,26.609712545078956,1987.5,medium
33,female,172,69,5261,1439.0,23.323418063818284,1978.625,medium
36,male,167,74,8136,1608.75,26.533758829646096,2493.5625,fast
42,male,172,84,10538,1710.0,28.393726338561386,2949.75,fast
43,female,150,73,10146,1291.5,32.44444444444444,2227.8375,medium
23,male,163,54,7499,1448.75,20.32443825510934,1992.03125,medium
45,male,175,62,6774,1493.75,20.244897959183675,2053.90625,medium
23,male,165,77,8740,1691.25,28.282828282828287,2621.4375,fast
43,male,171,54,10880,1398.75,18.467220683287167,2412.84375,fast
48,female,158,71,7413,1296.5,28.44095497516423,1782.6875,slow
23,female,166,55,5551,1311.5,19.959355494266223,1803.3125,slow
59,female,159,66,3874,1197.75,26.106562240417702,1437.3,slow
24,male,172,73,5704,1690.0,24.675500270416443,2323.75,fast
46,male,190,87,4895,1832.5,24.099722991689752,2199.0,medium
18,female,156,74,3210,1464.0,30.407626561472714,1756.8,slow
45,female,158,65,6636,1251.5,26.037493991347535,1720.8125,slow
38,female,166,46,6966,1146.5,16.693279140659023,1576.4375,slow
49,male,161,73,8983,1496.25,28.162493730951734,2319.1875,fast
41,female,156,53,8452,1139.0,21.7784352399737,1765.45,slow
24,female,161,71,8197,1435.25,27.390918560240728,2224.6375000000003,medium
27,female,160,56,5292,1264.0,21.874999999999996,1738.0,slow
24,female,160,72,2000,1439.0,28.124999999999993,1726.8,slow
43,male,159,82,5633,1603.75,32.4354258138523,2205.15625,medium
31,female,165,68,5804,1395.25,24.977043158861342,1918.46875,slow
21,female,157,82,9027,1535.25,33.26706965799829,2379.6375000000003,fast
42,female,154,45,11423,1041.5,18.974531961544947,1796.5875,slow
33,female,152,58,6323,1204.0,25.10387811634349,1655.5,slow
42,male,171,67,3486,1533.75,22.91303307000445,1840.5,slow
36,female,165,60,2782,1290.25,22.03856749311295,1548.3,slow
38,female,162,45,10152,1111.5,17.146776406035663,1917.3375,slow
42,male,167,95,6074,1788.75,34.06360930832945,2459.53125,fast
47,male,177,71,11226,1586.25,22.66270867247598,2736.28125,fast
58,female,156,55,8011,1074.0,22.600262984878366,1664.7,slow
21,male,170,73,6333,1692.5,25.25951557093426,2327.1875,fast
41,female,153,75,7165,1340.25,32.038959374599514,1842.84375,slow
24,female,154,57,10625,1251.5,24.034407151290267,2158.8375,medium
28,male,173,68,10807,1626.25,22.720438370810918,2805.28125,fast
46,male,167,60,5344,1418.75,21.513858510523864,1950.78125,medium
44,male,172,64,8306,1500.0,21.63331530557058,2325.0,fast
49,male,172,67,7192,1505.0,22.647376960519203,2069.375,medium
44,female,165,81,8707,1460.25,29.752066115702483,2263.3875000000003,medium
34,male,168,74,6625,1625.0,26.218820861678008,2234.375,medium
23,male,173,69,2000,1661.25,23.054562464499313,1993.5,medium
23,male,159,60,3599,1483.75,23.73323840037973,1780.5,slow
26,female,162,64,9476,1361.5,24.38652644413961,2110.3250000000003,medium
40,male,182,49,7703,1432.5,14.792899408284022,2220.375,medium
37,female,154,58,3490,1196.5,24.456063417102378,1435.8,slow
20,female,165,52,5155,1290.25,19.100091827364558,1774.09375,slow
34,male,179,65,8569,1603.75,20.286507911738084,2485.8125,fast
40,male,168,79,7064,1645.0,27.99036281179139,2261.875,medium
55,male,174,62,9330,1437.5,20.478266613819528,2228.125,medium
37,male,154,85,9487,1632.5,35.84078259402935,2530.375,fast
27,male,175,66,9793,1623.75,21.551020408163264,2516.8125,fast
34,female,164,70,10411,1394.0,26.026174895895306,2404.65,fast
34,female,156,65,5788,1294.0,26.709401709401707,1779.25,slow
35,female,175,66,6896,1417.75,21.551020408163264,1949.40625,medium
36,female,151,45,12846,1052.75,19.735976492259113,2000.225,medium
26,female,157,74,4445,1430.25,30.021501886486266,1716.3,slow
18,male,169,65,6139,1621.25,22.758306781975424,2229.21875,medium
49,female,166,71,7518,1341.5,25.76571345623458,2079.3250000000003,medium
36,male,176,68,4515,1605.0,21.952479338842977,1926.0,medium
31,male,161,62,8393,1476.25,23.9188302920412,2288.1875,fast
23,male,171,51,7775,1468.75,17.441263978660103,2276.5625,fast
41,male,173,68,9308,1561.25,22.720438370810918,2419.9375,fast
18,female,172,45,2910,1274.0,15.210924824229314,1528.8,slow
34,male,163,89,3423,1743.75,33.49768527230984,2092.5,medium
44,female,163,73,3967,1367.75,27.475629493018182,1641.3,slow
41,male,165,55,7956,1381.25,20.202020202020204,2140.9375,medium
31,male,171,50,6175,1418.75,17.09927841045108,1950.78125,medium
48,female,153,49,12175,1045.25,20.932120124738347,1803.05625,slow
37,male,175,62,2890,1533.75,20.244897959183675,1840.5,slow
42,female,164,48,6504,1134.0,17.846519928613922,1559.25,slow
36,female,164,53,2706,1214.0,19.705532421177875,1456.8,slow
33,male,154,91,5995,1712.5,38.370720188902006,2354.6875,fast
33,female,156,50,10176,1149.0,20.5456936226167,1982.025,medium
18,male,171,71,6952,1693.75,24.280975342840534,2328.90625,fast
33,female,168,80,9126,1524.0,28.344671201814062,2362.2000000000003,fast
35,female,157,65,8054,1295.25,26.370238143535232,2007.6375,medium
37,female,158,61,8144,1251.5,24.435186668803073,1939.825,medium
32,female,166,59,7420,1306.5,21.410944984758313,1796.4375,slow
30,female,161,82,5719,1515.25,31.634581999151262,2083.46875,medium
36,male,169,68,9239,1561.25,23.80869017191275,2419.9375,fast
41,male,168,69,8193,1540.0,24.44727891156463,2387.0,fast
43,male,169,61,7401,1456.25,21.35779559539232,2002.34375,medium
35,female,161,63,8500,1300.25,24.3046178773967,2015.3875,medium
26,female,162,59,5390,1311.5,22.481329065691202,1803.3125,slow
41,female,157,45,5314,1065.25,18.25631871475516,1464.71875,slow
28,female,153,67,4307,1325.25,28.621470374642232,1590.3,slow
22,male,175,71,5190,1698.75,23.183673469387756,2335.78125,fast
39,female,166,72,7040,1401.5,26.1286108288576,1927.0625,medium
31,female,160,46,6586,1144.0,17.968749999999996,1573.0,slow
18,male,172,75,10805,1740.0,25.351541373715524,3001.5,fast
41,female,165,56,5348,1225.25,20.569329660238754,1684.71875,slow
47,male,170,65,8211,1482.5,22.49134948096886,2297.875,fast
41,male,187,87,6623,1838.75,24.879178701135288,2528.28125,fast
46,male,176,78,12042,1655.0,25.180785123966942,2854.875,fast
18,male,172,100,7393,1990.0,33.802055164954034,2736.25,fast
18,female,156,62,7649,1344.0,25.476660092044707,2083.2000000000003,medium
37,female,153,60,6303,1210.25,25.63116749967961,1664.09375,slow
25,male,172,69,3952,1645.0,23.323418063818284,1974.0,medium
36,female,158,52,7705,1166.5,20.82999519307803,1808.075,slow
45,female,162,50,7236,1126.5,19.05197378448407,1548.9375,slow
41,female,170,52,5339,1216.5,17.99307958477509,1672.6875,slow
36,male,170,73,10537,1617.5,25.25951557093426,2790.1875,fast
24,male,170,74,8090,1687.5,25.605536332179934,2615.625,fast
31,male,164,80,4876,1675.0,29.744199881023206,2010.0,medium
45,female,168,73,8209,1394.0,25.86451247165533,2160.7000000000003,medium
31,female,152,65,6163,1284.0,28.133656509695292,1765.5,slow
30,male,170,50,9064,1417.5,17.301038062283737,2197.125,medium
32,male,170,96,2814,1867.5,33.21799307958478,2241.0,medium
32,male,165,63,9574,1506.25,23.140495867768596,2334.6875,fast
36,female,170,45,9511,1171.5,15.570934256055365,1815.825,slow
41,male,167,81,2000,1653.75,29.043708989207214,1984.5,medium
26,female,161,45,6767,1165.25,17.360441340997646,1602.21875,slow
18,male,166,76,10377,1712.5,27.58020031934969,2954.0625,fast
34,female,150,45,8931,1056.5,20.0,1637.575,slow
31,female,150,45,6134,1071.5,20.0,1473.3125,slow
44,male,165,76,9163,1576.25,27.915518824609737,2443.1875,fast
25,male,177,63,9521,1616.25,20.109164033323754,2505.1875,fast
30,female,154,76,6325,1411.5,32.04587620172036,1940.8125,medium
31,female,174,63,8489,1401.5,20.808561236623067,2172.3250000000003,medium
37,male,170,67,2716,1552.5,23.18339100346021,1863.0,slow
35,female,171,65,11172,1382.75,22.229061933586404,2385.24375,fast
50,female,161,68,5900,1275.25,26.23355580417422,1753.46875,slow
41,female,150,67,5690,1241.5,29.77777777777778,1707.0625,slow
34,female,159,63,9198,1292.75,24.919900320398717,2003.7625,medium
30,female,166,62,10377,1346.5,22.49963710262738,2322.7125,fast
37,male,150,55,9552,1307.5,24.444444444444443,2026.625,medium
36,male,170,82,4387,1707.5,28.373702422145332,2049.0,medium
30,female,160,53,8808,1219.0,20.703124999999996,1889.45,slow
40,male,174,84,9354,1732.5,27.74474831549742,2685.375,fast
18,male,168,81,9054,1775.0,28.69897959183674,2751.25,fast
49,male,172,69,8281,1525.0,23.323418063818284,2363.75,fast
37,female,158,80,8972,1441.5,32.046146450889275,2234.3250000000003,medium
24,female,158,62,6230,1326.5,24.83576349943919,1823.9375,slow
23,male,167,57,9257,1503.75,20.43816558499767,2330.8125,fast
49,male,166,98,5974,1777.5,35.56394251705618,2444.0625,fast
35,male,174,87,6242,1787.5,28.735632183908045,2457.8125,fast
18,female,152,62,7110,1319.0,26.83518005540166,1813.625,slow
24,male,173,68,2794,1646.25,22.720438370810918,1975.5,medium
47,female,158,64,8571,1231.5,25.63691716071142,1908.825,slow
37,male,160,60,10059,1420.0,23.437499999999996,2449.5,fast
38,female,155,64,7914,1257.75,26.638917793964616,1949.5125,medium
18,male,162,74,5485,1667.5,28.19692120103642,2292.8125,fast
35,male,170,70,5978,1592.5,24.221453287197235,2189.6875,medium
45,female,171,78,4122,1462.75,26.674874320303687,1755.3,slow
35,female,155,69,7276,1322.75,28.720083246618103,1818.78125,slow
41,male,174,64,6398,1527.5,21.13885585942661,2100.3125,medium
31,female,170,51,2234,1256.5,17.647058823529413,1507.8,slow
35,female,159,56,5554,1217.75,22.151022507021082,1674.40625,slow
26,male,178,93,9791,1917.5,29.352354500694357,2972.125,fast
32,male,156,84,9109,1660.0,34.51676528599605,2573.0,fast
26,female,155,46,6487,1137.75,19.14672216441207,1564.40625,slow
38,male,168,86,11690,1725.0,30.470521541950117,2975.625,fast
36,male,160,48,6264,1305.0,18.749999999999996,1794.375,slow
23,male,167,94,10449,1873.75,33.70504499982072,3232.21875,fast
34,male,161,45,6184,1291.25,17.360441340997646,1775.46875,slow
23,female,157,61,9158,1315.25,24.747454257779218,2038.6375,medium
32,female,168,45,12721,1179.0,15.94387755102041,2240.1,medium
31,male,158,73,5735,1567.5,29.242108636436463,2155.3125,medium
39,male,171,68,4478,1558.75,23.25501863821347,1870.5,slow
43,male,152,93,8335,1670.0,40.25277008310249,2588.5,fast
36,female,157,69,6376,1330.25,27.993022029291247,1829.09375,slow
28,male,170,48,3781,1407.5,16.60899653979239,1689.0,slow
36,male,160,48,6906,1305.0,18.749999999999996,1794.375,slow
40,female,160,48,9117,1119.0,18.749999999999996,1734.45,slow
34,male,166,67,3912,1542.5,24.31412396574249,1851.0,slow
60,male,162,76,6307,1477.5,28.959000152415786,2031.5625,medium
29,male,169,80,6672,1716.25,28.01022373166206,2359.84375,fast
43,male,171,76,7162,1618.75,25.990903183885642,2225.78125,medium
43,female,156,51,5473,1109.0,20.956607495069033,1524.875,slow
35,male,175,79,2000,1713.75,25.79591836734694,2056.5,medium
34,female,164,49,7550,1184.0,18.218322427126715,1835.2,slow
18,male,168,86,6794,1825.0,30.470521541950117,2509.375,fast
47,female,150,57,6229,1111.5,25.333333333333332,1528.3125,slow
46,female,150,59,5285,1136.5,26.22222222222222,1562.6875,slow
40,male,164,49,12211,1320.0,18.218322427126715,2277.0,fast
49,male,165,88,8250,1671.25,32.323232323232325,2590.4375,fast
31,male,178,65,5785,1612.5,20.515086478979924,2217.1875,medium
24,female,157,54,6784,1240.25,21.907582457706194,1705.34375,slow
42,female,162,55,4929,1191.5,20.957171162932475,1429.8,slow
28,female,150,68,9189,1316.5,30.22222222222222,2040.575,medium
20,male,173,63,10096,1616.25,21.04981790236894,2788.03125,fast
24,male,173,81,5471,1776.25,27.064051588760066,2442.34375,fast
18,female,160,62,5506,1369.0,24.218749999999996,1882.375,slow
39,male,161,97,7555,1786.25,37.42139577948381,2768.6875,fast
60,female,166,45,8055,1026.5,16.330381768036002,1591.075,slow
25,male,172,71,7223,1665.0,23.99945916711736,2289.375,fast
22,male,165,71,3777,1636.25,26.07897153351699,1963.5,medium
28,male,166,76,8137,1662.5,27.58020031934969,2576.875,fast
38,male,168,100,9933,1865.0,35.43083900226758,2890.75,fast
37,male,171,78,8115,1668.75,26.674874320303687,2586.5625,fast
46,male,172,57,11069,1420.0,19.2671714440238,2449.5,fast
42,male,175,83,5535,1718.75,27.102040816326532,2363.28125,fast
32,male,177,78,8895,1731.25,24.897060231734173,2683.4375,fast
32,male,155,67,10584,1483.75,27.887617065556707,2559.46875,fast
22,female,162,57,7313,1311.5,21.719250114311837,1803.3125,slow
34,female,165,78,7013,1480.25,28.650137741046834,2035.34375,medium
40,female,158,49,6653,1116.5,19.62826470116968,1535.1875,slow
30,female,167,79,5808,1522.75,28.326580372189753,2093.78125,medium
33,male,169,83,7514,1726.25,29.060607121599386,2675.6875,fast
18,female,158,68,8572,1416.5,27.239224483255885,2195.5750000000003,medium
26,female,167,53,6262,1282.75,19.003908350962746,1763.78125,slow
29,female,171,50,4747,1262.75,17.09927841045108,1515.3,slow
18,female,157,74,2773,1470.25,30.021501886486266,1764.3,slow
34,female,160,48,6566,1149.0,18.749999999999996,1579.875,slow
31,male,178,93,2296,1892.5,29.352354500694357,2271.0,fast
39,male,171,78,7029,1658.75,26.674874320303687,2280.78125,fast
26,male,166,77,11134,1682.5,27.94309769197271,2902.3125,fast
23,male,185,77,6885,1816.25,22.498173849525198,2497.34375,fast
25,male,165,76,8915,1671.25,27.915518824609737,2590.4375,fast
29,male,166,87,12458,1767.5,31.572071418202935,3048.9375,fast
24,female,155,76,7381,1447.75,31.63371488033298,1990.65625,medium
51,male,168,80,4898,1600.0,28.344671201814062,1920.0,slow
22,female,158,74,9075,1456.5,29.642685467072578,2257.5750000000003,medium
44,female,154,88,8198,1461.5,37.10575139146568,2265.3250000000003,medium
50,male,169,62,12289,1431.25,21.707923392038097,2468.90625,fast
30,male,156,73,13066,1560.0,29.996712689020377,2964.0,fast
21,female,158,58,7622,1301.5,23.233456176894723,2017.325,medium
41,male,167,71,6970,1553.75,25.458065904119906,2136.40625,medium
44,female,157,67,7961,1270.25,27.18163008641324,1968.8875,medium
40,female,150,58,7429,1156.5,25.77777777777778,1590.1875,slow
22,female,160,65,13020,1379.0,25.390624999999996,2620.1,fast
43,male,172,55,5668,1415.0,18.591130340724717,1945.625,medium
27,male,161,72,9932,1596.25,27.776706145596233,2474.1875,fast
23,male,168,84,5753,1780.0,29.761904761904766,2447.5,fast
25,female,165,76,5015,1505.25,27.915518824609737,2069.71875,medium
56,female,150,55,4926,1046.5,24.444444444444443,1255.8,slow
56,male,162,83,11299,1567.5,31.626276482243554,2703.9375,fast
44,female,171,47,8229,1157.75,16.073321705824014,1794.5125,slow
34,female,153,74,4408,1365.25,31.611773249604852,1638.3,slow
41,female,154,53,8384,1126.5,22.34778208804183,1746.075,slow
46,male,170,69,9474,1527.5,23.87543252595156,2367.625,fast
18,male,152,55,8279,1415.0,23.80540166204986,2193.25,medium
28,male,168,67,10608,1585.0,23.738662131519277,2734.125,fast
22,female,154,56,6008,1251.5,23.61275088547816,1720.8125,slow
33,female,163,64,6767,1332.75,24.088223117166624,1832.53125,slow
39,female,167,69,7374,1377.75,24.740937287102444,1894.40625,slow
44,female,169,47,14394,1145.25,16.45600644235146,2175.975,medium
29,male,175,69,4152,1643.75,22.53061224489796,1972.5,medium
39,female,161,51,9247,1160.25,19.675166853130666,1798.3875,slow
50,female,159,55,9583,1132.75,21.75546853368142,1755.7625,slow
27,female,158,63,9184,1321.5,25.236340330075304,2048.3250000000003,medium
18,female,156,56,9409,1284.0,23.011176857330703,1990.2,medium
32,female,168,75,9124,1479.0,26.573129251700685,2292.4500000000003,fast
45,male,173,51,7148,1371.25,17.04032877810819,1885.46875,slow
21,male,173,82,8555,1801.25,27.39817568244846,2791.9375,fast
32,female,168,75,3202,1479.0,26.573129251700685,1774.8,slow
47,male,164,76,7186,1555.0,28.256989886972047,2138.125,medium
31,male,170,74,6825,1652.5,25.605536332179934,2272.1875,fast
24,male,167,68,8807,1608.75,24.38237297859371,2493.5625,fast
40,female,150,54,11216,1116.5,24.0,1925.9625,medium
29,male,170,45,3896,1372.5,15.570934256055365,1647.0,slow
36,female,164,58,10002,1264.0,21.564544913741823,2180.4,medium
56,female,150,75,7716,1246.5,33.333333333333336,1932.075,medium
26,male,166,83,3588,1742.5,30.120481927710845,2091.0,medium
31,female,157,86,4211,1525.25,34.889853543754306,1830.3,slow
44,female,170,65,5770,1331.5,22.49134948096886,1830.8125,slow
32,male,177,97,4277,1921.25,30.961728749720702,2305.5,fast
31,female,154,64,4385,1286.5,26.986001011975038,1543.8,slow
18,female,161,77,10748,1525.25,29.705644072373747,2631.05625,fast
36,male,172,82,7025,1720.0,27.717685235262305,2365.0,fast
34,female,150,64,9568,1246.5,28.444444444444443,1932.075,medium
29,female,161,53,8976,1230.25,20.446742023841672,1906.8875,slow
60,male,170,48,8170,1247.5,16.60899653979239,1933.625,medium
23,female,159,79,3146,1507.75,31.24876389383331,1809.3,slow
35,female,165,66,3425,1355.25,24.242424242424246,1626.3,slow
30,female,165,70,6243,1420.25,25.71166207529844,1952.84375,medium
45,male,168,95,8955,1780.0,33.6592970521542,2759.0,fast
27,male,166,90,7651,1807.5,32.660763536072004,2801.625,fast
28,male,170,97,5687,1897.5,33.564013840830455,2609.0625,fast
30,male,176,71,7652,1665.0,22.920971074380166,2580.75,fast
27,male,175,69,12183,1653.75,22.53061224489796,2852.71875,fast
34,male,166,74,4463,1612.5,26.854405574103644,1935.0,medium
36,male,179,67,4786,1613.75,20.91070815517618,1936.5,medium
23,male,173,70,2104,1671.25,23.38868655818771,2005.5,medium
45,female,157,88,7671,1475.25,35.70124548663232,2286.6375000000003,fast
21,female,150,69,6685,1361.5,30.666666666666668,1872.0625,slow
26,female,164,46,6863,1194.0,17.102914931588344,1641.75,slow
20,female,167,73,10547,1512.75,26.175194521137367,2609.49375,fast
27,male,176,68,3821,1650.0,21.952479338842977,1980.0,medium
23,male,167,72,11261,1653.75,25.816630212628635,2852.71875,fast
45,male,174,76,8406,1627.5,25.102391333069097,2522.625,fast
29,female,176,69,9193,1484.0,22.275309917355372,2300.2000000000003,fast
37,female,150,51,3972,1101.5,22.666666666666668,1321.8,slow
33,male,160,60,8820,1440.0,23.437499999999996,2232.0,medium
21,male,183,87,7624,1913.75,25.97867956642479,2966.3125,fast
44,female,168,53,8960,1199.0,18.77834467120182,1858.45,slow
36,female,162,56,7966,1231.5,21.338210638622158,1908.825,slow
33,female,150,65,7355,1261.5,28.88888888888889,1734.5625,slow
23,female,167,64,6926,1407.75,22.948115744558788,1935.65625,medium
32,female,161,66,9774,1345.25,25.461980633463213,2085.1375000000003,medium
19,female,150,75,11122,1431.5,33.333333333333336,2469.3375,fast
48,male,165,88,7613,1676.25,32.323232323232325,2598.1875,fast
42,female,160,62,8628,1249.0,24.218749999999996,1935.95,medium
46,male,175,61,8268,1478.75,19.918367346938776,2292.0625,fast
29,female,165,62,7649,1345.25,22.77318640955005,2085.1375000000003,medium
18,female,157,64,7582,1370.25,25.96454217209623,2123.8875000000003,medium
27,male,174,64,10134,1597.5,21.13885585942661,2755.6875,fast
30,female,156,55,8061,1214.0,22.600262984878366,1881.7,slow
24,male,162,49,4632,1387.5,18.670934308794386,1665.0,slow
18,female,164,66,13806,1434.0,24.538964901844146,2724.6,fast
18,female,163,59,4264,1357.75,22.20633068613798,1629.3,slow
19,female,157,84,7763,1565.25,34.0784616008763,2426.1375000000003,fast
27,female,163,64,5826,1362.75,24.088223117166624,1873.78125,slow
50,female,154,50,11073,1051.5,21.0828132906055,1813.8375,slow
30,female,158,65,6829,1326.5,26.037493991347535,1823.9375,slow
44,female,156,63,7860,1224.0,25.88757396449704,1897.2,slow
44,male,169,75,8358,1591.25,26.25958474843318,2466.4375,fast
18,male,176,65,6204,1665.0,20.983987603305785,2289.375,fast
35,female,155,53,6391,1162.75,22.060353798126947,1598.78125,slow
25,male,174,66,8075,1627.5,21.79944510503369,2522.625,fast
60,male,179,79,7689,1613.75,24.65590961580475,2501.3125,fast
47,male,176,76,8146,1630.0,24.535123966942148,2526.5,fast
48,male,168,68,6235,1495.0,24.092970521541954,2055.625,medium
27,male,165,72,7485,1621.25,26.44628099173554,2229.21875,medium
42,female,151,67,7364,1242.75,29.384676110696898,1708.78125,slow
22,female,157,64,6088,1350.25,25.96454217209623,1856.59375,slow
20,male,184,68,10010,1735.0,20.085066162570886,2992.875,fast
21,male,177,80,7680,1806.25,25.53544639152223,2799.6875,fast
29,female,165,59,9841,1315.25,21.6712580348944,2038.6375,medium
35,male,166,87,4146,1737.5,31.572071418202935,2085.0,medium
34,female,166,52,7818,1226.5,18.870663376397157,1901.075,slow
48,male,155,62,4554,1353.75,25.806451612903224,1624.5,slow
34,male,177,63,4610,1571.25,20.109164033323754,1885.5,slow
35,female,153,70,11478,1320.25,29.903028749626213,2277.43125,fast
24,male,185,97,7286,2011.25,28.341855368882392,2765.46875,fast
32,male,168,93,7740,1825.0,32.95068027210885,2828.75,fast
45,male,180,73,6848,1635.0,22.530864197530864,2248.125,medium
19,female,164,75,4085,1519.0,27.885187388459254,1822.8,slow
30,female,162,63,6753,1331.5,24.005486968449926,1830.8125,slow
23,female,162,45,9642,1186.5,17.146776406035663,1839.075,slow
36,female,150,61,11021,1206.5,27.11111111111111,2081.2125,medium
38,male,169,88,6741,1751.25,30.811246104828268,2407.96875,fast
36,male,177,56,4354,1491.25,17.87481247406556,1789.5,slow
20,female,155,48,2000,1187.75,19.979188345473464,1425.3,slow
46,male,159,88,9860,1648.75,34.80874965389027,2555.5625,fast
43,female,150,87,7692,1431.5,38.666666666666664,2218.8250000000003,medium
18,female,158,84,5524,1576.5,33.64845377343374,2167.6875,medium
32,male,175,92,9516,1858.75,30.040816326530614,2881.0625,fast
35,female,162,50,6166,1176.5,19.05197378448407,1617.6875,slow
18,male,156,77,8905,1660.0,31.640368178829714,2573.0,fast
31,male,158,77,8456,1607.5,30.844415958980928,2491.625,fast
46,female,157,59,5773,1180.25,23.93606231490121,1622.84375,slow
31,female,164,79,7375,1499.0,29.372397382510414,2061.125,medium
18,male,170,54,8266,1517.5,18.68512110726644,2352.125,fast
36,male,162,67,5433,1507.5,25.529644871208653,2072.8125,medium
44,female,161,82,4474,1445.25,31.634581999151262,1734.3,slow
25,female,153,45,7824,1120.25,19.223375624759708,1736.3875,slow
43,female,150,50,8994,1061.5,22.22222222222222,1645.325,slow
40,female,166,45,7663,1126.5,16.330381768036002,1746.075,slow
18,female,158,59,8463,1326.5,23.634033007530842,2056.0750000000003,medium
24,female,163,84,7057,1577.75,31.615792841281195,2169.40625,medium
36,female,164,70,8066,1384.0,26.026174895895306,2145.2000000000003,medium
41,male,175,78,10465,1673.75,25.46938775510204,2887.21875,fast
32,male,163,92,5109,1783.75,34.62682073092702,2452.65625,fast
48,female,150,100,7063,1536.5,44.44444444444444,2112.6875,medium
39,female,156,70,8454,1319.0,28.763971071663377,2044.45,medium
22,female,153,57,6467,1255.25,24.34960912469563,1725.96875,slow
42,female,160,64,5031,1269.0,24.999999999999996,1744.875,slow
33,female,163,73,5611,1422.75,27.475629493018182,1956.28125,medium
43,female,164,60,7314,1249.0,22.308149910767405,1717.375,slow
37,female,163,49,8971,1162.75,18.442545824080696,1802.2625,slow
34,male,166,82,2462,1692.5,29.757584555087824,2031.0,medium
38,female,156,55,3657,1174.0,22.600262984878366,1408.8,slow
27,male,162,100,2426,1882.5,38.10394756896814,2259.0,medium
34,female,150,70,5384,1306.5,31.11111111111111,1796.4375,slow
34,female,164,51,6089,1204.0,18.961927424152293,1655.5,slow
32,male,171,61,4554,1523.75,20.86111966075032,1828.5,slow
33,female,159,45,10254,1117.75,17.799928800284796,1928.11875,medium
26,female,171,53,8773,1307.75,18.125235115078144,2027.0125,medium
40,female,150,61,7608,1186.5,27.11111111111111,1839.075,slow
21,female,168,92,3570,1704.0,32.596371882086174,2044.8,medium
31,male,173,61,10214,1541.25,20.381569714992146,2658.65625,fast
34,male,174,74,4624,1662.5,24.441802087462015,1995.0,medium
24,male,178,45,3278,1447.5,14.202752177755334,1737.0,slow
33,male,169,83,8513,1726.25,29.060607121599386,2675.6875,fast
37,female,154,62,8017,1236.5,26.14268848035082,1916.575,slow
43,male,172,84,3662,1705.0,28.393726338561386,2046.0,medium
30,male,172,75,8016,1680.0,25.351541373715524,2604.0,fast
33,female,164,70,4661,1399.0,26.026174895895306,1678.8,slow
49,male,159,69,7115,1443.75,27.29322416043669,1985.15625,medium
32,male,178,77,11282,1727.5,24.302487059714682,2979.9375,fast
29,male,178,74,8611,1712.5,23.355636914530994,2654.375,fast
33,female,168,68,5861,1404.0,24.092970521541954,1930.5,medium
26,female,159,48,4723,1182.75,18.986590720303784,1419.3,slow
41,male,182,79,8890,1727.5,23.849776597029344,2677.625,fast
26,male,160,70,3226,1575.0,27.343749999999996,1890.0,slow
48,male,165,63,10712,1426.25,23.140495867768596,2460.28125,fast
44,male,169,64,2682,1481.25,22.40817898532965,1777.5,slow
28,female,160,52,7444,1219.0,20.312499999999996,1676.125,slow
34,female,150,56,6775,1166.5,24.88888888888889,1603.9375,slow
40,male,178,93,9127,1847.5,29.352354500694357,2863.625,fast
41,male,174,86,6627,1747.5,28.405337561104506,2402.8125,fast
42,female,162,74,5396,1381.5,28.19692120103642,1899.5625,slow
23,female,151,64,6551,1307.75,28.068944344546292,1798.15625,slow
42,female,161,62,4236,1255.25,23.9188302920412,1506.3,slow
23,male,172,70,4437,1665.0,23.661438615467823,1998.0,medium
25,male,176,81,8815,1790.0,26.149276859504134,2774.5,fast
24,female,155,69,9419,1377.75,28.720083246618103,2135.5125000000003,medium
37,female,163,64,5959,1312.75,24.088223117166624,1805.03125,slow
41,female,155,59,10749,1192.75,24.55775234131113,2057.49375,medium
26,female,159,71,8914,1412.75,28.084332107116012,2189.7625000000003,medium
37,male,160,68,7306,1500.0,26.562499999999996,2062.5,medium
45,male,155,81,11614,1558.75,33.71488033298647,2688.84375,fast
23,female,160,82,8792,1544.0,32.03124999999999,2393.2000000000003,fast
44,female,160,66,8899,1279.0,25.781249999999996,1982.45,medium
36,female,164,78,5293,1464.0,29.000594883997625,2013.0,medium
43,female,154,66,11395,1246.5,27.82931354359926,2150.2125,medium
39,male,167,83,11548,1683.75,29.760837606224676,2904.46875,fast
25,female,164,61,8043,1349.0,22.679952409280194,2090.9500000000003,medium
22,female,166,63,8561,1396.5,22.8625344752504,2164.5750000000003,medium
38,male,168,75,5098,1615.0,26.573129251700685,2220.625,medium
39,female,155,54,8222,1152.75,22.476586888657646,1786.7625,slow
59,male,171,79,7734,1568.75,27.01685988851271,2431.5625,fast
34,female,161,46,6120,1135.25,17.746228926353147,1560.96875,slow
36,male,172,70,6525,1600.0,23.661438615467823,2200.0,medium
29,male,172,57,12127,1505.0,19.2671714440238,2596.125,fast
34,female,154,53,7516,1161.5,22.34778208804183,1800.325,slow
31,male,172,86,9532,1785.0,29.069767441860467,2766.75,fast
30,male,159,90,6036,1748.75,35.59985760056959,2404.53125,fast
23,female,164,75,5291,1499.0,27.885187388459254,2061.125,medium
35,female,151,65,9102,1257.75,28.507521599929827,1949.5125,medium
33,female,160,52,6995,1194.0,20.312499999999996,1641.75,slow
32,male,177,69,11520,1641.25,22.024322512687924,2831.15625,fast
33,male,185,100,8318,1996.25,29.218407596785973,3094.1875,fast
40,female,160,45,11365,1089.0,17.578124999999996,1878.525,slow
30,male,170,91,9138,1827.5,31.487889273356405,2832.625,fast
52,male,173,69,6246,1516.25,23.054562464499313,2084.84375,medium
30,male,174,77,2000,1712.5,25.43268595587264,2055.0,medium
42,female,155,66,7017,1257.75,27.47138397502601,1729.40625,slow
37,male,167,68,7293,1543.75,24.38237297859371,2122.65625,medium
38,male,173,70,9079,1596.25,23.38868655818771,2474.1875,fast
24,female,151,73,6524,1392.75,32.01613964299811,1915.03125,slow
32,male,170,76,5099,1667.5,26.29757785467128,2292.8125,fast
35,female,163,45,8571,1132.75,16.937031879257784,1755.7625,slow
27,female,161,52,9687,1230.25,20.060954438486167,1906.8875,slow
41,male,175,61,7415,1503.75,19.918367346938776,2067.65625,medium
26,male,170,71,6918,1647.5,24.56747404844291,2265.3125,medium
39,male,170,79,5934,1662.5,27.33564013840831,2285.9375,fast
28,male,167,59,9197,1498.75,21.15529420201513,2323.0625,fast
48,female,150,85,9715,1386.5,37.77777777777778,2149.0750000000003,medium
18,female,151,58,9028,1272.75,25.437480812245077,1972.7625,medium
33,male,167,60,12154,1483.75,21.513858510523864,2559.46875,fast
43,male,177,53,6597,1426.25,16.917233234383477,1961.09375,medium
27,female,150,67,6004,1311.5,29.77777777777778,1803.3125,slow
37,male,174,85,5617,1757.5,28.075042938300964,2416.5625,fast
42,male,168,77,6518,1615.0,27.281746031746035,2220.625,medium
33,male,159,50,8775,1333.75,19.77769866698311,2067.3125,medium
30,female,168,54,8549,1279.0,19.13265306122449,1982.45,medium
30,female,163,65,9949,1357.75,24.46460160337235,2104.5125000000003,medium
32,female,150,82,12364,1436.5,36.44444444444444,2477.9625,fast
20,female,157,58,6790,1300.25,23.53036634346221,1787.84375,slow
57,female,159,68,4711,1227.75,26.897670187097027,1473.3,slow
34,male,165,74,11335,1606.25,27.180899908172638,2770.78125,fast
34,male,168,80,7566,1685.0,28.344671201814062,2611.75,fast
23,male,170,74,2939,1692.5,25.605536332179934,2031.0,medium
39,female,174,81,7121,1541.5,26.7538644470868,2119.5625,medium
22,male,187,78,8134,1843.75,22.305470559638533,2857.8125,fast
18,female,166,80,11259,1586.5,29.03178980984178,2736.7125,fast
39,female,166,58,3903,1261.5,21.04804761213529,1513.8,slow
40,male,180,62,6468,1550.0,19.1358024691358,2131.25,medium
53,male,181,54,9410,1411.25,16.483013339031164,2187.4375,medium
39,female,167,49,4011,1177.75,17.569651116927822,1413.3,slow
38,male,169,59,6758,1461.25,20.65754000210077,2009.21875,medium
51,female,162,67,6357,1266.5,25.529644871208653,1741.4375,slow
26,female,176,65,9079,1459.0,20.983987603305785,2261.4500000000003,medium
33,male,174,69,7062,1617.5,22.79032897344431,2224.0625,medium
40,male,174,88,8465,1772.5,29.065926806711587,2747.375,fast
46,female,176,62,13126,1329.0,20.015495867768596,2525.1,fast
36,female,156,65,11419,1284.0,26.709401709401707,2214.9,medium
20,female,161,52,3940,1265.25,20.060954438486167,1518.3,slow
47,male,184,62,10254,1540.0,18.312854442344044,2656.5,fast
45,male,158,99,10615,1757.5,39.65710623297548,3031.6875,fast
38,male,164,72,11793,1560.0,26.769779892920884,2691.0,fast
29,male,185,62,3355,1636.25,18.115412710007302,1963.5,medium
34,female,178,51,6427,1291.5,16.09645246812271,1775.8125,slow
50,male,161,75,9613,1511.25,28.93406890166274,2342.4375,fast
41,female,170,62,5413,1316.5,21.453287197231838,1810.1875,slow
49,male,170,46,6057,1282.5,15.91695501730104,1763.4375,slow
44,male,169,62,7305,1461.25,21.707923392038097,2009.21875,medium
24,female,152,68,2000,1349.0,29.43213296398892,1618.8,slow
28,male,168,76,9254,1675.0,26.92743764172336,2596.25,fast
28,male,169,63,8922,1551.25,22.058051188683873,2404.4375,fast
23,male,175,75,9089,1733.75,24.489795918367346,2687.3125,fast
60,female,162,65,4490,1201.5,24.76756591982929,1441.8,slow
39,female,154,61,6170,1216.5,25.72103221453871,1672.6875,slow
45,female,156,50,4834,1089.0,20.5456936226167,1306.8,slow
49,male,170,83,6919,1652.5,28.719723183391007,2272.1875,fast
39,female,161,61,10411,1260.25,23.533042706685695,2173.93125,medium
39,female,150,83,11290,1411.5,36.888888888888886,2434.8375,fast
44,female,161,51,10616,1135.25,19.675166853130666,1958.30625,medium
27,male,159,81,8382,1673.75,32.03987184051263,2594.3125,fast
27,male,172,76,9122,1705.0,25.689561925365066,2642.75,fast
22,female,165,72,6889,1480.25,26.44628099173554,2035.34375,medium
18,female,166,62,7666,1406.5,22.49963710262738,2180.0750000000003,medium
38,male,169,61,4845,1481.25,21.35779559539232,1777.5,slow
30,male,164,56,7162,1440.0,20.820939916716245,1980.0,medium
18,female,158,45,9131,1186.5,18.02595737862522,1839.075,slow
48,male,159,63,7764,1388.75,24.919900320398717,2152.5625,medium
50,female,158,60,8983,1176.5,24.034609838166958,1823.575,slow
29,male,169,70,12091,1616.25,24.508945765204302,2788.03125,fast
44,female,159,64,7890,1252.75,25.315454293738377,1941.7625,medium
40,female,168,45,9175,1139.0,15.94387755102041,1765.45,slow
32,male,164,67,12015,1540.0,24.910767400356935,2656.5,fast
38,female,156,50,5450,1124.0,20.5456936226167,1545.5,slow
48,male,161,61,8064,1381.25,23.533042706685695,2140.9375,medium
42,male,176,70,4680,1595.0,22.59814049586777,1914.0,slow
37,male,162,81,2019,1642.5,30.864197530864192,1971.0,medium
20,male,177,46,7702,1471.25,14.682881675125282,2280.4375,fast
40,female,157,58,10712,1200.25,23.53036634346221,2070.43125,medium
43,female,178,74,8029,1476.5,23.355636914530994,2288.5750000000003,fast
28,male,164,73,9702,1620.0,27.141582391433676,2511.0,fast
31,female,162,50,4677,1196.5,19.05197378448407,1435.8,slow
18,female,168,70,8391,1499.0,24.801587301587304,2323.4500000000003,fast
28,female,152,71,7661,1359.0,30.730609418282548,2106.4500000000003,medium
37,female,158,68,9705,1321.5,27.239224483255885,2048.3250000000003,medium
33,male,169,61,6629,1506.25,21.35779559539232,2071.09375,medium
23,female,153,73,9975,1410.25,31.184587124610193,2185.8875000000003,medium
18,female,159,91,8788,1652.75,35.99541157390926,2561.7625000000003,fast
47,male,177,78,5771,1656.25,24.897060231734173,2277.34375,fast
39,male,174,78,5712,1677.5,25.762980578676178,2306.5625,fast
39,female,164,66,3526,1329.0,24.538964901844146,1594.8,slow
23,female,154,45,9572,1136.5,18.974531961544947,1761.575,slow
34,male,171,91,13560,1813.75,31.120686707020965,3446.125,fast
39,male,171,67,10804,1548.75,22.91303307000445,2671.59375,fast
30,female,150,64,12941,1266.5,28.444444444444443,2406.35,fast
30,female,175,83,7858,1612.75,27.102040816326532,2499.7625000000003,fast
40,male,156,73,3568,1510.0,29.996712689020377,1812.0,slow
26,female,150,65,2850,1296.5,28.88888888888889,1555.8,slow
30,female,165,59,8749,1310.25,21.6712580348944,2030.8875,medium
31,female,170,59,5019,1336.5,20.41522491349481,1837.6875,slow
48,female,167,70,7736,1342.75,25.099501595611173,2081.2625000000003,medium
44,female,154,66,2978,1241.5,27.82931354359926,1489.8,slow
46,female,170,56,5824,1231.5,19.377162629757787,1693.3125,slow
34,female,175,52,8230,1282.75,16.979591836734695,1988.2625,medium
43,male,163,59,6898,1398.75,22.20633068613798,1923.28125,slow
18,male,169,55,7379,1521.25,19.257028815517668,2091.71875,medium
41,male,150,56,6555,1297.5,24.88888888888889,1784.0625,slow
39,male,169,69,7850,1556.25,24.158817968558527,2412.1875,fast
30,female,158,57,6044,1246.5,22.832879346258608,1713.9375,slow
18,female,156,54,9760,1264.0,22.189349112426033,1959.2,medium
27,female,156,61,5592,1289.0,25.06574621959237,1772.375,slow
38,male,171,78,4352,1663.75,26.674874320303687,1996.5,medium
32,female,156,66,7822,1314.0,27.12031558185404,2036.7,medium
33,female,168,54,9789,1264.0,19.13265306122449,1959.2,medium
33,female,167,79,10441,1507.75,28.326580372189753,2600.86875,fast
40,male,167,75,8832,1598.75,26.89232313815483,2478.0625,fast
33,female,153,90,2000,1530.25,38.446751249519416,1836.3,slow
39,female,165,65,5291,1325.25,23.875114784205696,1822.21875,slow
28,female,150,45,4975,1086.5,20.0,1303.8,slow
39,female,156,65,9458,1269.0,26.709401709401707,1966.95,medium
35,male,172,74,9885,1645.0,25.013520822065985,2549.75,fast
39,male,168,54,11323,1400.0,19.13265306122449,2415.0,fast
41,male,165,74,5994,1571.25,27.180899908172638,2160.46875,medium
18,male,181,81,9319,1856.25,24.724520008546747,2877.1875,fast
58,male,173,58,6810,1376.25,19.37919743392696,1892.34375,slow
27,female,162,49,8652,1206.5,18.670934308794386,1870.075,slow
39,male,167,74,5794,1593.75,26.533758829646096,2191.40625,medium
22,female,161,70,6336,1435.25,27.005130974885226,1973.46875,medium
41,male,169,77,2242,1626.25,26.959840341724732,1951.5,medium
37,male,170,58,8969,1462.5,20.06920415224914,2266.875,medium
34,male,180,51,7606,1470.0,15.74074074074074,2278.5,fast
18,female,164,52,6745,1294.0,19.333729922665082,1779.25,slow
37,male,184,67,9898,1640.0,19.78969754253308,2542.0,fast
37,female,150,57,7495,1161.5,25.333333333333332,1597.0625,slow
43,male,168,59,8386,1430.0,20.904195011337873,2216.5,medium
34,female,160,73,2000,1399.0,28.515624999999993,1678.8,slow
22,male,174,88,8511,1862.5,29.065926806711587,2886.875,fast
35,male,178,89,5581,1832.5,28.089887640449437,2519.6875,fast
34,female,160,45,12497,1119.0,17.578124999999996,1930.275,medium
53,male,177,57,9330,1416.25,18.194005553959588,2195.1875,medium
37,female,156,45,8694,1079.0,18.49112426035503,1672.45,slow
25,male,166,87,9892,1787.5,31.572071418202935,2770.625,fast
48,male,174,82,8964,1672.5,27.08415906989034,2592.375,fast
47,male,158,60,2000,1357.5,24.034609838166958,1629.0,slow
37,male,175,49,5822,1403.75,16.0,1930.15625,medium
35,female,166,68,9634,1381.5,24.677021338365513,2141.3250000000003,medium
40,female,166,74,7487,1416.5,26.854405574103644,1947.6875,medium
32,male,169,57,10556,1471.25,19.95728440880922,2537.90625,fast
18,female,167,91,6391,1702.75,32.62935207429452,2341.28125,fast
24,male,184,80,5690,1835.0,23.629489603024574,2523.125,fast
44,female,156,47,7797,1064.0,19.312952005259696,1649.2,slow
20,female,164,59,6151,1354.0,21.936347412254616,1861.75,slow
22,female,151,47,8789,1142.75,20.613131003026183,1771.2625,slow
43,female,170,71,8606,1396.5,24.56747404844291,2164.5750000000003,medium
25,female,159,55,6154,1257.75,21.75546853368142,1729.40625,slow
42,female,164,59,10744,1244.0,21.936347412254616,2145.9,medium
26,male,180,79,5576,1790.0,24.382716049382715,2461.25,fast
35,female,163,60,9089,1282.75,22.582709172343712,1988.2625,medium
41,male,164,57,10162,1395.0,21.192742415229034,2406.375,fast
56,male,159,71,7711,1428.75,28.084332107116012,2214.5625,medium
18,female,152,46,8163,1159.0,19.909972299168974,1796.45,slow
38,female,166,50,5127,1186.5,18.144868631151112,1631.4375,slow
26,female,168,70,5756,1459.0,24.801587301587304,2006.125,medium
41,female,159,45,8469,1077.75,17.799928800284796,1670.5125,slow
30,female,160,57,9710,1259.0,22.265624999999996,1951.45,medium
52,male,171,71,8574,1523.75,24.280975342840534,2361.8125,fast
18,female,154,55,5725,1261.5,23.19109461966605,1734.5625,slow
34,male,172,78,2000,1690.0,26.365603028664147,2028.0,medium
29,male,168,57,8687,1480.0,20.19557823129252,2294.0,fast
45,male,172,60,9327,1455.0,20.281233098972418,2255.25,medium
36,male,179,64,6879,1583.75,19.97440779001904,2177.65625,medium
33,male,161,67,6635,1516.25,25.847768218818715,2084.84375,medium
33,female,166,67,7133,1381.5,24.31412396574249,1899.5625,slow
26,female,180,62,8328,1454.0,19.1358024691358,2253.7000000000003,medium
40,male,178,67,9133,1587.5,21.146319909102385,2460.625,fast
36,female,150,67,6932,1266.5,29.77777777777778,1741.4375,slow
27,female,157,62,11603,1305.25,25.153150229218223,2251.55625,medium
34,male,168,59,9465,1475.0,20.904195011337873,2286.25,fast
43,male,160,58,8973,1370.0,22.656249999999996,2123.5,medium
40,female,150,73,4823,1306.5,32.44444444444444,1567.8,slow
20,male,178,50,3071,1517.5,15.780835753061481,1821.0,slow
33,male,178,61,8810,1562.5,19.252619618735007,2421.875,fast
34,male,167,71,9604,1588.75,25.458065904119906,2462.5625,fast
18,male,168,63,8742,1595.0,22.321428571428577,2472.25,fast
56,male,177,72,9072,1551.25,22.981901752370007,2404.4375,fast
28,female,152,69,8603,1339.0,29.864958448753463,2075.4500000000003,medium
30,male,158,57,12572,1412.5,22.832879346258608,2683.75,fast
45,male,175,71,8524,1583.75,23.183673469387756,2454.8125,fast
29,female,163,75,10666,1462.75,28.228386465429637,2523.24375,fast
29,male,184,90,2609,1910.0,26.583175803402646,2292.0,fast
33,female,150,56,5544,1171.5,24.88888888888889,1610.8125,slow
42,female,150,54,5049,1106.5,24.0,1521.4375,slow
43,female,156,47,10438,1069.0,19.312952005259696,1844.025,slow
18,female,169,66,6966,1465.25,23.1084345786212,2014.71875,medium
36,female,172,45,7514,1184.0,15.210924824229314,1835.2,slow
34,male,163,69,5617,1543.75,25.970115548195267,2122.65625,medium
23,female,158,80,7034,1511.5,32.046146450889275,2078.3125,medium
41,female,162,52,8379,1166.5,19.81405273586343,1808.075,slow
37,male,164,60,9069,1445.0,22.308149910767405,2239.75,medium
31,male,150,77,4726,1557.5,34.22222222222222,1869.0,slow
18,female,150,58,10077,1266.5,25.77777777777778,2184.7125,medium
39,female,169,60,3005,1300.25,21.007667798746546,1560.3,slow
26,female,158,48,11270,1176.5,19.227687870533565,2029.4625,medium
36,female,166,53,5069,1226.5,19.233560749020178,1686.4375,slow
18,male,168,59,4329,1555.0,20.904195011337873,1866.0,slow
26,female,180,45,7733,1284.0,13.888888888888888,1990.2,medium
34,male,176,81,8318,1745.0,26.149276859504134,2704.75,fast
45,male,173,45,7780,1311.25,15.035584215977813,2032.4375,medium
20,male,164,65,4793,1580.0,24.167162403331353,1896.0,slow
29,female,170,50,6247,1256.5,17.301038062283737,1727.6875,slow
30,female,163,56,10140,1267.75,21.077195227520797,2186.86875,medium
30,male,162,100,4000,1867.5,38.10394756896814,2241.0,medium
18,female,172,63,5511,1454.0,21.29529475392104,1999.25,medium
18,male,170,90,3857,1877.5,31.14186851211073,2253.0,medium
22,male,178,68,2379,1687.5,21.461936624163616,2025.0,medium
23,female,170,63,6904,1416.5,21.79930795847751,1947.6875,medium
43,female,166,65,11070,1311.5,23.588329220496444,2262.3375,medium
30,male,169,67,4780,1581.25,23.458562375266975,1897.5,slow
46,male,170,72,5384,1557.5,24.913494809688583,2141.5625,medium
20,female,162,59,4610,1341.5,22.481329065691202,1609.8,slow
30,male,168,97,8641,1875.0,34.367913832199555,2906.25,fast
39,female,162,69,9997,1346.5,26.291723822588015,2087.0750000000003,medium
18,male,185,94,11812,2011.25,27.465303140978815,3469.40625,fast
23,female,160,47,8408,1194.0,18.359374999999996,1850.7,slow
60,female,164,62,6161,1184.0,23.051754907792983,1628.0,slow
30,male,177,65,8042,1611.25,20.747550193111813,2497.4375,fast
34,female,160,55,8628,1219.0,21.484374999999996,1889.45,slow
33,female,160,66,4763,1334.0,25.781249999999996,1600.8,slow
42,male,152,64,9600,1385.0,27.700831024930746,2146.75,medium
43,female,150,66,11258,1221.5,29.333333333333332,2107.0875,medium
18,male,178,75,6232,1777.5,23.671253629592222,2444.0625,fast
44,male,168,59,10580,1425.0,20.904195011337873,2458.125,fast
33,female,150,45,7647,1061.5,20.0,1645.325,slow
34,female,165,51,2639,1210.25,18.73278236914601,1452.3,slow
43,male,163,52,5635,1328.75,19.57168128269788,1827.03125,slow
45,male,165,88,7271,1691.25,32.323232323232325,2325.46875,fast
49,male,166,85,5225,1647.5,30.84627667295689,2265.3125,medium
40,female,150,67,6853,1246.5,29.77777777777778,1713.9375,slow
28,male,176,79,3253,1755.0,25.50361570247934,2106.0,medium
28,male,174,70,10255,1652.5,23.120623596247853,2850.5625,fast
30,male,160,79,5190,1645.0,30.859374999999993,2261.875,medium
18,male,170,100,4157,1977.5,34.602076124567475,2373.0,fast
41,female,158,59,9560,1211.5,23.634033007530842,1877.825,slow
29,male,169,63,8670,1546.25,22.058051188683873,2396.6875,fast
31,male,162,91,6077,1772.5,34.67459228776101,2437.1875,fast
30,female,154,63,6954,1281.5,26.564344746162927,1762.0625,slow
27,female,156,71,7434,1389.0,29.17488494411571,1909.875,slow
19,male,178,87,3309,1892.5,27.458654210326976,2271.0,fast
32,male,166,75,3695,1632.5,27.21730294672667,1959.0,medium
44,male,187,72,10563,1673.75,20.58966513197403,2887.21875,fast
38,male,158,81,8947,1612.5,32.446723281525394,2499.375,fast
47,male,185,71,8394,1636.25,20.74506939371804,2536.1875,fast
20,female,155,58,8361,1287.75,24.141519250780433,1996.0125,medium
34,male,167,53,11249,1408.75,19.003908350962746,2430.09375,fast
38,female,156,63,4801,1254.0,25.88757396449704,1504.8,slow
37,female,154,48,10150,1096.5,20.23950075898128,1891.4625,slow
22,male,169,69,10090,1641.25,24.158817968558527,2831.15625,fast
34,male,154,85,8776,1647.5,35.84078259402935,2553.625,fast
18,female,161,69,9061,1445.25,26.61934338952972,2240.1375000000003,medium
36,female,161,67,5515,1335.25,25.847768218818715,1835.96875,slow
30,male,167,81,6401,1708.75,29.043708989207214,2349.53125,fast
27,female,174,58,7962,1371.5,19.157088122605362,2125.8250000000003,medium
47,male,173,76,5286,1611.25,25.393431120318084,2215.46875,medium
27,male,167,85,12265,1763.75,30.477966223242138,3042.46875,fast
30,male,159,73,7016,1578.75,28.875440053795337,2170.78125,medium
31,male,168,70,2720,1600.0,24.801587301587304,1920.0,slow
29,male,164,68,5030,1565.0,25.282569898869724,2151.875,medium
40,male,165,79,8201,1626.25,29.017447199265384,2520.6875,fast
34,female,165,55,4169,1250.25,20.202020202020204,1500.3,slow
31,female,164,61,6686,1319.0,22.679952409280194,1813.625,slow
39,female,159,52,4390,1157.75,20.56880661366243,1389.3,slow
37,female,159,79,7704,1437.75,31.24876389383331,2228.5125000000003,medium
21,female,162,57,8974,1316.5,21.719250114311837,2040.575,medium
37,male,155,77,5720,1558.75,32.04994797086368,2143.28125,medium
32,male,176,72,6284,1665.0,23.243801652892564,2289.375,fast
24,male,164,64,4285,1550.0,23.795359904818564,1860.0,slow
26,male,169,47,9205,1401.25,16.45600644235146,2171.9375,medium
32,female,151,45,9523,1072.75,19.735976492259113,1662.7625,slow
44,female,161,46,7996,1085.25,17.746228926353147,1682.1375,slow
29,female,155,67,3450,1332.75,27.887617065556707,1599.3,slow
55,male,169,72,8474,1506.25,25.209201358495854,2334.6875,fast
46,female,175,45,8917,1152.75,14.693877551020408,1786.7625,slow
26,male,166,48,2096,1392.5,17.419073885905068,1671.0,slow
46,male,165,56,10090,1366.25,20.569329660238754,2356.78125,fast
20,female,159,56,5061,1292.75,22.151022507021082,1777.53125,slow
28,female,165,67,5271,1400.25,24.609733700642796,1925.34375,medium
29,female,175,60,7065,1387.75,19.591836734693878,1908.15625,slow
48,male,170,76,9542,1587.5,26.29757785467128,2460.625,fast
25,female,154,76,5008,1436.5,32.04587620172036,1975.1875,medium
37,female,155,77,7554,1392.75,32.04994797086368,2158.7625000000003,medium
41,male,169,80,3436,1656.25,28.01022373166206,1987.5,medium
18,female,164,73,9756,1504.0,27.141582391433676,2331.2000000000003,fast
42,male,164,86,9540,1680.0,31.975014872099948,2604.0,fast
42,male,169,73,5537,1581.25,25.55932915514163,2174.21875,medium
25,female,165,61,5180,1355.25,22.4058769513315,1863.46875,slow
58,female,160,73,8847,1279.0,28.515624999999993,1982.45,medium
26,female,168,71,9083,1469.0,25.15589569160998,2276.9500000000003,fast
34,male,181,54,7269,1506.25,16.483013339031164,2071.09375,medium
27,female,157,58,8540,1265.25,23.53036634346221,1961.1375,medium
49,female,151,55,7885,1087.75,24.121749046094468,1686.0125,slow
29,female,158,53,7453,1211.5,21.230572023714146,1665.8125,slow
50,male,157,70,7498,1436.25,28.398718000730252,1974.84375,medium
30,female,156,73,8759,1394.0,29.996712689020377,2160.7000000000003,medium
26,female,160,49,6702,1199.0,19.140624999999996,1648.625,slow
30,male,173,47,12138,1406.25,15.703832403354605,2425.78125,fast
37,male,161,73,11874,1556.25,28.162493730951734,2684.53125,fast
49,female,156,55,10050,1119.0,22.600262984878366,1930.275,medium
34,male,175,78,9501,1708.75,25.46938775510204,2648.5625,fast
18,female,166,45,5083,1236.5,16.330381768036002,1700.1875,slow
44,female,157,47,8042,1070.25,19.067710657633167,1658.8875,slow
30,female,156,62,4881,1284.0,25.476660092044707,1540.8,slow
35,male,166,73,11067,1597.5,26.491508201480624,2755.6875,fast
42,female,157,92,9917,1530.25,37.32402937238833,2371.8875000000003,fast
39,female,159,60,7712,1237.75,23.73323840037973,1918.5125,slow
27,female,165,69,5075,1425.25,25.344352617079892,1959.71875,medium
39,male,164,69,13947,1525.0,25.654372397382513,2897.5,fast
31,male,163,73,8223,1598.75,27.475629493018182,2478.0625,fast
42,female,167,75,9628,1422.75,26.89232313815483,2205.2625000000003,medium
31,male,159,72,6493,1563.75,28.479886080455675,2150.15625,medium
48,male,175,67,3769,1528.75,21.877551020408163,1834.5,slow
24,male,169,52,4849,1461.25,18.20664542558034,1753.5,slow
36,male,168,74,12961,1615.0,26.218820861678008,3068.5,fast
31,female,150,62,5538,1241.5,27.555555555555557,1707.0625,slow
29,male,178,60,9838,1572.5,18.93700290367378,2437.375,fast
43,male,173,68,4708,1551.25,22.720438370810918,1861.5,slow
38,male,168,84,4317,1705.0,29.761904761904766,2046.0,medium
50,male,174,73,4931,1572.5,24.111507464658473,1887.0,slow
30,female,159,69,3023,1372.75,27.29322416043669,1647.3,slow
37,female,151,60,10928,1197.75,26.314635323012148,2066.11875,medium
41,female,159,55,5651,1177.75,21.75546853368142,1619.40625,slow
35,male,170,94,9358,1832.5,32.52595155709343,2840.375,fast
34,female,168,63,11561,1349.0,22.321428571428577,2327.025,fast
23,female,176,53,5569,1354.0,17.110020661157026,1861.75,slow
18,female,168,69,6859,1489.0,24.44727891156463,2047.375,medium
39,male,174,81,7252,1707.5,26.7538644470868,2347.8125,fast
33,female,174,45,2815,1211.5,14.863258026159334,1453.8,slow
44,female,170,68,5806,1361.5,23.529411764705884,1872.0625,slow
22,female,166,66,3457,1426.5,23.95122659311947,1711.8,slow
50,male,162,52,8018,1287.5,19.81405273586343,1995.625,medium
28,female,163,65,9396,1367.75,24.46460160337235,2120.0125000000003,medium
60,male,174,81,9446,1602.5,26.7538644470868,2483.875,fast
57,female,157,59,2119,1125.25,23.93606231490121,1350.3,slow
30,female,150,92,5765,1546.5,40.888888888888886,2126.4375,medium
30,female,162,51,4100,1211.5,19.43301326017375,1453.8,slow
44,male,171,78,8426,1633.75,26.674874320303687,2532.3125,fast
39,female,160,45,10953,1094.0,17.578124999999996,1887.15,slow
26,female,153,55,6185,1215.25,23.49523687470631,1670.96875,slow
53,female,168,61,5508,1234.0,21.612811791383223,1696.75,slow
41,female,158,65,7518,1271.5,26.037493991347535,1970.825,medium
31,male,167,83,6257,1723.75,29.760837606224676,2370.15625,fast
25,female,160,53,6919,1244.0,20.703124999999996,1710.5,slow
38,female,156,65,5242,1274.0,26.709401709401707,1751.75,slow
24,male,163,60,4033,1503.75,22.582709172343712,1804.5,slow
21,male,172,69,11156,1665.0,23.323418063818284,2872.125,fast
42,female,164,81,5267,1464.0,30.116002379535995,2013.0,medium
36,female,153,68,9293,1295.25,29.04865649963689,2007.6375,medium
47,male,175,72,10649,1583.75,23.510204081632654,2731.96875,fast
33,female,160,46,5640,1134.0,17.968749999999996,1559.25,slow
45,female,169,62,8309,1290.25,21.707923392038097,1999.8875,medium
43,male,160,76,6804,1550.0,29.687499999999993,2131.25,medium
41,male,164,95,5325,1775.0,35.32123735871506,2440.625,fast
40,female,156,70,12339,1314.0,28.763971071663377,2266.65,medium
26,male,168,61,2810,1535.0,21.612811791383223,1842.0,slow
37,female,165,67,7006,1355.25,24.609733700642796,1863.46875,slow
20,male,175,87,10085,1868.75,28.408163265306122,3223.59375,fast
28,female,161,60,14880,1305.25,23.147255121330193,2479.975,fast
44,male,170,60,7342,1447.5,20.761245674740486,1990.3125,medium
45,male,167,80,6435,1623.75,28.685144680698485,2232.65625,medium
37,male,176,52,6334,1440.0,16.787190082644628,1980.0,medium
35,female,164,66,3834,1349.0,24.538964901844146,1618.8,slow
37,female,167,75,5306,1447.75,26.89232313815483,1990.65625,medium
33,female,160,73,2174,1404.0,28.515624999999993,1684.8,slow
27,female,157,61,10795,1295.25,24.747454257779218,2234.30625,medium
32,female,162,51,8163,1201.5,19.43301326017375,1862.325,slow
43,female,159,48,7924,1097.75,18.986590720303784,1701.5125,slow
41,female,167,54,9023,1217.75,19.362472659471475,1887.5125,slow
27,female,152,71,9830,1364.0,30.730609418282548,2114.2000000000003,medium
30,male,167,64,7968,1538.75,22.948115744558788,2385.0625,fast
20,female,171,49,8968,1297.75,16.75729284224206,2011.5125,medium
45,male,158,70,4747,1467.5,28.040378144528116,1761.0,slow
46,male,190,61,8355,1572.5,16.897506925207757,2437.375,fast
30,male,175,55,10884,1498.75,17.959183673469386,2585.34375,fast
36,female,163,59,8762,1267.75,22.20633068613798,1965.0125,medium
30,male,160,81,5373,1665.0,31.640624999999993,2289.375,fast
33,male,162,78,9444,1632.5,29.721079103795148,2530.375,fast
53,female,159,79,3694,1357.75,31.24876389383331,1629.3,slow
26,male,164,59,6901,1490.0,21.936347412254616,2048.75,medium
29,female,159,82,7750,1507.75,32.4354258138523,2337.0125000000003,fast
49,female,154,52,9137,1076.5,21.926125822229718,1668.575,slow
43,female,156,59,6613,1189.0,24.243918474687703,1634.875,slow
20,male,171,45,6396,1423.75,15.389350569405973,1957.65625,medium
44,male,166,67,5317,1492.5,24.31412396574249,2052.1875,medium
43,male,156,72,11440,1485.0,29.585798816568044,2561.625,fast
35,male,170,74,3808,1632.5,25.605536332179934,1959.0,medium
41,male,170,66,12346,1522.5,22.837370242214536,2626.3125,fast
23,female,168,74,4896,1514.0,26.218820861678008,1816.8,slow
27,female,158,61,6024,1301.5,24.435186668803073,1789.5625,slow
29,male,177,84,3716,1806.25,26.812218711098343,2167.5,medium
33,male,177,50,14848,1446.25,15.959653994701394,2747.875,fast
31,female,164,58,6846,1289.0,21.564544913741823,1772.375,slow
39,female,166,69,7758,1371.5,25.039918710988534,2125.8250000000003,medium
24,male,168,78,12224,1715.0,27.636054421768712,2958.375,fast
42,female,155,57,8793,1167.75,23.725286160249738,1810.0125,slow
24,female,158,70,10092,1406.5,28.040378144528116,2426.2125,fast
32,male,167,59,8744,1478.75,21.15529420201513,2292.0625,fast
18,female,151,64,10317,1332.75,28.068944344546292,2298.99375,fast
18,male,165,45,4422,1396.25,16.528925619834713,1675.5,slow
51,male,156,86,10481,1585.0,35.33859303090072,2734.125,fast
19,female,164,56,8525,1329.0,20.820939916716245,2059.9500000000003,medium
21,male,165,50,8681,1431.25,18.36547291092746,2218.4375,medium
41,male,160,92,5620,1720.0,35.93749999999999,2365.0,fast
32,male,164,71,6544,1580.0,26.397977394408095,2172.5,medium
28,male,173,59,8804,1536.25,19.713321527615356,2381.1875,fast
43,male,166,78,11832,1607.5,28.305995064595734,2772.9375,fast
26,male,167,88,10406,1798.75,31.553659148768332,3102.84375,fast
38,male,174,66,6171,1562.5,21.79944510503369,2148.4375,medium
29,female,157,57,8120,1245.25,23.124670372023203,1930.1375,medium
42,male,155,75,8529,1513.75,31.217481789802285,2346.3125,fast
50,female,160,54,7261,1129.0,21.093749999999996,1552.375,slow
37,female,168,62,7700,1324.0,21.9671201814059,2052.2000000000003,medium
37,female,170,66,6843,1376.5,22.837370242214536,1892.6875,slow
58,female,150,52,12936,1006.5,23.11111111111111,1912.35,slow
18,male,169,78,7967,1751.25,27.309968138370508,2714.4375,fast
18,female,156,55,5018,1274.0,22.600262984878366,1751.75,slow
21,female,162,67,2000,1416.5,25.529644871208653,1699.8,slow
60,male,167,75,10759,1498.75,26.89232313815483,2585.34375,fast
29,male,180,89,5375,1875.0,27.469135802469133,2578.125,fast
34,male,164,62,5437,1480.0,23.051754907792983,2035.0,medium
32,male,165,95,7740,1826.25,34.894398530762174,2830.6875,fast
20,male,173,70,6045,1686.25,23.38868655818771,2318.59375,fast
38,male,166,72,4952,1572.5,26.1286108288576,1887.0,slow
26,female,164,67,12063,1404.0,24.910767400356935,2421.9,fast
21,female,163,55,6637,1302.75,20.70081674131507,1791.28125,slow
31,female,161,60,7539,1290.25,23.147255121330193,1999.8875,medium
27,male,170,87,10457,1802.5,30.103806228373706,3109.3125,fast
43,female,150,45,7818,1011.5,20.0,1567.825,slow
32,male,176,93,5458,1875.0,30.023243801652892,2578.125,fast
47,male,169,65,9273,1476.25,22.758306781975424,2288.1875,fast
27,female,150,71,4738,1351.5,31.555555555555557,1621.8,slow
18,female,157,67,11392,1400.25,27.18163008641324,2415.43125,fast
36,female,150,73,6440,1326.5,32.44444444444444,1823.9375,slow
41,female,150,59,8340,1161.5,26.22222222222222,1800.325,slow
27,male,167,78,7370,1693.75,27.968016063681024,2328.90625,fast
41,male,169,71,11876,1566.25,24.859073561850078,2701.78125,fast
31,female,156,68,10104,1339.0,27.94214332675871,2309.775,fast
46,male,177,47,6691,1351.25,15.00207475501931,1857.96875,slow
31,female,151,64,7371,1267.75,28.068944344546292,1743.15625,slow
25,female,161,79,7951,1510.25,30.477219243084754,2340.8875000000003,fast
29,female,158,57,9220,1251.5,22.832879346258608,1939.825,medium
18,female,168,79,8987,1589.0,27.99036281179139,2462.9500000000003,fast
42,male,168,70,7359,1545.0,24.801587301587304,2124.375,medium
18,female,167,54,6864,1332.75,19.362472659471475,1832.53125,slow
54,female,161,66,4637,1235.25,25.461980633463213,1482.3,slow
32,female,177,67,8958,1455.25,21.38593635289987,2255.6375000000003,medium
41,male,161,84,10908,1646.25,32.40615716986227,2839.78125,fast
46,female,165,71,6513,1350.25,26.07897153351699,1856.59375,slow
34,male,165,60,3207,1466.25,22.03856749311295,1759.5,slow
28,female,155,79,3647,1457.75,32.882414151925076,1749.3,slow
41,male,174,83,7796,1717.5,27.414453692693883,2662.125,fast
27,female,153,52,4374,1180.25,22.21367849972233,1416.3,slow
43,male,159,59,9205,1373.75,23.337684427040067,2129.3125,medium
49,female,159,61,8019,1197.75,24.128792373719392,1856.5125,slow
30,female,167,47,7640,1202.75,16.85252249991036,1864.2625,slow
38,male,163,82,7622,1653.75,30.863035868869737,2563.3125,fast
18,female,154,70,6423,1411.5,29.515938606847698,1940.8125,medium
26,female,161,70,9809,1415.25,27.005130974885226,2193.6375000000003,medium
39,female,158,61,5929,1241.5,24.435186668803073,1707.0625,slow
18,male,177,66,6748,1681.25,21.06674327300584,2311.71875,fast
42,male,178,79,8247,1697.5,24.933720489837143,2631.125,fast
38,female,150,74,15000,1326.5,32.888888888888886,2520.35,fast
39,male,166,58,6249,1427.5,21.04804761213529,1962.8125,medium
49,male,165,73,10218,1521.25,26.813590449954088,2624.15625,fast
56,male,163,65,10304,1393.75,24.46460160337235,2404.21875,fast
45,male,174,74,6493,1607.5,24.441802087462015,2210.3125,medium
27,male,166,63,9218,1537.5,22.8625344752504,2383.125,fast
26,male,171,69,8720,1633.75,23.59700420642249,2532.3125,fast
21,female,162,72,8882,1466.5,27.43484224965706,2273.0750000000003,fast
38,male,167,81,6361,1668.75,29.043708989207214,2294.53125,fast
32,male,181,51,4453,1486.25,15.567290375751655,1783.5,slow
37,male,169,63,10600,1506.25,22.058051188683873,2598.28125,fast
38,female,152,80,6809,1399.0,34.62603878116344,1923.625,slow
26,female,161,85,8691,1565.25,32.79194475521777,2426.1375000000003,fast
42,female,159,65,3277,1272.75,25.71100826707804,1527.3,slow
39,male,175,62,3668,1523.75,20.244897959183675,1828.5,slow
42,male,174,54,12071,1422.5,17.8359096313912,2453.8125,fast
31,female,157,77,9454,1435.25,31.238589800803275,2224.6375000000003,medium
27,female,159,62,11717,1317.75,24.524346347059055,2273.11875,fast
19,female,150,68,6008,1361.5,30.22222222222222,1872.0625,slow
20,male,172,73,7811,1710.0,24.675500270416443,2650.5,fast
27,female,165,56,10349,1295.25,20.569329660238754,2234.30625,medium
27,male,172,67,5156,1615.0,22.647376960519203,2220.625,medium
21,male,161,79,5966,1696.25,30.477219243084754,2332.34375,fast
25,female,158,67,2000,1371.5,26.83864765261977,1645.8,slow
40,female,167,45,6514,1132.75,16.1353938828929,1557.53125,slow
31,male,169,78,5160,1686.25,27.309968138370508,2318.59375,fast
42,female,157,53,7503,1140.25,21.50188648626719,1767.3875,slow
34,male,175,72,8825,1648.75,23.510204081632654,2555.5625,fast
46,male,174,80,9796,1662.5,26.42356982428326,2576.875,fast
26,male,182,93,4637,1942.5,28.076319285110493,2331.0,fast
28,male,178,76,8289,1737.5,23.98687034465345,2693.125,fast
38,male,182,71,3436,1662.5,21.434609346697258,1995.0,medium
28,female,160,63,6348,1329.0,24.609374999999996,1827.375,slow
39,female,158,48,12549,1111.5,19.227687870533565,2111.85,medium
54,male,168,82,13231,1605.0,29.053287981859416,3049.5,fast
18,female,154,73,7445,1441.5,30.78090740428403,1982.0625,medium
34,male,177,59,11614,1531.25,18.832391713747644,2641.40625,fast
21,male,164,81,5457,1735.0,30.116002379535995,2385.625,fast
40,female,159,45,11036,1082.75,17.799928800284796,1867.74375,slow
39,male,163,68,6242,1508.75,25.59373706198954,2074.53125,medium
22,male,160,77,9945,1665.0,30.078124999999993,2580.75,fast
57,female,168,55,12631,1154.0,19.48696145124717,2192.6,medium
20,male,169,69,10889,1651.25,24.158817968558527,2848.40625,fast
18,male,174,45,8647,1452.5,14.863258026159334,2251.375,medium
30,male,169,71,6945,1621.25,24.859073561850078,2229.21875,medium
24,female,150,73,11658,1386.5,32.44444444444444,2391.7125,fast
29,male,168,83,5892,1740.0,29.40759637188209,2392.5,fast
28,female,157,55,6270,1230.25,22.313278429145196,1691.59375,slow
54,female,157,67,6789,1220.25,27.18163008641324,1677.84375,slow
44,female,156,60,8895,1194.0,24.654832347140037,1850.7,slow
30,female,159,80,4799,1482.75,31.644317867172973,1779.3,slow
18,male,170,66,8399,1637.5,22.837370242214536,2538.125,fast
42,male,157,78,3508,1556.25,31.64428577224228,1867.5,slow
31,male,172,45,9225,1375.0,15.210924824229314,2131.25,medium
27,male,170,75,8557,1682.5,25.95155709342561,2607.875,fast
41,female,156,74,6141,1349.0,30.407626561472714,1854.875,slow
32,female,154,56,5673,1201.5,23.61275088547816,1652.0625,slow
29,male,172,86,9075,1795.0,29.069767441860467,2782.25,fast
39,male,168,65,9839,1510.0,23.030045351473927,2340.5,fast
23,male,162,77,6337,1672.5,29.340039628105465,2299.6875,fast
45,female,165,61,12979,1255.25,22.4058769513315,2384.975,fast
22,male,169,55,8815,1501.25,19.257028815517668,2326.9375,fast
41,male,172,66,14173,1535.0,22.30935640886966,2916.5,fast
36,male,173,79,7945,1696.25,26.395803401383272,2629.1875,fast
42,female,155,68,11546,1277.75,28.303850156087407,2204.11875,medium
21,female,158,53,5871,1251.5,21.230572023714146,1720.8125,slow
32,male,174,74,5642,1672.5,24.441802087462015,2299.6875,fast
31,female,168,75,8433,1484.0,26.573129251700685,2300.2000000000003,fast
27,female,162,68,9737,1396.5,25.910684346898332,2164.5750000000003,medium
32,female,150,62,7801,1236.5,27.555555555555557,1916.575,slow
24,male,172,73,10805,1690.0,24.675500270416443,2915.25,fast
38,male,171,56,5264,1443.75,19.15119181970521,1985.15625,medium
31,male,163,89,6811,1758.75,33.49768527230984,2418.28125,fast
37,male,179,69,10140,1628.75,21.534908398614277,2809.59375,fast
50,male,174,73,10331,1572.5,24.111507464658473,2712.5625,fast
23,male,169,85,9315,1796.25,29.76086271489094,2784.1875,fast
36,male,171,77,4413,1663.75,26.332888752094664,1996.5,medium
38,female,165,56,7389,1240.25,20.569329660238754,1705.34375,slow
33,male,180,84,7841,1805.0,25.925925925925924,2797.75,fast
39,male,170,47,6926,1342.5,16.262975778546714,1845.9375,slow
26,male,172,75,10636,1700.0,25.351541373715524,2932.5,fast
39,female,153,70,11771,1300.25,29.903028749626213,2242.93125,medium
39,female,162,74,6870,1396.5,28.19692120103642,1920.1875,slow
48,male,163,53,9832,1313.75,19.94805976890361,2036.3125,medium
45,male,167,66,7480,1483.75,23.66524436157625,2040.15625,medium
39,female,152,73,9747,1324.0,31.596260387811633,2052.2000000000003,medium
46,male,169,74,6832,1571.25,25.909456951787405,2160.46875,medium
40,male,167,83,7725,1678.75,29.760837606224676,2602.0625,fast
30,male,176,66,7391,1615.0,21.306818181818183,2220.625,medium
34,male,174,90,7480,1822.5,29.72651605231867,2505.9375,fast
40,female,170,58,6686,1281.5,20.06920415224914,1762.0625,slow
40,female,175,70,5824,1432.75,22.857142857142858,1970.03125,medium
29,male,175,83,12836,1783.75,27.102040816326532,3389.125,fast
23,male,173,75,8076,1721.25,25.05930702662969,2667.9375,fast
35,male,174,55,5252,1467.5,18.166204254194742,2017.8125,medium
34,female,153,91,7892,1535.25,38.87393737451408,2379.6375000000003,fast
29,male,166,67,9036,1567.5,24.31412396574249,2429.625,fast
25,female,155,62,8918,1302.75,25.806451612903224,2019.2625,medium
49,female,160,45,9752,1044.0,17.578124999999996,1618.2,slow
28,male,172,78,9816,1720.0,26.365603028664147,2666.0,fast
39,male,173,45,5287,1341.25,15.035584215977813,1844.21875,slow
18,female,158,67,5233,1406.5,26.83864765261977,1933.9375,medium
29,male,154,69,9610,1512.5,29.094282341035587,2344.375,fast
36,female,150,68,8353,1276.5,30.22222222222222,1978.575,medium
33,male,171,90,7033,1808.75,30.778701138811947,2487.03125,fast
32,female,160,62,5607,1299.0,24.218749999999996,1786.125,slow
30,female,158,67,8894,1346.5,26.83864765261977,2087.0750000000003,medium
35,female,162,58,8137,1256.5,22.10028959000152,1947.575,medium
42,male,176,71,8247,1605.0,22.920971074380166,2487.75,fast
43,female,165,45,7814,1105.25,16.528925619834713,1713.1375,slow
31,male,164,52,7111,1395.0,19.333729922665082,1918.125,slow
31,female,166,45,6395,1171.5,16.330381768036002,1610.8125,slow
30,male,167,65,2186,1548.75,23.306680053067517,1858.5,slow
47,female,151,64,10794,1187.75,28.068944344546292,2048.86875,medium
34,female,177,55,6572,1325.25,17.555619394171533,1822.21875,slow
42,male,176,75,8534,1645.0,24.212293388429753,2549.75,fast
54,female,166,45,9078,1056.5,16.330381768036002,1637.575,slow
44,male,178,72,8276,1617.5,22.724403484408533,2507.125,fast
36,male,176,62,9799,1545.0,20.015495867768596,2394.75,fast
20,male,168,89,12407,1845.0,31.533446712018144,3182.625,fast
35,male,168,52,6428,1400.0,18.42403628117914,1925.0,medium
22,female,168,45,7697,1229.0,15.94387755102041,1904.95,slow
23,male,172,87,8446,1835.0,29.40778799351001,2844.25,fast
31,male,178,61,13057,1572.5,19.252619618735007,2987.75,fast
28,female,157,61,7488,1290.25,24.747454257779218,1774.09375,slow
32,male,169,82,8804,1721.25,28.71047932495361,2667.9375,fast
31,male,171,75,9615,1668.75,25.64891761567662,2586.5625,fast
22,male,177,76,6459,1761.25,24.258674071946118,2421.71875,fast
18,female,167,74,7861,1532.75,26.533758829646096,2375.7625000000003,fast
52,male,160,56,9898,1305.0,21.874999999999996,2022.75,medium
30,female,150,55,5225,1176.5,24.444444444444443,1617.6875,slow
32,female,166,55,9503,1266.5,19.959355494266223,1963.075,medium
33,female,155,59,3640,1232.75,24.55775234131113,1479.3,slow
26,male,163,45,7337,1343.75,16.937031879257784,1847.65625,slow
42,female,150,45,11545,1016.5,20.0,1753.4625,slow
28,female,161,62,7581,1325.25,23.9188302920412,2054.1375000000003,medium
43,female,150,50,6936,1061.5,22.22222222222222,1459.5625,slow
39,male,163,65,8655,1478.75,24.46460160337235,2292.0625,fast
22,female,154,83,9858,1521.5,34.99747006240513,2358.3250000000003,fast
23,female,155,75,5276,1442.75,31.217481789802285,1983.78125,medium
34,female,152,64,7198,1259.0,27.700831024930746,1731.125,slow
34,female,165,83,8204,1530.25,30.48668503213958,2371.8875000000003,fast
39,male,161,68,10046,1496.25,26.23355580417422,2581.03125,fast
38,male,165,45,8929,1296.25,16.528925619834713,2009.1875,medium
23,female,155,59,3725,1282.75,24.55775234131113,1539.3,slow
38,male,174,73,6210,1632.5,24.111507464658473,2244.6875,medium
29,male,173,76,10243,1701.25,25.393431120318084,2934.65625,fast
26,female,156,52,9416,1204.0,21.367521367521366,1866.2,slow
23,female,160,45,4821,1174.0,17.578124999999996,1408.8,slow
27,female,154,74,8615,1406.5,31.20256367009614,2180.0750000000003,medium
22,male,167,80,9946,1738.75,28.685144680698485,2695.0625,fast
34,female,155,60,6184,1237.75,24.97398543184183,1701.90625,slow
21,male,183,74,6411,1783.75,22.096807907073963,2452.65625,fast
44,male,174,68,6695,1552.5,22.460034350640772,2134.6875,medium
19,female,158,69,10664,1421.5,27.639801313892,2452.0875,fast
39,female,160,53,4710,1174.0,20.703124999999996,1408.8,slow
26,female,169,64,5705,1405.25,22.40817898532965,1932.21875,medium
28,female,164,64,5550,1364.0,23.795359904818564,1875.5,slow
47,female,160,55,3903,1154.0,21.484374999999996,1384.8,slow
28,male,169,73,6276,1651.25,25.55932915514163,2270.46875,fast
34,female,157,61,9044,1260.25,24.747454257779218,1953.3875,medium
45,female,165,57,12147,1215.25,20.936639118457304,2096.30625,medium
38,male,165,71,4126,1556.25,26.07897153351699,1867.5,slow
29,female,161,45,5547,1150.25,17.360441340997646,1581.59375,slow
30,female,159,67,5672,1352.75,26.502116213757365,1860.03125,slow
39,female,161,79,9555,1440.25,30.477219243084754,2232.3875000000003,medium
20,male,182,67,6165,1712.5,20.227025721531216,2354.6875,fast
37,female,150,66,8161,1251.5,29.333333333333332,1939.825,medium
36,male,174,70,10583,1612.5,23.120623596247853,2781.5625,fast
38,male,156,93,6295,1720.0,38.21499013806706,2365.0,fast
27,male,158,77,8307,1627.5,30.844415958980928,2522.625,fast
43,male,181,78,7506,1701.25,23.808797045267237,2636.9375,fast
60,male,169,66,10695,1421.25,23.1084345786212,2451.65625,fast
33,male,180,76,9675,1725.0,23.456790123456788,2673.75,fast
51,male,181,75,9147,1631.25,22.89307408198773,2528.4375,fast
39,male,166,76,2684,1607.5,27.58020031934969,1929.0,medium
33,female,169,55,5385,1280.25,19.257028815517668,1760.34375,slow
29,female,179,54,4654,1352.75,16.853406572828565,1623.3,slow
25,female,156,69,11232,1379.0,28.353057199211044,2378.775,fast
18,female,160,45,3932,1199.0,17.578124999999996,1438.8,slow
45,male,179,64,11948,1538.75,19.97440779001904,2654.34375,fast
38,male,163,78,2069,1613.75,29.357521924046825,1936.5,medium
39,male,157,78,7255,1571.25,31.64428577224228,2160.46875,medium
29,female,157,54,7619,1215.25,21.907582457706194,1883.6375,slow
43,female,167,62,2000,1287.75,22.230987127541326,1545.3,slow
32,female,164,64,8739,1344.0,23.795359904818564,2083.2000000000003,medium
40,male,162,82,4723,1637.5,31.24523700655387,1965.0,medium
24,female,161,74,3982,1465.25,28.54828131630724,1758.3,slow
44,female,157,61,5381,1210.25,24.747454257779218,1664.09375,slow
24,male,165,83,7930,1746.25,30.48668503213958,2706.6875,fast
24,female,167,49,6119,1252.75,17.569651116927822,1722.53125,slow
21,male,178,82,10075,1832.5,25.88057063502083,3161.0625,fast
38,male,171,65,9567,1533.75,22.229061933586404,2377.3125,fast
31,female,155,68,7286,1332.75,28.303850156087407,1832.53125,slow
18,male,169,100,6341,1971.25,35.01277966457757,2710.46875,fast
41,female,163,76,2000,1412.75,28.604764951635367,1695.3,slow
42,female,159,45,10415,1072.75,17.799928800284796,1850.49375,slow
22,male,173,56,3054,1536.25,18.710949246550168,1843.5,slow
28,male,181,72,4275,1716.25,21.97735111870822,2059.5,medium
47,male,171,67,10690,1508.75,22.91303307000445,2602.59375,fast
36,male,174,84,12133,1752.5,27.74474831549742,3023.0625,fast
48,male,178,70,4488,1577.5,22.093170054286073,1893.0,slow
37,male,167,88,5523,1743.75,31.553659148768332,2397.65625,fast
38,female,162,55,6611,1211.5,20.957171162932475,1665.8125,slow
41,female,150,76,9729,1331.5,33.77777777777778,2063.8250000000003,medium
33,male,167,79,5329,1673.75,28.326580372189753,2301.40625,fast
28,female,155,72,5310,1387.75,29.968782518210194,1908.15625,slow
40,male,166,64,4723,1482.5,23.225431847873423,1779.0,slow
39,female,158,72,6230,1351.5,28.841531805800347,1858.3125,slow
18,female,154,62,11638,1331.5,26.14268848035082,2296.8375,fast
23,male,161,85,10720,1746.25,32.79194475521777,3012.28125,fast
19,female,158,61,4731,1341.5,24.435186668803073,1609.8,slow
42,female,153,65,9157,1235.25,27.76709812465291,1914.6375,slow
36,female,156,60,7392,1234.0,24.654832347140037,1696.75,slow
40,female,150,62,6635,1196.5,27.555555555555557,1645.1875,slow
26,male,181,59,6578,1596.25,18.009218277830346,2194.84375,medium
25,male,165,62,2826,1531.25,22.77318640955005,1837.5,slow
18,female,156,48,8904,1204.0,19.72386587771203,1866.2,slow
27,male,173,86,8391,1811.25,28.734672057202044,2807.4375,fast
33,male,169,67,5646,1566.25,23.458562375266975,2153.59375,medium
40,female,165,50,4116,1170.25,18.36547291092746,1404.3,slow
40,female,150,49,11696,1066.5,21.77777777777778,1839.7125,slow
35,male,160,75,6764,1580.0,29.296874999999993,2172.5,medium
27,male,169,73,7129,1656.25,25.55932915514163,2277.34375,fast
38,male,156,76,7284,1550.0,31.22945430637738,2131.25,medium
36,female,157,77,7204,1410.25,31.238589800803275,1939.09375,medium
25,male,165,78,9338,1691.25,28.650137741046834,2621.4375,fast
30,female,152,52,9911,1159.0,22.506925207756233,1796.45,slow
47,female,152,72,12550,1274.0,31.16343490304709,2420.6,fast
26,female,150,45,9082,1096.5,20.0,1699.575,slow
54,female,162,47,4688,1051.5,17.908855357415025,1261.8,slow
49,female,169,72,7583,1370.25,25.209201358495854,2123.8875000000003,medium
47,female,165,68,7272,1315.25,24.977043158861342,1808.46875,slow
29,female,161,50,9763,1200.25,19.28937926777516,1860.3875,slow
53,male,173,77,8627,1591.25,25.727555214006482,2466.4375,fast
24,female,157,76,6798,1460.25,30.832893829364274,2007.84375,medium
26,male,168,80,9490,1725.0,28.344671201814062,2673.75,fast
49,male,164,77,7285,1555.0,28.628792385484836,2138.125,medium
45,male,165,78,7159,1591.25,28.650137741046834,2187.96875,medium
56,female,162,65,5833,1221.5,24.76756591982929,1679.5625,slow
33,male,157,82,7292,1641.25,33.26706965799829,2256.71875,medium
29,male,150,72,2954,1517.5,32.0,1821.0,slow
29,male,168,52,9189,1430.0,18.42403628117914,2216.5,medium
20,female,167,53,5939,1312.75,19.003908350962746,1805.03125,slow
36,male,174,61,9288,1522.5,20.147971991015986,2359.875,fast
44,male,159,70,7174,1478.75,27.688778133776353,2033.28125,medium
37,female,158,45,4660,1091.5,18.02595737862522,1309.8,slow
38,male,164,81,6308,1650.0,30.116002379535995,2268.75,medium
60,male,171,82,8286,1593.75,28.042816593139772,2470.3125,fast
36,male,177,45,4155,1381.25,14.363688595231254,1657.5,slow
39,male,167,45,8656,1303.75,16.1353938828929,2020.8125,medium
34,male,171,70,5766,1603.75,23.938989774631512,2205.15625,medium
55,male,175,72,6288,1543.75,23.510204081632654,2122.65625,medium
24,female,150,55,9381,1206.5,24.444444444444443,1870.075,slow
31,female,156,64,6053,1299.0,26.298487836949374,1786.125,slow
18,female,162,53,10466,1291.5,20.195092211553114,2227.8375,medium
26,female,152,56,2000,1219.0,24.238227146814403,1462.8,slow
24,female,158,58,9068,1286.5,23.233456176894723,1994.075,medium
18,male,179,60,9143,1633.75,18.726007303142847,2532.3125,fast
31,male,160,86,8751,1710.0,33.59374999999999,2650.5,fast
27,male,175,85,9934,1813.75,27.755102040816325,2811.3125,fast
33,female,153,55,8463,1180.25,23.49523687470631,1829.3875,slow
43,male,163,81,8290,1618.75,30.48665738266401,2509.0625,fast
40,male,166,71,3034,1552.5,25.76571345623458,1863.0,slow
19,female,163,67,7895,1432.75,25.21735857578381,2220.7625000000003,medium
19,male,186,65,2000,1722.5,18.78829922534397,2067.0,medium
25,male,161,73,8078,1616.25,28.162493730951734,2505.1875,fast
36,male,174,81,8889,1722.5,26.7538644470868,2669.875,fast
34,male,165,78,8863,1646.25,28.650137741046834,2551.6875,fast
37,male,168,56,8008,1430.0,19.841269841269845,2216.5,medium
29,female,158,85,6638,1531.5,34.049030604069856,2105.8125,medium
24,female,152,54,8343,1209.0,23.372576177285318,1873.95,slow
37,male,167,50,4700,1363.75,17.92821542543655,1636.5,slow
39,female,160,58,10616,1224.0,22.656249999999996,2111.4,medium
26,male,167,100,9072,1918.75,35.8564308508731,2974.0625,fast
58,female,156,73,5851,1254.0,29.996712689020377,1724.25,slow
18,male,159,82,6958,1728.75,32.4354258138523,2377.03125,fast
25,female,158,56,4186,1261.5,22.432302515622492,1513.8,slow
36,female,163,65,6319,1327.75,24.46460160337235,1825.65625,slow
52,female,169,54,4707,1175.25,18.906901018871892,1410.3,slow
41,female,159,80,8458,1427.75,31.644317867172973,2213.0125000000003,medium
47,male,166,86,7510,1667.5,31.20917404557991,2584.625,fast
39,male,158,51,4401,1307.5,20.429418362441915,1569.0,slow
22,male,169,63,7099,1581.25,22.058051188683873,2174.21875,medium
23,female,153,57,5009,1250.25,24.34960912469563,1719.09375,slow
33,male,188,64,6518,1655.0,18.107741059302853,2275.625,fast
30,male,172,85,3966,1780.0,28.73174689021093,2136.0,medium
35,female,153,61,7978,1230.25,26.05835362467427,1906.8875,slow
21,female,154,58,5824,1276.5,24.456063417102378,1755.1875,slow
23,female,160,51,8795,1234.0,19.921874999999996,1912.7,slow
25,male,171,100,6399,1948.75,34.19855682090216,2679.53125,fast
30,male,153,80,5909,1611.25,34.17488999957281,2215.46875,medium
18,female,159,68,8588,1422.75,26.897670187097027,2205.2625000000003,medium
18,female,162,54,2997,1301.5,20.576131687242793,1561.8,slow
50,male,162,71,5571,1477.5,27.053802773967377,2031.5625,medium
41,male,169,75,10718,1606.25,26.25958474843318,2770.78125,fast
30,female,159,70,5745,1382.75,27.688778133776353,1901.28125,slow
35,female,163,71,4160,1392.75,26.722872520606725,1671.3,slow
18,male,185,75,8710,1821.25,21.913805697589478,2822.9375,fast
41,male,169,71,8658,1566.25,24.859073561850078,2427.6875,fast
27,female,152,72,5899,1374.0,31.16343490304709,1889.25,slow
18,female,162,74,7144,1501.5,28.19692120103642,2064.5625,medium
35,male,179,59,7146,1538.75,18.413907181423802,2115.78125,medium
41,female,154,53,8587,1126.5,22.34778208804183,1746.075,slow
29,male,176,59,7582,1550.0,19.047004132231404,2402.5,fast
24,male,165,58,7540,1496.25,21.30394857667585,2319.1875,fast
27,male,162,87,4761,1752.5,33.15043438500228,2103.0,medium
44,male,170,76,2000,1607.5,26.29757785467128,1929.0,medium
18,female,168,60,5490,1399.0,21.258503401360546,1923.625,slow
18,female,156,45,9455,1174.0,18.49112426035503,1819.7,slow
26,male,169,52,8423,1451.25,18.20664542558034,2249.4375,medium
42,male,161,79,8635,1591.25,30.477219243084754,2466.4375,fast
35,female,167,47,12404,1177.75,16.85252249991036,2031.61875,medium
19,male,166,76,6218,1707.5,27.58020031934969,2347.8125,fast
38,female,158,53,6516,1166.5,21.230572023714146,1603.9375,slow
38,male,168,70,14233,1565.0,24.801587301587304,2973.5,fast
27,male,169,97,4639,1896.25,33.96239627464025,2275.5,fast
20,female,154,49,8016,1191.5,20.66115702479339,1846.825,slow
31,male,169,76,3361,1666.25,26.609712545078956,1999.5,medium
49,female,162,51,9438,1116.5,19.43301326017375,1730.575,slow
55,female,166,68,5577,1281.5,24.677021338365513,1762.0625,slow
29,male,178,53,5666,1502.5,16.72768589824517,2065.9375,medium
40,female,150,61,9755,1186.5,27.11111111111111,1839.075,slow
33,female,150,88,4210,1491.5,39.111111111111114,1789.8,slow
18,male,172,73,9042,1720.0,24.675500270416443,2666.0,fast
18,male,182,74,8409,1792.5,22.34029706557179,2778.375,fast
44,female,160,66,5659,1279.0,25.781249999999996,1758.625,slow
32,male,169,73,6548,1631.25,25.55932915514163,2242.96875,medium
28,female,157,65,2000,1330.25,26.370238143535232,1596.3,slow
27,female,158,61,6284,1301.5,24.435186668803073,1789.5625,slow
45,female,161,71,10797,1330.25,27.390918560240728,2294.68125,fast
30,male,168,65,4187,1555.0,23.030045351473927,1866.0,slow
33,male,169,79,10177,1686.25,27.660095935016283,2908.78125,fast
37,male,161,74,6304,1566.25,28.54828131630724,2153.59375,medium
35,female,168,69,7216,1404.0,24.44727891156463,1930.5,medium
34,male,174,74,3987,1662.5,24.441802087462015,1995.0,medium
28,male,181,71,8716,1706.25,21.672110130948383,2644.6875,fast
47,female,156,62,7963,1199.0,25.476660092044707,1858.45,slow
28,female,153,54,12960,1195.25,23.06805074971165,2270.975,fast
38,male,162,89,8586,1717.5,33.91251333638164,2662.125,fast
25,female,163,92,5366,1652.75,34.62682073092702,2272.53125,fast
30,male,174,66,13671,1602.5,21.79944510503369,3044.75,fast
51,female,152,54,7481,1074.0,23.372576177285318,1476.75,slow
19,male,162,72,7612,1642.5,27.43484224965706,2545.875,fast
56,female,153,61,7157,1125.25,26.05835362467427,1547.21875,slow
34,male,169,83,7114,1721.25,29.060607121599386,2366.71875,fast
37,male,172,60,9118,1495.0,20.281233098972418,2317.25,fast
29,female,159,53,4661,1217.75,20.964360587002094,1461.3,slow
41,female,163,65,6452,1302.75,24.46460160337235,1791.28125,slow
43,male,173,85,9509,1721.25,28.40054796351365,2667.9375,fast
49,female,172,45,3122,1119.0,15.210924824229314,1342.8,slow
36,female,171,48,10045,1207.75,16.415307274033037,2083.36875,medium
21,female,151,84,7832,1517.75,36.84048945221701,2352.5125000000003,fast
27,male,161,80,5899,1676.25,30.86300682844026,2304.84375,fast
33,male,176,51,7781,1450.0,16.464359504132233,2247.5,medium
31,male,167,73,8380,1623.75,26.175194521137367,2516.8125,fast
32,male,157,65,9399,1476.25,26.370238143535232,2288.1875,fast
43,male,172,66,8735,1525.0,22.30935640886966,2363.75,fast
29,female,159,58,5412,1267.75,22.942130453700404,1743.15625,slow
33,female,167,64,7472,1357.75,22.948115744558788,1866.90625,slow
34,male,174,58,4304,1502.5,19.157088122605362,1803.0,slow
48,female,163,66,12543,1277.75,24.840980089578082,2427.725,fast
26,male,167,87,8561,1788.75,31.1950948402596,2772.5625,fast
26,female,151,57,6360,1222.75,24.998903556861542,1681.28125,slow
18,female,151,69,7918,1382.75,30.26183062146397,2143.2625000000003,medium
42,male,172,66,7886,1530.0,22.30935640886966,2371.5,fast
29,female,153,67,11591,1320.25,28.621470374642232,2277.43125,fast
41,male,175,75,8468,1643.75,24.489795918367346,2547.8125,fast
32,male,156,78,5713,1600.0,32.05128205128205,2200.0,medium
30,female,162,72,11127,1421.5,27.43484224965706,2452.0875,fast
37,female,168,56,6023,1264.0,19.841269841269845,1738.0,slow
37,male,172,80,7394,1695.0,27.041644131963228,2330.625,fast
39,male,170,55,5988,1422.5,19.031141868512112,1955.9375,medium
27,female,166,59,5840,1331.5,21.410944984758313,1830.8125,slow
51,male,173,66,13316,1491.25,22.052190183434128,2833.375,fast
45,male,174,55,6847,1417.5,18.166204254194742,1949.0625,medium
24,male,166,73,3184,1652.5,26.491508201480624,1983.0,medium
54,female,175,69,4911,1352.75,22.53061224489796,1623.3,slow
29,female,168,75,9935,1494.0,26.573129251700685,2315.7000000000003,fast
48,male,160,71,8980,1475.0,27.734374999999993,2286.25,fast
43,female,160,47,12090,1094.0,18.359374999999996,1887.15,slow
28,male,168,80,8712,1715.0,28.344671201814062,2658.25,fast
38,male,172,80,8127,1690.0,27.041644131963228,2619.5,fast
38,male,154,54,7206,1317.5,22.76943835385394,1811.5625,slow
30,male,172,71,5247,1640.0,23.99945916711736,2255.0,medium
36,female,164,77,9013,1454.0,28.628792385484836,2253.7000000000003,medium
39,male,162,71,6844,1532.5,27.053802773967377,2107.1875,medium
38,male,171,78,8799,1663.75,26.674874320303687,2578.8125,fast
18,female,156,62,7879,1344.0,25.476660092044707,2083.2000000000003,medium
47,male,165,66,10566,1461.25,24.242424242424246,2520.65625,fast
28,female,161,66,7433,1365.25,25.461980633463213,1877.21875,slow
45,female,170,66,8232,1336.5,22.837370242214536,2071.5750000000003,medium
19,male,177,45,6445,1466.25,14.363688595231254,2016.09375,medium
41,male,171,84,8352,1708.75,28.726787729557817,2648.5625,fast
47,female,157,59,11858,1175.25,23.93606231490121,2027.30625,medium
19,male,179,85,7253,1878.75,26.528510346119035,2583.28125,fast
53,male,173,46,4373,1281.25,15.36970830966621,1537.5,slow
29,male,174,72,11236,1667.5,23.781212841854934,2876.4375,fast
25,male,176,66,4526,1640.0,21.306818181818183,1968.0,medium
38,female,162,59,6644,1251.5,22.481329065691202,1720.8125,slow
36,female,152,53,7027,1139.0,22.939750692520775,1566.125,slow
24,male,166,82,5071,1742.5,29.757584555087824,2395.9375,fast
26,male,167,68,7447,1598.75,24.38237297859371,2198.28125,medium
23,male,173,67,5175,1641.25,22.386314277122523,2256.71875,medium
36,male,164,65,8129,1500.0,24.167162403331353,2325.0,fast
18,male,167,66,8461,1618.75,23.66524436157625,2509.0625,fast
18,male,159,82,8615,1728.75,32.4354258138523,2679.5625,fast
34,female,150,61,11746,1216.5,27.11111111111111,2098.4625,medium
34,male,169,74,8599,1631.25,25.909456951787405,2528.4375,fast
20,female,167,66,5202,1442.75,23.66524436157625,1983.78125,medium
46,male,156,79,7707,1540.0,32.462195923734384,2387.0,fast
26,male,176,66,11814,1635.0,21.306818181818183,2820.375,fast
31,male,160,80,9346,1650.0,31.249999999999993,2557.5,fast
32,female,160,60,9397,1279.0,23.437499999999996,1982.45,medium
30,female,164,61,8276,1324.0,22.679952409280194,2052.2000000000003,medium
48,female,159,73,5351,1322.75,28.875440053795337,1818.78125,slow
46,female,150,73,6789,1276.5,32.44444444444444,1755.1875,slow
32,female,150,45,6842,1066.5,20.0,1466.4375,slow
29,female,157,59,8363,1265.25,23.93606231490121,1961.1375,medium
47,male,175,74,8259,1603.75,24.163265306122447,2485.8125,fast
30,male,168,72,2580,1625.0,25.510204081632658,1950.0,medium
25,male,176,70,7708,1680.0,22.59814049586777,2604.0,fast
39,male,158,58,7031,1377.5,23.233456176894723,1894.0625,slow
18,female,169,71,4503,1515.25,24.859073561850078,1818.3,slow
37,female,169,49,10710,1200.25,17.15626203564301,2070.43125,medium
32,female,159,63,12800,1302.75,24.919900320398717,2475.225,fast
60,female,157,57,9921,1090.25,23.124670372023203,1689.8875,slow
31,male,178,78,7216,1742.5,24.61810377477591,2395.9375,fast
28,male,171,82,4282,1753.75,28.042816593139772,2104.5,medium
30,female,157,62,4813,1290.25,25.153150229218223,1548.3,slow
39,female,166,61,3762,1291.5,22.136739730004358,1549.8,slow
42,female,152,47,8526,1049.0,20.342797783933516,1625.95,slow
38,male,172,57,7234,1460.0,19.2671714440238,2007.5,medium
19,male,175,94,6622,1943.75,30.693877551020407,2672.65625,fast
49,female,161,59,10598,1190.25,22.76146753597469,2053.18125,medium
36,male,168,88,3815,1755.0,31.17913832199547,2106.0,medium
22,female,165,82,6952,1580.25,30.119375573921033,2172.84375,medium
27,male,173,65,8037,1601.25,21.71806608974573,2481.9375,fast
18,female,159,50,8892,1242.75,19.77769866698311,1926.2625,medium
24,male,173,77,9159,1736.25,25.727555214006482,2691.1875,fast
52,male,164,73,5794,1500.0,27.141582391433676,2062.5,medium
28,male,167,63,9400,1538.75,22.589551436050055,2385.0625,fast
29,female,150,67,10614,1301.5,29.77777777777778,2245.0875,medium
21,male,158,55,11622,1437.5,22.031725684986377,2479.6875,fast
29,female,158,45,10339,1131.5,18.02595737862522,1951.8375,medium
42,male,174,81,9475,1692.5,26.7538644470868,2623.375,fast
20,male,168,91,2000,1865.0,32.242063492063494,2238.0,medium
34,female,167,66,2105,1372.75,23.66524436157625,1647.3,slow
25,male,178,75,10567,1742.5,23.671253629592222,3005.8125,fast
20,female,160,47,6131,1209.0,18.359374999999996,1662.375,slow
47,male,167,71,7804,1523.75,25.458065904119906,2361.8125,fast
37,female,154,100,9035,1616.5,42.165626581211,2505.5750000000003,fast
20,male,172,86,9225,1840.0,29.069767441860467,2852.0,fast
32,male,168,63,9239,1525.0,22.321428571428577,2363.75,fast
18,male,172,96,5322,1950.0,32.44997295835587,2681.25,fast
40,male,168,74,3282,1595.0,26.218820861678008,1914.0,slow
18,female,172,72,8290,1544.0,24.337479718766904,2393.2000000000003,fast
26,female,158,76,9725,1456.5,30.443839128344813,2257.5750000000003,medium
23,female,161,79,8253,1520.25,30.477219243084754,2356.3875000000003,fast
26,female,158,61,7100,1306.5,24.435186668803073,1796.4375,slow
18,female,164,67,8914,1444.0,24.910767400356935,2238.2000000000003,medium
33,male,171,80,11450,1708.75,27.358845456721728,2947.59375,fast
31,male,165,82,7759,1701.25,30.119375573921033,2636.9375,fast
33,male,159,71,7671,1543.75,28.084332107116012,2392.8125,fast
35,male,171,64,9115,1538.75,21.887076365377382,2385.0625,fast
26,male,169,67,8385,1601.25,23.458562375266975,2481.9375,fast
35,female,151,60,5212,1207.75,26.314635323012148,1660.65625,slow
24,female,158,61,10256,1316.5,24.435186668803073,2270.9625,fast
18,female,162,65,5970,1411.5,24.76756591982929,1940.8125,medium
35,female,163,51,11494,1192.75,19.195302796492154,2057.49375,medium
29,female,167,45,5507,1187.75,16.1353938828929,1633.15625,slow
35,male,162,89,5579,1732.5,33.91251333638164,2382.1875,fast
51,female,160,80,7692,1384.0,31.249999999999993,2145.2000000000003,medium
26,male,169,67,6621,1601.25,23.458562375266975,2201.71875,medium
37,female,157,63,4960,1265.25,25.558846200657225,1518.3,slow
30,female,156,48,8226,1144.0,19.72386587771203,1773.2,slow
43,male,180,81,7780,1725.0,25.0,2673.75,fast
44,female,166,88,2000,1536.5,31.934968790825955,1843.8,slow
33,female,150,52,2922,1131.5,23.11111111111111,1357.8,slow
18,female,155,47,9060,1187.75,19.562955254942764,1841.0125,slow
20,female,168,74,7494,1529.0,26.218820861678008,2102.375,medium
33,male,170,80,6044,1702.5,27.68166089965398,2340.9375,fast
41,male,167,58,9054,1423.75,20.796729893506402,2206.8125,medium
18,male,165,84,8951,1786.25,30.85399449035813,2768.6875,fast
32,female,160,61,3567,1289.0,23.828124999999996,1546.8,slow
30,female,158,63,10314,1306.5,25.236340330075304,2253.7125,medium
40,male,179,73,6981,1653.75,22.783308885490467,2273.90625,fast
20,female,152,67,8892,1359.0,28.999307479224377,2106.4500000000003,medium
20,male,169,47,5852,1431.25,16.45600644235146,1967.96875,medium
37,male,170,65,8360,1532.5,22.49134948096886,2375.375,fast
24,female,169,54,6981,1315.25,18.906901018871892,1808.46875,slow
38,male,168,68,8811,1545.0,24.092970521541954,2394.75,fast
22,female,157,62,8072,1330.25,25.153150229218223,2061.8875000000003,medium
40,female,152,46,7332,1049.0,19.909972299168974,1442.375,slow
39,male,183,71,7284,1663.75,21.20099137030069,2287.65625,fast
22,male,169,72,6605,1671.25,25.209201358495854,2297.96875,fast
33,male,164,100,6658,1865.0,37.18024985127901,2564.375,fast
38,female,152,64,6146,1239.0,27.700831024930746,1703.625,slow
27,female,156,89,7932,1569.0,36.571334648257725,2431.9500000000003,fast
32,male,167,69,6719,1578.75,24.740937287102444,2170.78125,medium
28,male,175,70,12853,1658.75,22.857142857142858,3151.625,fast
42,male,185,76,6660,1711.25,22.205989773557338,2352.96875,fast
42,female,157,68,4057,1290.25,27.587326057852245,1548.3,slow
50,female,163,73,6948,1337.75,27.475629493018182,1839.40625,slow
34,female,158,72,4971,1376.5,28.841531805800347,1651.8,slow
39,male,170,79,6890,1662.5,27.33564013840831,2285.9375,fast
18,female,158,77,9601,1506.5,30.844415958980928,2335.0750000000003,fast
32,male,171,71,5436,1623.75,24.280975342840534,2232.65625,medium
35,male,166,49,6670,1357.5,17.78197125852809,1866.5625,slow
52,male,165,66,6182,1436.25,24.242424242424246,1974.84375,medium
22,female,166,50,6867,1266.5,18.144868631151112,1741.4375,slow
44,male,164,75,9389,1560.0,27.885187388459254,2418.0,fast
41,male,156,79,7474,1565.0,32.462195923734384,2151.875,medium
31,female,162,61,2391,1306.5,23.243408017070564,1567.8,slow
23,female,156,45,5522,1149.0,18.49112426035503,1579.875,slow
28,female,160,58,3990,1279.0,22.656249999999996,1534.8,slow
24,female,161,55,10162,1275.25,21.218317194552675,2199.80625,medium
28,female,164,59,7168,1314.0,21.936347412254616,1806.75,slow
35,female,166,52,5660,1221.5,18.870663376397157,1679.5625,slow
38,male,176,65,10244,1565.0,20.983987603305785,2699.625,fast
23,male,177,77,5975,1766.25,24.577867151840145,2428.59375,fast
20,female,153,75,12414,1445.25,32.038959374599514,2493.05625,fast
32,female,150,74,5084,1356.5,32.888888888888886,1865.1875,slow
30,female,159,76,7666,1442.75,30.062101973814325,2236.2625000000003,medium
55,male,179,66,7251,1508.75,20.598608033457133,2074.53125,medium
22,male,171,76,9077,1723.75,25.990903183885642,2671.8125,fast
34,male,181,65,13194,1616.25,19.840664204389366,3070.875,fast
24,male,173,63,8971,1596.25,21.04981790236894,2474.1875,fast
41,female,158,56,9034,1181.5,22.432302515622492,1831.325,slow
37,male,164,57,8746,1415.0,21.192742415229034,2193.25,medium
28,female,163,50,2000,1217.75,18.818924310286427,1461.3,slow
28,male,173,57,5935,1516.25,19.045073340238563,2084.84375,medium
44,female,167,57,7466,1232.75,20.43816558499767,1695.03125,slow
35,male,165,61,5960,1471.25,22.4058769513315,2022.96875,medium
31,female,160,68,10989,1364.0,26.562499999999996,2352.9,fast
38,female,156,72,6385,1344.0,29.585798816568044,1848.0,slow
23,male,161,78,7880,1676.25,30.091431657729252,2598.1875,fast
26,male,168,80,6692,1725.0,28.344671201814062,2371.875,fast
39,male,176,76,7566,1670.0,24.535123966942148,2588.5,fast
20,male,185,65,10123,1711.25,18.991964937910883,2951.90625,fast
33,female,152,77,7654,1394.0,33.3275623268698,2160.7000000000003,medium
43,male,170,67,3979,1522.5,23.18339100346021,1827.0,slow
30,female,152,57,7891,1209.0,24.67105263157895,1873.95,slow
37,male,169,76,8105,1636.25,26.609712545078956,2536.1875,fast
28,female,158,45,8638,1136.5,18.02595737862522,1761.575,slow
44,male,173,76,4586,1626.25,25.393431120318084,1951.5,medium
39,male,171,53,8129,1408.75,18.125235115078144,2183.5625,medium
46,male,172,45,7869,1300.0,15.210924824229314,2015.0,medium
33,male,181,76,3863,1731.25,23.198315069747565,2077.5,medium
47,female,158,70,7747,1291.5,28.040378144528116,2001.825,medium
29,female,156,59,2000,1259.0,24.243918474687703,1510.8,slow
40,female,158,57,6752,1196.5,22.832879346258608,1645.1875,slow
45,female,155,58,8246,1162.75,24.141519250780433,1802.2625,slow
47,male,172,91,5079,1755.0,30.75987020010817,2413.125,fast
21,female,163,56,10986,1312.75,21.077195227520797,2264.49375,medium
37,male,172,75,7615,1645.0,25.351541373715524,2549.75,fast
55,female,166,63,10974,1231.5,22.8625344752504,2124.3375,medium
46,male,169,66,9921,1491.25,23.1084345786212,2311.4375,fast
19,male,171,67,8929,1648.75,22.91303307000445,2555.5625,fast
27,female,170,48,8696,1246.5,16.60899653979239,1932.075,medium
38,male,176,61,10397,1525.0,19.692665289256198,2630.625,fast
24,male,171,66,11004,1613.75,22.571047501795427,2783.71875,fast
39,female,167,61,7914,1297.75,21.872422819032593,2011.5125,medium
38,male,168,76,8801,1625.0,26.92743764172336,2518.75,fast
51,male,179,80,10622,1668.75,24.968009737523797,2878.59375,fast
38,male,170,65,7530,1527.5,22.49134948096886,2367.625,fast
37,male,176,78,6149,1700.0,25.180785123966942,2337.5,fast
33,female,156,64,9054,1289.0,26.298487836949374,1997.95,medium
34,male,163,65,7119,1503.75,24.46460160337235,2067.65625,medium
43,male,178,67,6388,1572.5,21.146319909102385,2162.1875,medium
33,female,169,54,2138,1270.25,18.906901018871892,1524.3,slow
18,female,154,64,7683,1351.5,26.986001011975038,2094.8250000000003,medium
53,male,163,85,8996,1608.75,31.992171327486922,2493.5625,fast
26,male,171,76,6395,1703.75,25.990903183885642,2342.65625,fast
29,female,169,82,6895,1570.25,28.71047932495361,2159.09375,medium
22,male,165,88,7668,1806.25,32.323232323232325,2799.6875,fast
50,male,166,90,8612,1692.5,32.660763536072004,2623.375,fast
30,male,176,89,7601,1845.0,28.731921487603305,2859.75,fast
46,male,175,52,6056,1388.75,16.979591836734695,1909.53125,slow
29,male,168,61,10809,1520.0,21.612811791383223,2622.0,fast
27,male,173,78,3276,1731.25,26.061679307694877,2077.5,medium
25,male,176,70,5528,1680.0,22.59814049586777,2310.0,fast
20,male,170,70,10286,1667.5,24.221453287197235,2876.4375,fast
29,male,165,63,4868,1521.25,23.140495867768596,1825.5,slow
42,female,157,72,9725,1330.25,29.21010994360826,2061.8875000000003,medium
31,male,176,71,3716,1660.0,22.920971074380166,1992.0,medium
32,female,151,67,10888,1292.75,29.384676110696898,2229.99375,medium
29,male,174,78,7391,1727.5,25.762980578676178,2375.3125,fast
42,male,170,78,11666,1637.5,26.989619377162633,2824.6875,fast
51,male,175,76,13471,1603.75,24.816326530612244,3047.125,fast
30,female,172,60,12830,1364.0,20.281233098972418,2591.6,fast
23,male,166,82,4850,1747.5,29.757584555087824,2097.0,medium
45,female,160,65,9528,1264.0,25.390624999999996,1959.2,medium
21,male,162,64,6340,1552.5,24.38652644413961,2134.6875,medium
29,male,175,75,7615,1703.75,24.489795918367346,2640.8125,fast
41,female,150,78,10337,1351.5,34.666666666666664,2331.3375,fast
47,male,163,67,5543,1458.75,25.21735857578381,2005.78125,medium
25,female,160,77,4745,1484.0,30.078124999999993,1780.8,slow
37,female,156,59,9273,1219.0,24.243918474687703,1889.45,slow
44,male,160,80,8162,1585.0,31.249999999999993,2456.75,fast
21,female,163,70,4429,1452.75,26.346494034400994,1743.3,slow
25,female,154,68,5585,1356.5,28.67262607522348,1865.1875,slow
48,male,171,59,5253,1423.75,20.177148524332274,1957.65625,medium
42,female,169,56,4990,1245.25,19.607156612163443,1494.3,slow
18,female,150,100,5084,1686.5,44.44444444444444,2318.9375,fast
35,female,159,72,8910,1377.75,28.479886080455675,2135.5125000000003,medium
20,female,166,71,11184,1486.5,25.76571345623458,2564.2125,fast
30,male,180,73,4762,1710.0,22.530864197530864,2052.0,medium
25,female,164,52,2147,1259.0,19.333729922665082,1510.8,slow
42,male,168,57,10967,1415.0,20.19557823129252,2440.875,fast
33,female,170,48,5603,1216.5,16.60899653979239,1672.6875,slow
31,male,172,61,7685,1535.0,20.61925365062196,2379.25,fast
37,male,165,54,6135,1391.25,19.834710743801654,1912.96875,slow
32,female,152,73,2723,1359.0,31.596260387811633,1630.8,slow
24,male,170,65,7001,1597.5,22.49134948096886,2196.5625,medium
28,male,174,79,6876,1742.5,26.09327520147972,2395.9375,fast
37,female,160,66,9154,1314.0,25.781249999999996,2036.7,medium
31,female,167,48,6159,1207.75,17.21108680841909,1660.65625,slow
36,male,170,64,8886,1527.5,22.145328719723185,2367.625,fast
18,male,173,72,7031,1716.25,24.0569347455645,2359.84375,fast
38,male,170,65,8865,1527.5,22.49134948096886,2367.625,fast
32,female,155,51,2000,1157.75,21.227887617065555,1389.3,slow
46,female,165,60,11164,1240.25,22.03856749311295,2139.43125,medium
36,male,168,79,5630,1665.0,27.99036281179139,2289.375,fast
45,male,181,83,6667,1741.25,25.33500198406642,2394.21875,fast
30,female,156,71,2000,1374.0,29.17488494411571,1648.8,slow
25,male,162,94,7108,1832.5,35.81771071483005,2519.6875,fast
48,male,165,87,8042,1666.25,31.95592286501378,2582.6875,fast
39,male,171,75,5301,1628.75,25.64891761567662,2239.53125,medium
42,male,166,84,8257,1672.5,30.48337930033387,2592.375,fast
44,male,188,79,8283,1750.0,22.351742870076958,2712.5,fast
41,female,176,71,9785,1444.0,22.920971074380166,2238.2000000000003,medium
33,female,156,69,6466,1339.0,28.353057199211044,1841.125,slow
47,female,159,87,6234,1467.75,34.41319568055061,2018.15625,medium
29,female,166,55,8337,1281.5,19.959355494266223,1986.325,medium
24,female,167,72,5998,1482.75,25.816630212628635,2038.78125,medium
44,male,160,84,10093,1625.0,32.81249999999999,2803.125,fast
47,male,162,60,5004,1382.5,22.86236854138088,1900.9375,slow
21,male,167,68,5800,1623.75,24.38237297859371,2232.65625,medium
42,female,156,45,7925,1054.0,18.49112426035503,1633.7,slow
19,male,170,97,6379,1942.5,33.564013840830455,2670.9375,fast
32,female,169,79,4706,1525.25,27.660095935016283,1830.3,slow
43,female,154,84,5530,1426.5,35.41912632821724,1961.4375,medium
49,male,180,61,8980,1495.0,18.827160493827158,2317.25,fast
36,female,156,73,7018,1364.0,29.996712689020377,1875.5,slow
30,female,165,73,9201,1450.25,26.813590449954088,2247.8875000000003,medium
35,male,163,76,5710,1608.75,28.604764951635367,2212.03125,medium
43,male,160,85,7007,1640.0,33.20312499999999,2255.0,medium
34,male,162,78,9206,1627.5,29.721079103795148,2522.625,fast
34,male,159,60,5581,1428.75,23.73323840037973,1964.53125,medium
28,female,156,45,10837,1124.0,18.49112426035503,1938.9,medium
31,female,155,57,3676,1222.75,23.725286160249738,1467.3,slow
25,female,165,78,7322,1525.25,28.650137741046834,2097.21875,medium
28,female,150,72,6230,1356.5,32.0,1865.1875,slow
42,female,178,83,2000,1571.5,26.19618735008206,1885.8,slow
25,female,167,72,9473,1477.75,25.816630212628635,2290.5125000000003,fast
40,male,167,90,5011,1748.75,32.2707877657858,2404.53125,fast
42,male,167,65,6532,1488.75,23.306680053067517,2047.03125,medium
31,female,159,55,4842,1227.75,21.75546853368142,1473.3,slow
18,male,170,80,9540,1777.5,27.68166089965398,2755.125,fast
56,male,179,83,3839,1673.75,25.90431010268094,2008.5,medium
23,female,157,75,6068,1455.25,30.427197857925268,2000.96875,medium
39,male,155,56,9848,1338.75,23.309053069719038,2075.0625,medium
34,male,167,53,5905,1408.75,19.003908350962746,1937.03125,medium
28,male,167,56,7916,1468.75,20.07960127648894,2276.5625,fast
35,female,150,48,10305,1081.5,21.333333333333332,1865.5875,slow
42,male,175,81,11244,1698.75,26.448979591836736,2930.34375,fast
34,male,165,52,13544,1386.25,19.100091827364558,2633.875,fast
40,female,156,45,11127,1064.0,18.49112426035503,1835.4,slow
40,male,164,80,5488,1630.0,29.744199881023206,2241.25,medium
27,male,169,74,7297,1666.25,25.909456951787405,2291.09375,fast
24,female,166,45,7607,1206.5,16.330381768036002,1870.075,slow
39,female,157,67,4792,1295.25,27.18163008641324,1554.3,slow
28,male,168,67,7579,1585.0,23.738662131519277,2456.75,fast
18,male,171,76,2204,1743.75,25.990903183885642,2092.5,medium
36,male,175,82,8093,1738.75,26.775510204081634,2695.0625,fast
30,male,170,72,7309,1637.5,24.913494809688583,2251.5625,medium
52,female,155,74,6354,1287.75,30.80124869927159,1770.65625,slow
39,female,165,56,8093,1235.25,20.569329660238754,1914.6375,slow
40,female,156,66,7063,1274.0,27.12031558185404,1751.75,slow
34,female,154,72,8571,1351.5,30.35925113847192,2094.8250000000003,medium
27,male,169,57,4141,1496.25,19.95728440880922,1795.5,slow
38,female,157,70,4548,1330.25,28.398718000730252,1596.3,slow
39,female,154,68,7196,1286.5,28.67262607522348,1768.9375,slow
31,male,167,84,8926,1733.75,30.11940191473341,2687.3125,fast
28,female,150,45,5157,1086.5,20.0,1493.9375,slow
30,male,178,70,4203,1667.5,22.093170054286073,2001.0,medium
30,female,155,45,7980,1107.75,18.730489073881373,1717.0125,slow
31,male,165,61,7396,1491.25,22.4058769513315,2050.46875,medium
29,female,183,59,3874,1427.75,17.617725223207618,1713.3,slow
33,female,168,70,8888,1424.0,24.801587301587304,2207.2000000000003,medium
39,male,180,82,8484,1755.0,25.30864197530864,2720.25,fast
32,female,157,48,6751,1140.25,19.473406629072173,1567.84375,slow
31,male,172,66,8553,1585.0,22.30935640886966,2456.75,fast
18,female,151,66,4635,1352.75,28.946098855313362,1623.3,slow
51,male,163,76,5132,1528.75,28.604764951635367,2102.03125,medium
26,male,178,83,6432,1817.5,26.19618735008206,2499.0625,fast
29,male,169,64,11382,1556.25,22.40817898532965,2684.53125,fast
36,female,150,57,7517,1166.5,25.333333333333332,1808.075,slow
30,male,169,64,8719,1551.25,22.40817898532965,2404.4375,fast
27,male,164,93,4323,1825.0,34.577632361689474,2190.0,medium
37,female,151,52,10807,1117.75,22.806017279943863,1928.11875,medium
33,male,167,67,10133,1553.75,24.023808670084982,2680.21875,fast
33,female,152,73,6400,1354.0,31.596260387811633,1861.75,slow
30,female,162,71,4940,1411.5,27.053802773967377,1693.8,slow
30,male,165,63,8842,1516.25,23.140495867768596,2350.1875,fast
19,male,162,66,4820,1582.5,25.14860539551897,1899.0,slow
50,male,177,81,7018,1671.25,25.854639471416256,2297.96875,fast
32,male,174,70,8069,1632.5,23.120623596247853,2530.375,fast
48,male,172,76,6486,1600.0,25.689561925365066,2200.0,medium
34,female,150,68,7472,1286.5,30.22222222222222,1768.9375,slow
37,male,174,60,7272,1507.5,19.817677368212443,2072.8125,medium
60,male,162,55,8998,1267.5,20.957171162932475,1964.625,medium
40,female,161,71,7483,1355.25,27.390918560240728,1863.46875,slow
46,male,172,72,7766,1570.0,24.337479718766904,2433.5,fast
24,female,163,60,6379,1337.75,22.582709172343712,1839.40625,slow
18,female,150,71,10718,1396.5,31.555555555555557,2408.9625,fast
33,male,161,81,3338,1656.25,31.24879441379576,1987.5,medium
59,male,162,74,12086,1462.5,28.19692120103642,2522.8125,fast
23,male,173,64,6046,1611.25,21.383941996057334,2215.46875,medium
29,female,171,60,6299,1362.75,20.519134092541297,1873.78125,slow
39,male,175,79,4046,1693.75,25.79591836734694,2032.5,medium
28,male,175,47,10036,1428.75,15.346938775510203,2464.59375,fast
40,female,163,51,7366,1167.75,19.195302796492154,1605.65625,slow
22,female,175,64,7052,1462.75,20.897959183673468,2011.28125,medium
39,female,159,49,7639,1127.75,19.382144693643447,1748.0125,slow
18,female,158,70,6695,1436.5,28.040378144528116,1975.1875,medium
18,male,172,64,5310,1630.0,21.63331530557058,2241.25,medium
30,male,165,91,7367,1796.25,33.425160697887975,2469.84375,fast
20,female,166,65,5964,1426.5,23.588329220496444,1961.4375,medium
30,male,172,66,7092,1590.0,22.30935640886966,2186.25,medium
44,male,173,76,8251,1626.25,25.393431120318084,2520.6875,fast
37,male,180,57,7291,1515.0,17.59259259259259,2083.125,medium
37,male,172,89,7446,1785.0,30.08382909680909,2454.375,fast
27,female,163,68,5536,1402.75,25.59373706198954,1928.78125,medium
35,female,159,69,9426,1347.75,27.29322416043669,2089.0125000000003,medium
37,male,183,73,7011,1693.75,21.798202394816204,2328.90625,fast
36,female,160,48,5843,1139.0,18.749999999999996,1566.125,slow
39,male,164,76,9891,1595.0,28.256989886972047,2472.25,fast
51,female,153,56,4922,1100.25,23.92242299970097,1320.3,slow
42,female,150,69,6767,1256.5,30.666666666666668,1727.6875,slow
24,male,170,67,7242,1617.5,23.18339100346021,2224.0625,medium
55,female,158,61,9427,1161.5,24.435186668803073,1800.325,slow
38,male,158,74,5776,1542.5,29.642685467072578,2120.9375,medium
36,female,158,63,6971,1276.5,25.236340330075304,1755.1875,slow
18,male,162,60,10119,1527.5,22.86236854138088,2634.9375,fast
48,male,168,77,3323,1585.0,27.281746031746035,1902.0,slow
52,female,153,62,8039,1155.25,26.48553974966893,1790.6375,slow
29,male,161,62,2929,1486.25,23.9188302920412,1783.5,slow
22,female,154,48,4543,1171.5,20.23950075898128,1405.8,slow
50,female,161,81,5532,1405.25,31.24879441379576,1932.21875,medium
31,female,150,68,5092,1301.5,30.22222222222222,1789.5625,slow
18,male,174,82,10275,1822.5,27.08415906989034,3143.8125,fast
39,male,156,61,12164,1395.0,25.06574621959237,2406.375,fast
42,female,161,61,2168,1245.25,23.533042706685695,1494.3,slow
35,female,150,67,11250,1271.5,29.77777777777778,2193.3375,medium
29,female,154,71,9519,1366.5,29.93759487265981,2118.0750000000003,medium
35,female,157,54,6155,1185.25,21.907582457706194,1629.71875,slow
30,female,162,45,4801,1151.5,17.146776406035663,1381.8,slow
22,male,164,72,7030,1640.0,26.769779892920884,2255.0,medium
24,male,170,82,8959,1767.5,28.373702422145332,2739.625,fast
27,male,174,86,4479,1817.5,28.405337561104506,2181.0,medium
35,male,165,84,6442,1701.25,30.85399449035813,2339.21875,fast
26,female,158,73,11420,1426.5,29.242108636436463,2460.7125,fast
18,female,162,46,8802,1221.5,17.527815881725342,1893.325,slow
31,male,165,73,3542,1611.25,26.813590449954088,1933.5,medium
27,female,156,58,8006,1259.0,23.83300460223537,1951.45,medium
47,female,163,62,11336,1242.75,23.335466144755166,2143.74375,medium
38,female,180,70,8221,1474.0,21.604938271604937,2284.7000000000003,fast
18,male,170,55,4328,1527.5,19.031141868512112,1833.0,slow
22,female,159,53,7360,1252.75,20.964360587002094,1722.53125,slow
51,male,169,48,10460,1286.25,16.806134238997235,2218.78125,medium
30,male,157,55,9367,1386.25,22.313278429145196,2148.6875,medium
21,male,170,82,5568,1782.5,28.373702422145332,2450.9375,fast
41,male,165,80,8261,1631.25,29.384756657483933,2528.4375,fast
25,female,151,54,5059,1197.75,23.683171790710933,1646.90625,slow
34,female,168,45,6092,1169.0,15.94387755102041,1607.375,slow
41,male,176,78,8071,1680.0,25.180785123966942,2604.0,fast
27,male,166,71,2000,1617.5,25.76571345623458,1941.0,medium
33,female,160,48,8604,1154.0,18.749999999999996,1788.7,slow
24,male,174,85,9127,1822.5,28.075042938300964,2824.875,fast
36,male,176,96,10388,1885.0,30.991735537190085,3251.625,fast
36,female,164,79,5149,1474.0,29.372397382510414,2026.75,medium
32,female,163,63,9482,1327.75,23.711844630960897,2058.0125000000003,medium
33,male,170,75,4141,1652.5,25.95155709342561,1983.0,medium
35,female,158,52,12993,1171.5,20.82999519307803,2225.85,medium
43,male,158,51,2496,1287.5,20.429418362441915,1545.0,slow
60,female,167,59,5517,1172.75,21.15529420201513,1612.53125,slow
25,male,162,81,11579,1702.5,30.864197530864192,2936.8125,fast
51,female,155,74,7896,1292.75,30.80124869927159,2003.7625,medium
39,male,168,64,11538,1500.0,22.67573696145125,2587.5,fast
28,female,171,58,4825,1347.75,19.835162956123252,1617.3,slow
37,female,160,65,7746,1304.0,25.390624999999996,2021.2,medium
34,male,157,46,6175,1276.25,18.662014686194166,1754.84375,slow
41,male,173,81,5973,1691.25,27.064051588760066,2325.46875,fast
33,female,172,70,5083,1449.0,23.661438615467823,1992.375,medium
46,male,172,59,7967,1440.0,19.94321254732288,2232.0,medium
40,female,163,45,2151,1107.75,16.937031879257784,1329.3,slow
18,female,153,62,10728,1325.25,26.48553974966893,2286.05625,fast
18,female,163,68,9200,1447.75,25.59373706198954,2244.0125000000003,medium
37,female,155,54,8359,1162.75,22.476586888657646,1802.2625,slow
36,female,157,49,8249,1130.25,19.879102600511175,1751.8875,slow
38,male,160,68,7730,1495.0,26.562499999999996,2317.25,fast
42,male,159,76,7711,1548.75,30.062101973814325,2400.5625,fast
42,male,153,64,9204,1391.25,27.339911999658252,2156.4375,medium
34,male,162,76,8218,1607.5,28.959000152415786,2491.625,fast
34,female,154,51,6536,1141.5,21.504469556417607,1569.5625,slow
27,female,172,72,8021,1499.0,24.337479718766904,2323.4500000000003,fast
49,male,166,63,7181,1427.5,22.8625344752504,1962.8125,medium
44,male,167,80,4879,1628.75,28.685144680698485,1954.5,medium
26,male,159,83,10849,1698.75,32.83097978719196,2930.34375,fast
38,female,161,45,8962,1105.25,17.360441340997646,1713.1375,slow
37,female,166,54,7532,1231.5,19.5964581216432,1908.825,slow
18,female,154,45,6129,1161.5,18.974531961544947,1597.0625,slow
31,male,168,84,4092,1740.0,29.761904761904766,2088.0,medium
30,male,171,66,12551,1583.75,22.571047501795427,3009.125,fast
18,female,152,79,9053,1489.0,34.193213296398895,2307.9500000000003,fast
30,female,155,62,11549,1277.75,25.806451612903224,2204.11875,medium
38,male,168,100,8335,1865.0,35.43083900226758,2890.75,fast
28,male,188,62,8295,1660.0,17.54187415119964,2573.0,fast
28,female,150,70,7167,1336.5,31.11111111111111,1837.6875,slow
44,male,169,83,7119,1671.25,29.060607121599386,2297.96875,fast
32,male,158,64,8672,1472.5,25.63691716071142,2282.375,fast
18,female,150,45,7272,1136.5,20.0,1562.6875,slow
47,female,164,68,5220,1309.0,25.282569898869724,1799.875,slow
23,female,164,45,6732,1199.0,16.731112433075552,1648.625,slow
46,female,159,54,3931,1142.75,21.359914560341757,1371.3,slow
45,female,150,58,8874,1131.5,25.77777777777778,1753.825,slow
32,female,168,66,11576,1389.0,23.384353741496604,2396.025,fast
51,female,157,78,11097,1345.25,31.64428577224228,2320.55625,fast
26,female,155,45,4472,1127.75,18.730489073881373,1353.3,slow
29,female,170,57,6825,1326.5,19.723183391003463,1823.9375,slow
44,male,165,63,5511,1446.25,23.140495867768596,1988.59375,medium
27,female,154,56,2364,1226.5,23.61275088547816,1471.8,slow
30,female,156,72,8043,1384.0,29.585798816568044,2145.2000000000003,medium
19,female,160,77,6045,1514.0,30.078124999999993,2081.75,medium
21,female,156,46,6257,1169.0,18.902038132807363,1607.375,slow
21,female,163,63,4602,1382.75,23.711844630960897,1659.3,slow
31,male,178,70,7204,1662.5,22.093170054286073,2285.9375,fast
36,male,169,76,5979,1641.25,26.609712545078956,2256.71875,medium
39,male,163,74,7617,1568.75,27.85200797922391,2431.5625,fast
39,female,152,60,9451,1194.0,25.969529085872576,1850.7,slow
22,male,168,71,7967,1655.0,25.15589569160998,2565.25,fast
28,female,159,45,9559,1142.75,17.799928800284796,1771.2625,slow
41,male,159,72,6471,1513.75,28.479886080455675,2081.40625,medium
31,male,170,78,4436,1692.5,26.989619377162633,2031.0,medium
21,female,151,63,10150,1307.75,27.630367089162757,2255.86875,medium
58,male,167,63,7118,1388.75,22.589551436050055,1909.53125,slow
37,male,186,89,7478,1872.5,25.725517400855587,2574.6875,fast
28,male,168,73,10800,1645.0,25.86451247165533,2837.625,fast
29,male,181,77,6779,1761.25,23.503556057507403,2421.71875,fast
31,female,159,45,8460,1127.75,17.799928800284796,1748.0125,slow
18,male,160,71,8911,1625.0,27.734374999999993,2518.75,fast
23,female,162,67,11919,1406.5,25.529644871208653,2426.2125,fast
24,male,174,67,7260,1642.5,22.12973972783723,2258.4375,medium
22,female,157,50,5371,1210.25,20.28479857195018,1664.09375,slow
49,male,159,83,2626,1583.75,32.83097978719196,1900.5,slow
43,female,162,61,6037,1246.5,23.243408017070564,1713.9375,slow
38,female,160,57,5682,1219.0,22.265624999999996,1676.125,slow
26,female,168,87,7137,1629.0,30.824829931972793,2239.875,medium
43,male,156,65,8743,1415.0,26.709401709401707,2193.25,medium
35,female,156,74,3550,1379.0,30.407626561472714,1654.8,slow
21,male,174,77,4639,1757.5,25.43268595587264,2109.0,medium
41,female,174,57,8175,1291.5,18.826793499801823,2001.825,medium
50,male,164,50,9849,1280.0,18.590124925639504,1984.0,medium
36,male,156,71,7483,1510.0,29.17488494411571,2076.25,medium
18,female,159,48,12546,1222.75,18.986590720303784,2323.225,fast
33,female,175,52,9274,1287.75,16.979591836734695,1996.0125,medium
39,male,182,81,6394,1757.5,24.453568409612362,2416.5625,fast
25,male,174,83,10203,1797.5,27.414453692693883,3100.6875,fast
37,female,160,58,8186,1234.0,22.656249999999996,1912.7,slow
41,male,168,99,8077,1840.0,35.0765306122449,2852.0,fast
23,female,166,75,4415,1511.5,27.21730294672667,1813.8,slow
36,female,173,61,4717,1350.25,20.381569714992146,1620.3,slow
35,male,190,81,7000,1827.5,22.437673130193907,2512.8125,fast
46,female,150,51,7101,1056.5,22.666666666666668,1452.6875,slow
46,male,172,55,6924,1400.0,18.591130340724717,1925.0,medium
33,male,165,87,8848,1741.25,31.95592286501378,2698.9375,fast
34,male,163,70,8553,1553.75,26.346494034400994,2408.3125,fast
39,male,165,77,3107,1611.25,28.282828282828287,1933.5,medium
34,female,174,59,6493,1346.5,19.487382745408905,1851.4375,slow
35,male,158,82,9164,1637.5,32.847300112161506,2538.125,fast
43,male,177,85,7321,1746.25,27.13141179099237,2401.09375,fast
20,male,165,74,7221,1676.25,27.180899908172638,2304.84375,fast
21,female,154,61,8337,1306.5,25.72103221453871,2025.075,medium
31,female,153,45,7178,1090.25,19.223375624759708,1499.09375,slow
37,male,172,59,10519,1485.0,19.94321254732288,2561.625,fast
47,female,153,91,6878,1470.25,38.87393737451408,2021.59375,medium
32,male,180,76,6596,1730.0,23.456790123456788,2378.75,fast
49,female,157,48,4517,1055.25,19.473406629072173,1266.3,slow
47,female,168,64,5117,1294.0,22.67573696145125,1779.25,slow
26,female,158,52,10024,1216.5,20.82999519307803,2098.4625,medium
44,male,164,88,6573,1690.0,32.718619869125526,2323.75,fast
37,male,175,54,7893,1453.75,17.632653061224488,2253.3125,medium
22,male,179,100,8801,2013.75,31.210012171904747,3121.3125,fast
37,female,150,54,7975,1131.5,24.0,1753.825,slow
26,female,166,69,2000,1436.5,25.039918710988534,1723.8,slow
32,female,164,83,8101,1534.0,30.859607376561577,2377.7000000000003,fast
51,male,175,68,9857,1523.75,22.20408163265306,2361.8125,fast
34,female,158,66,7911,1316.5,26.43807082198365,2040.575,medium
44,male,169,84,11452,1681.25,29.410734918245165,2900.15625,fast
36,female,161,71,5937,1375.25,27.390918560240728,1890.96875,slow
34,male,161,70,9321,1541.25,27.005130974885226,2388.9375,fast
33,female,154,63,7877,1266.5,26.564344746162927,1963.075,medium
46,male,176,61,5641,1485.0,19.692665289256198,2041.875,medium
22,male,159,56,7372,1448.75,22.151022507021082,1992.03125,medium
30,female,165,59,10639,1310.25,21.6712580348944,2260.18125,medium
38,female,170,49,9384,1201.5,16.955017301038065,1862.325,slow
31,female,155,76,4390,1412.75,31.63371488033298,1695.3,slow
38,female,170,53,5158,1241.5,18.339100346020764,1707.0625,slow
42,female,155,68,8466,1277.75,28.303850156087407,1980.5125,medium
26,female,162,67,9691,1391.5,25.529644871208653,2156.8250000000003,medium
46,female,158,60,6914,1196.5,24.034609838166958,1645.1875,slow
39,female,158,69,6119,1321.5,27.639801313892,1817.0625,slow
29,female,163,72,8486,1432.75,27.09925100681245,2220.7625000000003,medium
50,male,164,71,4898,1490.0,26.397977394408095,1788.0,slow
32,male,162,93,13611,1787.5,35.43667123914037,3396.25,fast
49,male,177,76,7439,1626.25,24.258674071946118,2236.09375,medium
31,male,164,61,10564,1485.0,22.679952409280194,2561.625,fast
35,female,174,55,10704,1301.5,18.166204254194742,2245.0875,medium
45,female,164,45,7325,1089.0,16.731112433075552,1497.375,slow
32,female,154,66,8990,1301.5,27.82931354359926,2017.325,medium
49,female,152,60,8390,1144.0,25.969529085872576,1773.2,slow
18,female,166,82,7976,1606.5,29.757584555087824,2490.0750000000003,fast
22,female,150,70,7525,1366.5,31.11111111111111,2118.0750000000003,medium
49,male,166,74,10726,1537.5,26.854405574103644,2652.1875,fast
30,female,157,49,7147,1160.25,19.879102600511175,1595.34375,slow
33,female,155,67,4677,1312.75,27.887617065556707,1575.3,slow
30,male,176,46,8904,1415.0,14.850206611570249,2193.25,medium
28,female,161,69,2984,1395.25,26.61934338952972,1674.3,slow
47,male,175,58,5496,1443.75,18.93877551020408,1985.15625,medium
33,female,165,69,5758,1395.25,25.344352617079892,1918.46875,slow
44,male,178,67,3485,1567.5,21.146319909102385,1881.0,slow
41,male,171,96,10725,1828.75,32.83061454806607,3154.59375,fast
29,male,150,62,6527,1417.5,27.555555555555557,1949.0625,medium
29,male,163,45,9337,1328.75,16.937031879257784,2059.5625,medium
36,male,173,78,3951,1686.25,26.061679307694877,2023.5,medium
51,female,164,45,9505,1059.0,16.731112433075552,1641.45,slow
41,female,151,56,10370,1137.75,24.560326301478007,1962.61875,medium
24,female,166,59,8523,1346.5,21.410944984758313,2087.0750000000003,medium
38,male,168,53,2000,1395.0,18.77834467120182,1674.0,slow
26,female,157,45,5197,1140.25,18.25631871475516,1567.84375,slow
30,male,169,85,11138,1761.25,29.76086271489094,3038.15625,fast
40,female,168,68,5121,1369.0,24.092970521541954,1882.375,slow
30,male,182,80,4923,1792.5,24.151672503320853,2151.0,medium
48,male,163,65,9222,1433.75,24.46460160337235,2222.3125,medium
31,female,150,59,10698,1211.5,26.22222222222222,2089.8375,medium
18,female,159,54,8305,1282.75,21.359914560341757,1988.2625,medium
33,female,156,45,6603,1099.0,18.49112426035503,1511.125,slow
32,female,161,82,10143,1505.25,31.634581999151262,2596.55625,fast
34,female,157,66,6941,1310.25,26.775934114974238,1801.59375,slow
18,female,157,63,7418,1360.25,25.558846200657225,1870.34375,slow
44,female,159,60,7825,1212.75,23.73323840037973,1879.7625,slow
20,male,172,83,10407,1810.0,28.055705786911847,3122.25,fast
41,male,178,45,8200,1362.5,14.202752177755334,2111.875,medium
21,male,184,69,8118,1740.0,20.380434782608695,2697.0,fast
25,male,164,90,2000,1805.0,33.462224866151104,2166.0,medium
59,male,181,72,8021,1561.25,21.97735111870822,2419.9375,fast
46,female,150,68,13333,1226.5,30.22222222222222,2330.35,fast
20,female,174,50,13697,1326.5,16.514731140177037,2520.35,fast
38,female,169,54,6281,1245.25,18.906901018871892,1712.21875,slow
29,female,150,46,8959,1091.5,20.444444444444443,1691.825,slow
45,female,161,63,10149,1250.25,24.3046178773967,2156.68125,medium
40,female,154,83,3660,1431.5,34.99747006240513,1717.8,slow
23,female,160,45,11341,1174.0,17.578124999999996,2025.15,medium
25,female,161,52,10366,1240.25,20.060954438486167,2139.43125,medium
31,male,166,87,4013,1757.5,31.572071418202935,2109.0,medium
53,female,164,67,6208,1269.0,24.910767400356935,1744.875,slow
35,male,188,71,8508,1715.0,20.088275237664103,2658.25,fast
30,male,169,49,9675,1401.25,17.15626203564301,2171.9375,medium
18,female,168,52,11424,1319.0,18.42403628117914,2275.275,fast
60,male,167,63,3246,1378.75,22.589551436050055,1654.5,slow
41,female,160,81,7826,1444.0,31.640624999999993,2238.2000000000003,medium
33,male,180,67,3816,1635.0,20.679012345679013,1962.0,medium
35,male,176,77,7177,1700.0,24.857954545454547,2337.5,fast
36,male,169,75,4375,1631.25,26.25958474843318,1957.5,medium
26,female,161,63,7008,1345.25,24.3046178773967,1849.71875,slow
43,female,157,65,7742,1255.25,26.370238143535232,1945.6375,medium
20,female,163,54,6831,1297.75,20.32443825510934,1784.40625,slow
39,male,162,57,6616,1392.5,21.719250114311837,1914.6875,slow
54,male,166,67,6642,1442.5,24.31412396574249,1983.4375,medium
53,male,171,72,4430,1528.75,24.622960911049557,1834.5,slow
18,male,171,80,5768,1783.75,27.358845456721728,2452.65625,fast
29,female,156,56,7902,1229.0,23.011176857330703,1904.95,slow
42,male,185,65,6491,1601.25,18.991964937910883,2201.71875,medium
56,female,169,64,6583,1255.25,22.40817898532965,1725.96875,slow
32,female,175,63,5713,1402.75,20.571428571428573,1928.78125,medium
32,female,171,45,3945,1197.75,15.389350569405973,1437.3,slow
49,male,176,63,5376,1490.0,20.33832644628099,2048.75,medium
35,male,157,70,7401,1511.25,28.398718000730252,2077.96875,medium
37,female,171,79,2000,1512.75,27.01685988851271,1815.3,slow
47,male,176,78,7296,1650.0,25.180785123966942,2268.75,medium
36,male,163,85,2000,1693.75,31.992171327486922,2032.5,medium
42,female,158,86,9957,1476.5,34.449607434705975,2288.5750000000003,fast
41,male,167,65,2744,1493.75,23.306680053067517,1792.5,slow
31,male,180,56,5304,1535.0,17.28395061728395,2110.625,medium
40,male,155,66,5964,1433.75,27.47138397502601,1971.40625,medium
47,male,162,65,6849,1432.5,24.76756591982929,1969.6875,medium
44,male,168,79,6438,1625.0,27.99036281179139,2234.375,medium
44,female,171,67,6651,1357.75,22.91303307000445,1866.90625,slow
31,male,160,78,3674,1630.0,30.468749999999993,1956.0,medium
39,female,156,78,6584,1399.0,32.05128205128205,1923.625,slow
32,male,174,77,6698,1702.5,25.43268595587264,2340.9375,fast
27,male,168,78,6557,1700.0,27.636054421768712,2337.5,fast
37,male,169,89,8822,1766.25,31.161373901474043,2737.6875,fast
33,female,158,64,9517,1301.5,25.63691716071142,2017.325,medium
48,male,163,77,11715,1553.75,28.981143437841094,2680.21875,fast
26,male,173,78,3638,1736.25,26.061679307694877,2083.5,medium
46,male,168,45,9051,1275.0,15.94387755102041,1976.25,medium
34,male,164,51,7162,1370.0,18.961927424152293,1883.75,slow
38,female,160,51,9777,1159.0,19.921874999999996,1796.45,slow
18,female,159,72,9252,1462.75,28.479886080455675,2267.2625000000003,medium
47,male,164,72,5529,1515.0,26.769779892920884,2083.125,medium
33,female,160,86,6907,1534.0,33.59374999999999,2109.25,medium
24,male,175,67,7163,1648.75,21.877551020408163,2267.03125,medium
38,male,175,81,7551,1718.75,26.448979591836736,2664.0625,fast
46,female,153,47,5881,1035.25,20.07774787474903,1423.46875,slow
34,male,169,51,6613,1401.25,17.856517628934565,1926.71875,medium
30,female,162,60,8439,1301.5,22.86236854138088,2017.325,medium
29,female,168,58,6745,1324.0,20.549886621315196,1820.5,slow
23,female,154,79,6342,1476.5,33.310844999156686,2030.1875,medium
23,male,168,65,7733,1590.0,23.030045351473927,2464.5,fast
58,female,153,62,8459,1125.25,26.48553974966893,1744.1375,slow
34,male,159,75,7361,1578.75,29.666548000474663,2170.78125,medium
31,male,171,76,11026,1678.75,25.990903183885642,2895.84375,fast
32,male,168,72,8692,1615.0,25.510204081632658,2503.25,fast
41,male,173,83,4364,1711.25,27.732299776136855,2053.5,medium
41,female,179,78,6399,1532.75,24.343809494085704,2107.53125,medium
33,female,157,66,10356,1315.25,26.775934114974238,2268.80625,medium
18,male,168,80,5513,1765.0,28.344671201814062,2426.875,fast
39,female,170,81,9225,1516.5,28.027681660899656,2350.5750000000003,fast
36,female,154,64,9211,1261.5,26.986001011975038,1955.325,medium
28,female,163,71,8796,1427.75,26.722872520606725,2213.0125000000003,medium
34,female,150,71,5180,1316.5,31.555555555555557,1810.1875,slow
25,female,161,59,3832,1310.25,22.76146753597469,1572.3,slow
51,male,179,74,5951,1608.75,23.095409007209515,2212.03125,medium
22,female,157,80,9139,1510.25,32.45567771512029,2340.8875000000003,fast
19,male,176,71,3101,1720.0,22.920971074380166,2064.0,medium
30,female,172,57,7438,1334.0,19.2671714440238,1834.25,slow
18,female,170,66,7195,1471.5,22.837370242214536,2023.3125,medium
50,male,178,83,6241,1697.5,26.19618735008206,2334.0625,fast
35,male,170,64,8532,1532.5,22.145328719723185,2375.375,fast
48,male,175,78,5121,1638.75,25.46938775510204,2253.28125,medium
49,female,169,50,6458,1150.25,17.506389832288786,1581.59375,slow
30,female,154,74,7131,1391.5,31.20256367009614,1913.3125,slow
39,male,173,72,7499,1611.25,24.0569347455645,2215.46875,medium
33,male,175,74,10076,1673.75,24.163265306122447,2887.21875,fast
54,male,165,69,4953,1456.25,25.344352617079892,1747.5,slow
21,female,158,58,6696,1301.5,23.233456176894723,1789.5625,slow
30,female,162,54,4658,1241.5,20.576131687242793,1489.8,slow
33,female,154,55,7426,1186.5,23.19109461966605,1631.4375,slow
32,female,168,71,3129,1439.0,25.15589569160998,1726.8,slow
19,female,158,60,6744,1331.5,24.034609838166958,1830.8125,slow
39,female,157,45,9763,1075.25,18.25631871475516,1666.6375,slow
44,female,165,73,2000,1380.25,26.813590449954088,1656.3,slow
40,male,172,81,11051,1690.0,27.379664683612766,2915.25,fast
24,female,162,67,6047,1401.5,25.529644871208653,1927.0625,medium
18,male,166,73,8923,1682.5,26.491508201480624,2607.875,fast
44,male,164,81,8141,1620.0,30.116002379535995,2511.0,fast
39,male,161,76,10746,1576.25,29.319856487018246,2719.03125,fast
40,male,172,79,9492,1670.0,26.703623580313685,2588.5,fast
30,female,159,83,5218,1512.75,32.83097978719196,2080.03125,medium
49,male,172,74,5635,1575.0,25.013520822065985,2165.625,medium
24,female,159,66,3543,1372.75,26.106562240417702,1647.3,slow
35,male,167,57,6655,1443.75,20.43816558499767,1985.15625,medium
31,male,167,100,6913,1893.75,35.8564308508731,2603.90625,fast
26,female,169,54,7626,1305.25,18.906901018871892,2023.1375,medium
22,female,164,48,9104,1234.0,17.846519928613922,1912.7,slow
48,male,164,64,9173,1430.0,23.795359904818564,2216.5,medium
37,male,171,71,7433,1598.75,24.280975342840534,2198.28125,medium
32,female,159,73,6289,1402.75,28.875440053795337,1928.78125,medium
22,male,179,86,8492,1873.75,26.840610467838083,2904.3125,fast
42,male,176,78,3779,1675.0,25.180785123966942,2010.0,medium
44,female,174,48,10002,1186.5,15.854141894569956,2046.7125,medium
28,male,167,85,3530,1758.75,30.477966223242138,2110.5,medium
43,female,156,54,6018,1139.0,22.189349112426033,1566.125,slow
30,male,169,79,6008,1701.25,27.660095935016283,2339.21875,fast
28,male,184,85,10596,1865.0,25.10633270321361,3217.125,fast
38,male,169,62,7737,1491.25,21.707923392038097,2311.4375,fast
29,female,168,53,9264,1274.0,18.77834467120182,1974.7,medium
49,male,167,72,4936,1523.75,25.816630212628635,1828.5,slow
39,female,164,61,5866,1279.0,22.679952409280194,1758.625,slow
33,male,176,46,8687,1400.0,14.850206611570249,2170.0,medium
40,male,163,57,8846,1393.75,21.453573713726524,2160.3125,medium
23,male,160,66,6499,1550.0,25.781249999999996,2131.25,medium
53,female,152,57,8757,1094.0,24.67105263157895,1695.7,slow
30,female,150,45,9984,1076.5,20.0,1668.575,slow
34,female,155,77,10912,1407.75,32.04994797086368,2428.36875,fast
27,male,161,75,8682,1626.25,28.93406890166274,2520.6875,fast
40,male,173,61,8361,1496.25,20.381569714992146,2319.1875,fast
33,male,176,70,6372,1640.0,22.59814049586777,2255.0,medium
42,male,172,91,6952,1780.0,30.75987020010817,2447.5,fast
28,female,164,65,4637,1374.0,24.167162403331353,1648.8,slow
29,female,172,76,8448,1529.0,25.689561925365066,2369.9500000000003,fast
49,female,157,62,7695,1195.25,25.153150229218223,1852.6375,slow
33,female,164,75,8829,1449.0,27.885187388459254,2245.9500000000003,medium
42,female,167,73,5863,1402.75,26.175194521137367,1928.78125,medium
27,male,172,59,4482,1535.0,19.94321254732288,1842.0,slow
29,male,173,65,7612,1591.25,21.71806608974573,2466.4375,fast
23,male,160,63,9981,1520.0,24.609374999999996,2356.0,fast
40,female,153,49,8028,1085.25,20.932120124738347,1682.1375,slow
27,female,154,71,5841,1376.5,29.93759487265981,1892.6875,slow
52,male,165,100,5793,1776.25,36.73094582185492,2442.34375,fast
31,male,163,71,7504,1578.75,26.722872520606725,2447.0625,fast
44,female,150,84,2750,1396.5,37.333333333333336,1675.8,slow
34,female,161,70,8884,1375.25,27.005130974885226,2131.6375000000003,medium
29,female,162,74,6577,1446.5,28.19692120103642,1988.9375,medium
29,male,164,82,7222,1705.0,30.487804878048784,2344.375,fast
37,male,174,60,6348,1507.5,19.817677368212443,2072.8125,medium
36,female,150,73,7794,1326.5,32.44444444444444,2056.0750000000003,medium
51,male,174,54,6272,1377.5,17.8359096313912,1894.0625,slow
30,female,159,77,4001,1452.75,30.457655947153988,1743.3,slow
29,female,164,45,8924,1169.0,16.731112433075552,1811.95,slow
37,male,182,84,2000,1797.5,25.359256128486894,2157.0,medium
28,male,184,78,6968,1795.0,23.03875236294896,2468.125,fast
28,male,171,94,5243,1873.75,32.14664341164803,2576.40625,fast
44,female,167,56,7777,1222.75,20.07960127648894,1895.2625,slow
18,female,165,55,6159,1330.25,20.202020202020204,1829.09375,slow
29,male,164,72,5003,1605.0,26.769779892920884,2206.875,medium
27,male,173,71,6896,1661.25,23.722810651876106,2284.21875,fast
43,male,170,68,10447,1532.5,23.529411764705884,2643.5625,fast
38,female,157,59,10935,1220.25,23.93606231490121,2104.93125,medium
18,male,164,78,9821,1720.0,29.000594883997625,2666.0,fast
36,male,165,60,10299,1456.25,22.03856749311295,2512.03125,fast
23,female,153,66,9973,1340.25,28.194284249647573,2077.3875000000003,medium
47,female,153,61,5896,1170.25,26.05835362467427,1609.09375,slow
36,female,159,54,10664,1192.75,21.359914560341757,2057.49375,medium
46,female,150,49,12559,1036.5,21.77777777777778,1969.35,medium
25,female,150,69,4442,1341.5,30.666666666666668,1609.8,slow
40,male,169,85,7408,1711.25,29.76086271489094,2352.96875,fast
54,male,170,75,13554,1547.5,25.95155709342561,2940.25,fast
24,female,161,84,6649,1565.25,32.40615716986227,2152.21875,medium
41,female,165,53,3877,1195.25,19.467401285583104,1434.3,slow
18,female,160,53,5188,1279.0,20.703124999999996,1758.625,slow
32,male,169,73,7170,1631.25,25.55932915514163,2242.96875,medium
18,female,155,92,8323,1637.75,38.29344432882414,2538.5125000000003,fast
21,male,178,76,12259,1772.5,23.98687034465345,3057.5625,fast
27,male,150,90,8886,1707.5,40.0,2646.625,fast
34,female,164,66,4045,1354.0,24.538964901844146,1624.8,slow
44,female,155,85,7328,1437.75,35.37981269510926,1976.90625,medium
51,female,155,67,4249,1222.75,27.887617065556707,1467.3,slow
25,male,168,88,6288,1810.0,31.17913832199547,2488.75,fast
33,male,181,69,9042,1661.25,21.06162815542871,2574.9375,fast
34,male,159,69,10427,1518.75,27.29322416043669,2619.84375,fast
36,male,174,51,7866,1422.5,16.84502576298058,2204.875,medium
60,male,179,66,9707,1483.75,20.598608033457133,2299.8125,fast
34,female,150,77,10101,1376.5,34.22222222222222,2374.4625,fast
35,male,169,73,4859,1616.25,25.55932915514163,1939.5,medium
25,male,171,64,6816,1588.75,21.887076365377382,2184.53125,medium
40,male,168,67,7211,1525.0,23.738662131519277,2096.875,medium
23,female,157,65,3608,1355.25,26.370238143535232,1626.3,slow
35,female,164,45,9666,1139.0,16.731112433075552,1765.45,slow
33,female,154,57,5083,1206.5,24.034407151290267,1658.9375,slow
50,male,171,60,10805,1423.75,20.519134092541297,2455.96875,fast
37,female,152,67,5951,1274.0,28.999307479224377,1751.75,slow
44,male,168,62,5680,1455.0,21.9671201814059,2000.625,medium
35,female,161,66,8146,1330.25,25.461980633463213,2061.8875000000003,medium
30,male,163,80,8459,1673.75,30.11027889645828,2594.3125,fast
21,male,170,67,5007,1632.5,23.18339100346021,2244.6875,medium
21,female,164,73,4406,1489.0,27.141582391433676,1786.8,slow
38,male,174,98,7580,1882.5,32.368873034747,2917.875,fast
54,male,164,69,2000,1450.0,25.654372397382513,1740.0,slow
38,male,163,75,8939,1583.75,28.228386465429637,2454.8125,fast
18,female,156,45,13251,1174.0,18.49112426035503,2230.6,medium
49,female,161,45,11943,1050.25,17.360441340997646,1811.68125,slow
28,male,176,86,10276,1825.0,27.763429752066116,3148.125,fast
27,male,160,69,9279,1560.0,26.953124999999996,2418.0,fast
32,female,156,63,10052,1284.0,25.88757396449704,2214.9,medium
39,male,167,81,7721,1663.75,29.043708989207214,2578.8125,fast
35,male,172,73,6873,1635.0,24.675500270416443,2248.125,medium
32,female,157,75,6228,1410.25,30.427197857925268,1939.09375,medium
44,female,166,83,8901,1486.5,30.120481927710845,2304.0750000000003,fast
24,male,175,58,6162,1558.75,18.93877551020408,2143.28125,medium
24,male,173,70,5152,1666.25,23.38868655818771,2291.09375,fast
34,male,169,89,8154,1781.25,31.161373901474043,2760.9375,fast
33,male,153,78,7187,1576.25,33.320517749583495,2167.34375,medium
25,male,173,62,8158,1581.25,20.715693808680545,2450.9375,fast
51,female,164,71,7688,1319.0,26.397977394408095,2044.45,medium
25,female,161,52,3357,1240.25,20.060954438486167,1488.3,slow
32,female,154,47,9319,1111.5,19.81784449316917,1722.825,slow
47,female,150,57,5213,1111.5,25.333333333333332,1528.3125,slow
22,female,161,46,10100,1195.25,17.746228926353147,2061.80625,medium
31,female,160,50,7719,1184.0,19.531249999999996,1835.2,slow
31,female,166,45,6249,1171.5,16.330381768036002,1610.8125,slow
32,male,154,81,5505,1617.5,34.15415753078091,2224.0625,medium
25,female,163,53,8913,1262.75,19.94805976890361,1957.2625,medium
28,female,163,72,8235,1437.75,27.09925100681245,2228.5125000000003,medium
24,male,161,63,10365,1521.25,24.3046178773967,2624.15625,fast
27,male,174,63,5426,1587.5,20.808561236623067,2182.8125,medium
33,female,161,79,5189,1470.25,30.477219243084754,2021.59375,medium
37,male,178,92,9763,1852.5,29.036737785633125,2871.375,fast
21,male,175,64,12667,1633.75,20.897959183673468,3104.125,fast
37,female,150,45,9134,1041.5,20.0,1614.325,slow
18,female,161,64,8591,1395.25,24.690405462752206,2162.6375000000003,medium
44,male,164,73,4958,1540.0,27.141582391433676,1848.0,slow
22,female,178,68,9069,1521.5,21.461936624163616,2358.3250000000003,fast
28,male,183,48,9275,1488.75,14.333064588372299,2307.5625,fast
39,male,167,78,2544,1633.75,27.968016063681024,1960.5,medium
34,male,158,75,11366,1572.5,30.043262297708697,2712.5625,fast
38,female,156,68,8625,1304.0,27.94214332675871,2021.2,medium
60,male,166,64,9137,1382.5,23.225431847873423,2142.875,medium
36,female,152,56,11139,1169.0,24.238227146814403,2016.525,medium
26,male,171,82,8640,1763.75,28.042816593139772,2733.8125,fast
35,male,168,60,8804,1480.0,21.258503401360546,2294.0,fast
18,female,163,71,9813,1477.75,26.722872520606725,2290.5125000000003,fast
25,female,164,57,6865,1309.0,21.192742415229034,1799.875,slow
47,male,164,87,6143,1665.0,32.34681737061273,2289.375,fast
36,male,154,81,4127,1597.5,34.15415753078091,1917.0,slow
42,male,166,67,8214,1502.5,24.31412396574249,2328.875,fast
41,female,157,74,2405,1355.25,30.021501886486266,1626.3,slow
34,female,154,64,4774,1271.5,26.986001011975038,1525.8,slow
42,male,168,67,5793,1515.0,23.738662131519277,2083.125,medium
30,male,173,74,4622,1676.25,24.725182932941294,2011.5,medium
27,male,172,75,7279,1695.0,25.351541373715524,2330.625,fast
50,male,181,91,5741,1796.25,27.776929886145112,2469.84375,fast
34,female,158,76,4278,1416.5,30.443839128344813,1699.8,slow
33,male,176,64,6244,1580.0,20.66115702479339,2172.5,medium
29,female,155,73,10722,1392.75,30.38501560874089,2402.49375,fast
25,male,176,89,2000,1870.0,28.731921487603305,2244.0,medium
40,male,167,74,8376,1588.75,26.533758829646096,2462.5625,fast
32,female,176,66,9192,1439.0,21.306818181818183,2230.4500000000003,medium
34,female,156,63,7803,1274.0,25.88757396449704,1974.7,medium
32,female,163,73,10523,1427.75,27.475629493018182,2462.86875,fast
47,male,162,89,12417,1672.5,33.91251333638164,2885.0625,fast
54,female,150,74,5840,1246.5,32.888888888888886,1713.9375,slow
27,male,173,80,8247,1751.25,26.729927495071667,2714.4375,fast
42,male,157,54,6040,1316.25,21.907582457706194,1809.84375,slow
29,male,172,74,8657,1675.0,25.013520822065985,2596.25,fast
34,male,162,75,7765,1597.5,28.577960676726104,2476.125,fast
41,female,169,67,6735,1360.25,23.458562375266975,1870.34375,slow
18,male,164,85,6430,1790.0,31.603212373587155,2461.25,fast
39,female,164,45,8276,1119.0,16.731112433075552,1734.45,slow
39,male,174,73,5410,1627.5,24.111507464658473,2237.8125,medium
31,female,150,79,9716,1411.5,35.111111111111114,2187.8250000000003,medium
37,female,160,66,8576,1314.0,25.781249999999996,2036.7,medium
43,female,170,52,6519,1206.5,17.99307958477509,1658.9375,slow
32,male,187,69,6728,1703.75,19.73176241814178,2342.65625,fast
43,male,164,54,7121,1355.0,20.077334919690664,1863.125,slow
43,female,161,79,7595,1420.25,30.477219243084754,2201.3875000000003,medium
26,female,167,82,7622,1572.75,29.402273297715947,2437.7625000000003,fast
41,male,170,74,12128,1602.5,25.605536332179934,2764.3125,fast
38,female,150,74,9809,1326.5,32.888888888888886,2056.0750000000003,medium
31,female,163,80,6500,1502.75,30.11027889645828,2066.28125,medium
36,female,160,73,2000,1389.0,28.515624999999993,1666.8,slow
52,male,172,77,7920,1590.0,26.027582477014604,2464.5,fast
37,female,159,63,4523,1277.75,24.919900320398717,1533.3,slow
37,male,165,74,6361,1591.25,27.180899908172638,2187.96875,medium
39,male,177,82,9053,1736.25,26.173832551310287,2691.1875,fast
31,male,177,57,8255,1526.25,18.194005553959588,2365.6875,fast
42,female,156,69,10406,1294.0,28.353057199211044,2232.15,medium
30,female,155,71,5565,1367.75,29.552549427679498,1880.65625,slow
33,female,150,62,10561,1231.5,27.555555555555557,2124.3375,medium
18,male,181,84,8206,1886.25,25.640242971826257,2923.6875,fast
42,female,163,45,6686,1097.75,16.937031879257784,1509.40625,slow
19,female,151,59,8193,1277.75,25.876058067628612,1980.5125,medium
19,female,167,60,7636,1387.75,21.513858510523864,2151.0125000000003,medium
40,female,165,72,5763,1390.25,26.44628099173554,1911.59375,slow
29,male,168,71,7457,1620.0,25.15589569160998,2227.5,medium
31,male,170,95,4548,1862.5,32.871972318339104,2235.0,medium
60,female,150,47,10763,946.5,20.88888888888889,1632.7125,slow
25,female,155,65,9093,1332.75,27.055150884495315,2065.7625000000003,medium
30,male,175,89,11015,1838.75,29.06122448979592,3171.84375,fast
29,female,150,66,6127,1291.5,29.333333333333332,1775.8125,slow
28,male,171,75,7144,1683.75,25.64891761567662,2315.15625,fast
35,male,173,78,5350,1691.25,26.061679307694877,2325.46875,fast
35,male,177,61,12181,1546.25,19.4707778735357,2667.28125,fast
25,male,173,98,3784,1941.25,32.74416118146279,2329.5,fast
33,female,159,50,7472,1167.75,19.77769866698311,1605.65625,slow
54,female,169,66,12861,1285.25,23.1084345786212,2441.975,fast
44,female,158,66,10333,1266.5,26.43807082198365,2184.7125,medium
35,male,177,70,10726,1636.25,22.34351559258195,2822.53125,fast
29,male,189,62,10715,1661.25,17.35673693345651,2865.65625,fast
28,female,159,61,5676,1302.75,24.128792373719392,1791.28125,slow
39,male,154,62,4910,1392.5,26.14268848035082,1671.0,slow
38,male,170,63,14646,1507.5,21.79930795847751,2864.25,fast
20,female,169,52,5737,1315.25,18.20664542558034,1808.46875,slow
40,male,170,100,9224,1867.5,34.602076124567475,2894.625,fast
24,male,166,73,7995,1652.5,26.491508201480624,2561.375,fast
31,female,167,73,6951,1457.75,26.175194521137367,2004.40625,medium
18,female,152,70,9612,1399.0,30.297783933518005,2168.4500000000003,medium
60,male,173,85,9780,1636.25,28.40054796351365,2536.1875,fast
43,female,161,73,9395,1360.25,28.162493730951734,2108.3875000000003,medium
41,female,162,64,6052,1286.5,24.38652644413961,1768.9375,slow
28,male,181,79,8941,1786.25,24.114038033027075,2768.6875,fast
24,female,168,53,3587,1299.0,18.77834467120182,1558.8,slow
31,female,169,45,8146,1190.25,15.75575084905991,1844.8875,slow
18,female,164,61,8572,1384.0,22.679952409280194,2145.2000000000003,medium
36,male,183,82,6231,1788.75,24.48565200513601,2459.53125,fast
28,male,161,87,8264,1741.25,33.56351992592878,2698.9375,fast
33,male,168,83,5764,1720.0,29.40759637188209,2365.0,fast
35,male,167,70,5836,1573.75,25.099501595611173,2163.90625,medium
28,male,167,69,5319,1598.75,24.740937287102444,2198.28125,medium
18,male,178,66,8357,1687.5,20.830703194041156,2615.625,fast
40,male,176,74,6979,1645.0,23.889462809917354,2261.875,medium
40,male,169,54,10603,1401.25,18.906901018871892,2417.15625,fast
39,female,164,71,7814,1379.0,26.397977394408095,2137.4500000000003,medium
30,male,167,55,8622,1448.75,19.721036967980208,2245.5625,medium
40,male,164,91,5766,1740.0,33.834027364663896,2392.5,fast
22,female,169,46,7433,1245.25,16.105878645705683,1712.21875,slow
27,male,161,67,5227,1546.25,25.847768218818715,2126.09375,medium
37,male,179,71,6757,1648.75,22.15910864205237,2267.03125,medium
18,male,165,74,6925,1686.25,27.180899908172638,2318.59375,fast
18,female,151,53,8091,1222.75,23.244594535327398,1895.2625,slow
34,male,162,79,5130,1637.5,30.102118579484827,2251.5625,medium
42,female,164,69,4940,1344.0,25.654372397382513,1612.8,slow
41,male,154,86,6344,1622.5,36.26243885984146,2230.9375,medium
49,male,170,71,8230,1532.5,24.56747404844291,2375.375,fast
29,female,151,66,6730,1297.75,28.946098855313362,1784.40625,slow
43,male,180,63,10181,1545.0,19.444444444444443,2665.125,fast
23,male,169,70,10794,1646.25,24.508945765204302,2839.78125,fast
30,female,152,55,6543,1189.0,23.80540166204986,1634.875,slow
25,female,165,56,10008,1305.25,20.569329660238754,2251.55625,medium
47,male,174,83,8581,1687.5,27.414453692693883,2615.625,fast
44,male,169,79,8434,1631.25,27.660095935016283,2528.4375,fast
21,female,155,60,10170,1302.75,24.97398543184183,2247.24375,medium
47,male,164,76,10230,1555.0,28.256989886972047,2682.375,fast
40,female,151,72,6586,1302.75,31.577562387614577,1791.28125,slow
18,male,167,94,8692,1898.75,33.70504499982072,2943.0625,fast
30,male,172,59,7249,1520.0,19.94321254732288,2090.0,medium
44,female,150,45,8000,1006.5,20.0,1560.075,slow
35,female,150,60,9962,1201.5,26.666666666666668,1862.325,slow
38,female,166,45,6835,1136.5,16.330381768036002,1562.6875,slow
31,female,155,69,6360,1342.75,28.720083246618103,1846.28125,slow
39,male,168,67,10663,1530.0,23.738662131519277,2639.25,fast
37,female,161,56,9831,1220.25,21.60410477990818,1891.3875,slow
22,male,174,68,6388,1662.5,22.460034350640772,2285.9375,fast
33,female,161,54,8733,1220.25,20.832529609197174,1891.3875,slow
36,male,174,91,2608,1822.5,30.056810675122207,2187.0,medium
23,female,169,51,6825,1290.25,17.856517628934565,1774.09375,slow
26,male,178,72,8987,1707.5,22.724403484408533,2646.625,fast
39,female,161,67,8128,1320.25,25.847768218818715,2046.3875,medium
50,female,160,47,8513,1059.0,18.359374999999996,1641.45,slow
30,male,155,55,7477,1373.75,22.892819979188342,1888.90625,slow
24,female,161,52,10637,1245.25,20.060954438486167,2148.05625,medium
26,female,150,55,11433,1196.5,24.444444444444443,2063.9625,medium
41,female,169,67,8373,1360.25,23.458562375266975,2108.3875000000003,medium
38,female,155,64,6733,1257.75,26.638917793964616,1729.40625,slow
54,male,160,78,11035,1515.0,30.468749999999993,2613.375,fast
44,male,168,74,4666,1575.0,26.218820861678008,1890.0,slow
40,female,162,66,3794,1311.5,25.14860539551897,1573.8,slow
27,male,181,59,11483,1591.25,18.009218277830346,2744.90625,fast
48,male,163,71,6785,1493.75,26.722872520606725,2053.90625,medium
23,female,160,83,8446,1554.0,32.42187499999999,2408.7000000000003,fast
37,male,156,72,5953,1515.0,29.585798816568044,2083.125,medium
39,female,161,58,10034,1230.25,22.375679950619187,2122.18125,medium
38,male,164,97,2904,1810.0,36.06484235574064,2172.0,medium
18,female,159,62,8483,1362.75,24.524346347059055,2112.2625000000003,medium
36,female,167,62,4914,1322.75,22.230987127541326,1587.3,slow
18,female,150,48,7735,1166.5,21.333333333333332,1808.075,slow
25,female,150,62,5238,1271.5,27.555555555555557,1748.3125,slow
49,male,182,72,11036,1617.5,21.736505252988767,2790.1875,fast
51,male,181,61,4436,1491.25,18.619700253350018,1789.5,slow
28,male,167,76,4615,1668.75,27.250887446663558,2002.5,medium
24,male,165,57,8197,1486.25,20.936639118457304,2303.6875,fast
60,male,182,65,7123,1492.5,19.623233908948194,2052.1875,medium
42,male,159,87,5888,1658.75,34.41319568055061,2280.78125,fast
51,male,162,57,8067,1332.5,21.719250114311837,2065.375,medium
27,male,174,67,5481,1627.5,22.12973972783723,2237.8125,medium
46,male,172,77,8326,1620.0,26.027582477014604,2511.0,fast
27,male,181,80,10693,1801.25,24.41927902078691,3107.15625,fast
40,male,177,77,10934,1681.25,24.577867151840145,2900.15625,fast
35,female,162,62,7755,1296.5,23.624447492760247,2009.575,medium
36,male,173,68,8991,1586.25,22.720438370810918,2458.6875,fast
40,male,165,85,6593,1686.25,31.22130394857668,2318.59375,fast
22,male,171,58,7019,1543.75,19.835162956123252,2122.65625,medium
46,female,165,85,9675,1490.25,31.22130394857668,2309.8875000000003,fast
38,female,168,56,9336,1259.0,19.841269841269845,1951.45,medium
22,female,152,68,11999,1359.0,29.43213296398892,2344.275,fast
31,male,172,68,9129,1605.0,22.985397512168742,2487.75,fast
36,male,187,92,7547,1913.75,26.309016557522373,2966.3125,fast
38,male,173,61,9257,1506.25,20.381569714992146,2334.6875,fast
33,male,160,49,12988,1330.0,19.140624999999996,2527.0,fast
23,male,179,62,9860,1628.75,19.350207546580943,2524.5625,fast
34,female,151,66,7545,1272.75,28.946098855313362,1972.7625,medium
36,female,158,61,7545,1256.5,24.435186668803073,1947.575,medium
39,female,164,55,8454,1219.0,20.449137418203453,1889.45,slow
27,female,158,55,7535,1241.5,22.031725684986377,1924.325,slow
22,male,173,61,6458,1586.25,20.381569714992146,2181.09375,medium
35,female,159,67,8006,1327.75,26.502116213757365,2058.0125000000003,medium
40,male,172,73,11592,1610.0,24.675500270416443,2777.25,fast
25,female,163,60,9064,1332.75,22.582709172343712,2065.7625000000003,medium
20,female,151,54,8782,1222.75,23.683171790710933,1895.2625,slow
33,male,164,85,7954,1715.0,31.603212373587155,2658.25,fast
28,female,166,67,9806,1406.5,24.31412396574249,2180.0750000000003,medium
32,male,158,92,7178,1752.5,36.85306841852267,2409.6875,fast
35,female,157,51,5874,1155.25,20.690494543389182,1588.46875,slow
52,female,153,72,6361,1255.25,30.757400999615534,1725.96875,slow
34,male,176,89,8382,1825.0,28.731921487603305,2828.75,fast
43,male,164,69,8232,1505.0,25.654372397382513,2332.75,fast
37,female,150,74,9988,1331.5,32.888888888888886,2063.8250000000003,medium
19,male,182,51,9875,1557.5,15.396691220867044,2414.125,fast
32,female,167,66,8228,1382.75,23.66524436157625,2143.2625000000003,medium
34,female,153,86,9375,1485.25,36.73800674954077,2302.1375000000003,fast
33,female,150,63,8736,1241.5,28.0,1924.325,slow
34,male,175,72,8726,1648.75,23.510204081632654,2555.5625,fast
27,female,161,57,4808,1280.25,21.98989236526368,1536.3,slow
34,female,157,53,10734,1180.25,21.50188648626719,2035.93125,medium
36,male,162,55,4334,1387.5,20.957171162932475,1665.0,slow
29,female,158,70,7180,1381.5,28.040378144528116,1899.5625,slow
22,female,170,45,2000,1241.5,15.570934256055365,1489.8,slow
34,female,162,49,3361,1171.5,18.670934308794386,1405.8,slow
24,male,178,76,5943,1757.5,23.98687034465345,2416.5625,fast
46,male,156,91,7826,1660.0,37.39316239316239,2573.0,fast
37,female,153,59,6353,1200.25,25.20398137468495,1650.34375,slow
38,male,171,70,2893,1583.75,23.938989774631512,1900.5,slow
24,female,152,48,5983,1149.0,20.775623268698062,1579.875,slow
39,female,163,45,6755,1112.75,16.937031879257784,1530.03125,slow
37,female,160,45,9966,1104.0,17.578124999999996,1711.2,slow
47,male,176,60,4783,1470.0,19.369834710743802,1764.0,slow
36,male,161,56,8406,1391.25,21.60410477990818,2156.4375,medium
25,female,154,80,8738,1476.5,33.732501264968796,2288.5750000000003,fast
22,female,163,75,11308,1497.75,28.228386465429637,2583.61875,fast
18,male,177,80,6660,1821.25,25.53544639152223,2504.21875,fast
60,male,167,78,9585,1528.75,27.968016063681024,2369.5625,fast
44,male,158,94,13026,1712.5,37.6542220797949,3253.75,fast
58,male,162,76,7641,1487.5,28.959000152415786,2305.625,fast
47,male,168,58,6085,1400.0,20.549886621315196,1925.0,medium
32,female,153,76,11219,1395.25,32.46614549959418,2406.80625,fast
36,male,162,71,8278,1547.5,27.053802773967377,2398.625,fast
54,male,163,66,7572,1413.75,24.840980089578082,2191.3125,medium
47,male,162,53,5128,1312.5,20.195092211553114,1804.6875,slow
32,female,157,81,3949,1470.25,32.86137368655929,1764.3,slow
43,female,150,52,9336,1081.5,23.11111111111111,1676.325,slow
32,female,159,74,11596,1412.75,29.270994027135,2436.99375,fast
22,female,162,59,6637,1331.5,22.481329065691202,1830.8125,slow
39,female,172,74,8509,1459.0,25.013520822065985,2261.4500000000003,medium
26,male,177,74,7617,1721.25,23.620287912158062,2667.9375,fast
34,male,162,60,8837,1447.5,22.86236854138088,2243.625,medium
32,female,163,64,5038,1337.75,24.088223117166624,1839.40625,slow
36,female,160,53,9570,1189.0,20.703124999999996,1842.95,slow
23,female,162,78,9397,1516.5,29.721079103795148,2350.5750000000003,fast
23,female,150,52,9708,1181.5,23.11111111111111,1831.325,slow
34,female,158,83,4221,1486.5,33.247876942797625,1783.8,slow
35,female,158,75,5752,1401.5,30.043262297708697,1927.0625,medium
32,male,178,68,6827,1637.5,21.461936624163616,2251.5625,medium
22,female,159,68,10605,1402.75,26.897670187097027,2419.74375,fast
20,male,178,73,5146,1747.5,23.04002019946976,2402.8125,fast
27,male,170,67,6692,1602.5,23.18339100346021,2203.4375,medium
25,male,171,68,8212,1628.75,23.25501863821347,2524.5625,fast
38,male,168,59,10253,1455.0,20.904195011337873,2509.875,fast
28,female,153,67,9854,1325.25,28.621470374642232,2054.1375000000003,medium
49,male,174,93,8252,1777.5,30.71739992072929,2755.125,fast
26,male,161,65,6928,1531.25,25.076193048107708,2105.46875,medium
53,male,175,69,8559,1523.75,22.53061224489796,2361.8125,fast
40,male,168,71,5531,1565.0,25.15589569160998,2151.875,medium
26,female,174,56,9193,1356.5,18.49649887699828,2102.5750000000003,medium
36,male,168,87,8688,1745.0,30.824829931972793,2704.75,fast
35,male,163,65,5965,1498.75,24.46460160337235,2060.78125,medium
32,female,167,56,2350,1282.75,20.07960127648894,1539.3,slow
18,male,174,78,8899,1782.5,25.762980578676178,2762.875,fast
39,male,172,64,6318,1525.0,21.63331530557058,2096.875,medium
42,male,175,88,7571,1768.75,28.73469387755102,2741.5625,fast
21,male,158,87,7930,1757.5,34.85018426534209,2724.125,fast
22,female,150,45,6948,1116.5,20.0,1535.1875,slow
27,female,166,67,8818,1411.5,24.31412396574249,2187.8250000000003,medium
18,male,172,68,9970,1670.0,22.985397512168742,2588.5,fast
34,male,180,73,9647,1690.0,22.530864197530864,2619.5,fast
35,male,167,71,8432,1583.75,25.458065904119906,2454.8125,fast
44,female,156,58,5758,1174.0,23.83300460223537,1614.25,slow
51,female,163,74,5520,1342.75,27.85200797922391,1846.28125,slow
42,male,171,84,12146,1703.75,28.726787729557817,2938.96875,fast
27,female,159,75,9554,1447.75,29.666548000474663,2244.0125000000003,medium
60,male,167,77,9831,1518.75,27.60945175517229,2354.0625,fast
56,female,163,73,10454,1307.75,27.475629493018182,2255.86875,medium
33,male,165,67,4375,1541.25,24.609733700642796,1849.5,slow
40,male,166,87,2758,1712.5,31.572071418202935,2055.0,medium
33,male,164,71,11353,1575.0,26.397977394408095,2716.875,fast
43,female,159,77,6209,1387.75,30.457655947153988,1908.15625,slow
33,male,184,70,4390,1690.0,20.6758034026465,2028.0,medium
18,male,171,75,4442,1733.75,25.64891761567662,2080.5,medium
28,female,160,58,3947,1279.0,22.656249999999996,1534.8,slow
28,male,174,79,10840,1742.5,26.09327520147972,3005.8125,fast
24,female,150,56,3302,1216.5,24.88888888888889,1459.8,slow
25,female,158,60,7434,1301.5,24.034609838166958,1789.5625,slow
60,male,174,98,4262,1772.5,32.368873034747,2127.0,medium
24,female,163,70,6937,1437.75,26.346494034400994,1976.90625,medium
36,female,165,74,4571,1430.25,27.180899908172638,1716.3,slow
43,male,176,73,6721,1620.0,23.56663223140496,2227.5,medium
30,male,173,66,9022,1596.25,22.052190183434128,2474.1875,fast
46,male,174,45,4168,1312.5,14.863258026159334,1575.0,slow
21,male,166,67,6393,1607.5,24.31412396574249,2210.3125,medium
39,male,157,49,12671,1281.25,19.879102600511175,2434.375,fast
37,female,155,73,5638,1352.75,30.38501560874089,1860.03125,slow
28,female,157,68,11606,1360.25,27.587326057852245,2346.43125,fast
48,male,175,62,4892,1478.75,20.244897959183675,1774.5,slow
54,female,158,70,11144,1256.5,28.040378144528116,2167.4625,medium
28,male,166,92,9203,1822.5,33.386558281318045,2824.875,fast
27,female,154,56,3801,1226.5,23.61275088547816,1471.8,slow
18,female,164,61,6531,1384.0,22.679952409280194,1903.0,slow
35,male,158,84,9332,1657.5,33.64845377343374,2569.125,fast
33,male,161,54,7345,1386.25,20.832529609197174,1906.09375,slow
35,female,165,62,6025,1315.25,22.77318640955005,1808.46875,slow
22,male,185,72,4829,1771.25,21.0372534696859,2125.5,medium
18,female,158,66,11814,1396.5,26.43807082198365,2408.9625,fast
27,female,166,55,8302,1291.5,19.959355494266223,2001.825,medium
29,female,150,50,8532,1131.5,22.22222222222222,1753.825,slow
38,male,174,73,9718,1632.5,24.111507464658473,2530.375,fast
45,male,171,79,4970,1638.75,27.01685988851271,1966.5,medium
33,male,158,82,2370,1647.5,32.847300112161506,1977.0,medium
32,male,164,64,6493,1510.0,23.795359904818564,2076.25,medium
40,male,168,78,11373,1635.0,27.636054421768712,2820.375,fast
34,male,161,89,5177,1731.25,34.33509509663978,2380.46875,fast
18,female,161,85,6977,1605.25,32.79194475521777,2207.21875,medium
30,male,179,60,8762,1573.75,18.726007303142847,2439.3125,fast
36,female,160,58,11200,1239.0,22.656249999999996,2137.275,medium
48,male,179,86,9904,1743.75,26.840610467838083,2702.8125,fast
30,female,157,55,6136,1220.25,22.313278429145196,1677.84375,slow
29,female,150,84,10027,1471.5,37.333333333333336,2538.3375,fast
41,female,158,54,5853,1161.5,21.63114885435026,1597.0625,slow
34,male,170,60,8005,1497.5,20.761245674740486,2321.125,fast
50,male,165,67,7212,1456.25,24.609733700642796,2002.34375,medium
31,female,164,53,3294,1239.0,19.705532421177875,1486.8,slow
35,female,163,60,10869,1282.75,22.582709172343712,2212.74375,medium
42,female,158,65,2000,1266.5,26.037493991347535,1519.8,slow
18,male,164,60,7652,1540.0,22.308149910767405,2387.0,fast
48,female,150,78,2000,1316.5,34.666666666666664,1579.8,slow
48,female,155,51,13162,1077.75,21.227887617065555,2047.725,medium
34,male,171,83,9705,1733.75,28.384802161348794,2687.3125,fast
58,male,168,78,7292,1545.0,27.636054421768712,2124.375,medium
47,female,169,54,5586,1200.25,18.906901018871892,1650.34375,slow
38,female,163,67,9734,1337.75,25.21735857578381,2073.5125000000003,medium
55,female,166,45,7576,1051.5,16.330381768036002,1629.825,slow
49,female,160,77,8088,1364.0,30.078124999999993,2114.2000000000003,medium
20,female,161,64,7080,1385.25,24.690405462752206,1904.71875,slow
18,female,165,49,3401,1270.25,17.99816345270891,1524.3,slow
28,female,153,50,5037,1155.25,21.35930624973301,1588.46875,slow
42,male,169,67,4496,1521.25,23.458562375266975,1825.5,slow
36,male,179,68,12798,1623.75,21.22280827689523,3085.125,fast
23,female,164,94,4638,1689.0,34.94943486020227,2026.8,medium
33,male,175,64,4543,1573.75,20.897959183673468,1888.5,slow
49,male,165,75,3454,1541.25,27.548209366391188,1849.5,slow
30,male,165,70,8690,1586.25,25.71166207529844,2458.6875,fast
28,female,152,82,5943,1469.0,35.49168975069252,2019.875,medium
22,female,174,71,8193,1526.5,23.450918219051392,2366.0750000000003,fast
30,male,160,75,6732,1605.0,29.296874999999993,2206.875,medium
47,male,172,94,3049,1785.0,31.77393185505679,2142.0,medium
26,female,157,63,3576,1320.25,25.558846200657225,1584.3,slow
39,male,171,72,2891,1598.75,24.622960911049557,1918.5,slow
30,female,152,78,8771,1419.0,33.76038781163435,2199.4500000000003,medium
43,male,175,71,10572,1593.75,23.183673469387756,2749.21875,fast
46,male,179,74,5743,1633.75,23.095409007209515,2246.40625,medium
36,female,153,58,8367,1195.25,24.77679524969029,1852.6375,slow
43,male,159,60,3947,1383.75,23.73323840037973,1660.5,slow
25,female,157,79,8539,1485.25,32.049981743681286,2302.1375000000003,fast
43,male,168,82,13281,1660.0,29.053287981859416,3154.0,fast
31,male,164,76,9190,1635.0,28.256989886972047,2534.25,fast
47,female,151,95,11079,1497.75,41.6648392614359,2583.61875,fast
31,male,171,60,9684,1518.75,20.519134092541297,2354.0625,fast
26,female,156,50,11121,1184.0,20.5456936226167,2042.4,medium
33,female,150,45,2000,1061.5,20.0,1273.8,slow
38,male,158,85,5397,1652.5,34.049030604069856,2272.1875,fast
42,male,168,47,8680,1315.0,16.65249433106576,2038.25,medium
39,male,165,75,9306,1591.25,27.548209366391188,2466.4375,fast
34,female,155,55,4194,1187.75,22.892819979188342,1425.3,slow
58,male,172,86,5872,1650.0,29.069767441860467,2268.75,medium
34,male,172,58,7144,1490.0,19.60519199567334,2048.75,medium
32,female,158,79,6644,1456.5,31.64556962025316,2002.6875,medium
19,male,178,77,7437,1792.5,24.302487059714682,2464.6875,fast
39,male,171,58,4395,1458.75,19.835162956123252,1750.5,slow
18,male,161,87,9697,1791.25,33.56351992592878,2776.4375,fast
48,female,152,71,5662,1259.0,30.730609418282548,1731.125,slow
33,male,162,65,4912,1502.5,24.76756591982929,1803.0,slow
37,female,152,52,7562,1124.0,22.506925207756233,1742.2,slow
43,female,157,69,10360,1295.25,27.993022029291247,2234.30625,medium
33,female,153,69,2000,1320.25,29.475842624631554,1584.3,slow
58,male,157,58,12994,1276.25,23.53036634346221,2424.875,fast
29,female,168,67,6338,1414.0,23.738662131519277,1944.25,medium
40,male,164,54,9824,1370.0,20.077334919690664,2123.5,medium
47,female,156,45,6222,1029.0,18.49112426035503,1414.875,slow
36,male,176,94,8029,1865.0,30.34607438016529,2890.75,fast
60,female,153,55,6605,1045.25,23.49523687470631,1437.21875,slow
47,female,157,61,3893,1195.25,24.747454257779218,1434.3,slow
32,female,159,60,12430,1272.75,23.73323840037973,2195.49375,medium
32,female,161,68,8310,1365.25,26.23355580417422,2116.1375000000003,medium
29,male,158,92,2989,1767.5,36.85306841852267,2121.0,medium
39,female,150,54,5259,1121.5,24.0,1542.0625,slow
41,male,164,71,8015,1535.0,26.397977394408095,2379.25,fast
28,female,154,67,7695,1331.5,28.25096980941137,2063.8250000000003,medium
42,male,178,55,6917,1457.5,17.35891932836763,2004.0625,medium
34,male,180,86,5978,1820.0,26.54320987654321,2502.5,fast
23,male,167,47,6339,1403.75,16.85252249991036,1930.15625,medium
29,male,164,65,8784,1535.0,24.167162403331353,2379.25,fast
44,female,156,57,9334,1164.0,23.422090729783037,1804.2,slow
35,male,173,75,6061,1661.25,25.05930702662969,2284.21875,fast
43,male,174,77,4209,1647.5,25.43268595587264,1977.0,medium
26,male,153,73,9202,1561.25,31.184587124610193,2419.9375,fast
18,male,170,85,5141,1827.5,29.411764705882355,2512.8125,fast
36,male,179,79,11434,1733.75,24.65590961580475,2990.71875,fast
34,male,165,60,11753,1466.25,22.03856749311295,2529.28125,fast
46,male,162,89,12277,1677.5,33.91251333638164,2893.6875,fast
43,female,171,60,6588,1292.75,20.519134092541297,1777.53125,slow
35,female,153,56,9670,1180.25,23.92242299970097,1829.3875,slow
47,male,184,84,9861,1760.0,24.8109640831758,2728.0,fast
28,male,169,58,5839,1501.25,20.307412205454995,2064.21875,medium
41,male,167,73,5031,1573.75,26.175194521137367,2163.90625,medium
23,male,167,49,3445,1423.75,17.569651116927822,1708.5,slow
29,female,150,73,10406,1361.5,32.44444444444444,2348.5875,fast
60,male,177,51,4712,1321.25,16.278847074595422,1585.5,slow
34,female,161,71,7229,1385.25,27.390918560240728,1904.71875,slow
36,female,158,70,6965,1346.5,28.040378144528116,1851.4375,slow
30,male,168,85,7833,1755.0,30.116213151927443,2720.25,fast
27,male,176,62,7362,1590.0,20.015495867768596,2186.25,medium
41,male,178,67,11029,1582.5,21.146319909102385,2729.8125,fast
42,female,159,67,9526,1292.75,26.502116213757365,2003.7625,medium
39,female,162,55,11390,1206.5,20.957171162932475,2081.2125,medium
34,male,168,74,8725,1625.0,26.218820861678008,2518.75,fast
26,female,163,50,2710,1227.75,18.818924310286427,1473.3,slow
29,male,168,67,4220,1580.0,23.738662131519277,1896.0,slow
40,female,152,66,6691,1249.0,28.566481994459835,1717.375,slow
43,female,164,64,7976,1289.0,23.795359904818564,1997.95,medium
29,female,154,62,9591,1276.5,26.14268848035082,1978.575,medium
32,male,178,70,7280,1657.5,22.093170054286073,2279.0625,fast
40,female,153,61,7148,1205.25,26.05835362467427,1657.21875,slow
18,female,155,62,7320,1337.75,25.806451612903224,1839.40625,slow
22,female,165,65,6848,1410.25,23.875114784205696,1939.09375,medium
40,male,174,54,9685,1432.5,17.8359096313912,2220.375,medium
45,female,153,65,10983,1220.25,27.76709812465291,2104.93125,medium
30,female,158,57,4164,1246.5,22.832879346258608,1495.8,slow
54,male,170,70,9757,1497.5,24.221453287197235,2321.125,fast
18,female,168,74,9090,1539.0,26.218820861678008,2385.4500000000003,fast
20,male,175,56,4061,1558.75,18.285714285714285,1870.5,slow
36,male,173,68,7525,1586.25,22.720438370810918,2458.6875,fast
23,male,156,68,8836,1545.0,27.94214332675871,2394.75,fast
44,male,168,87,11177,1705.0,30.824829931972793,2941.125,fast
32,female,157,54,6839,1200.25,21.907582457706194,1650.34375,slow
45,male,172,45,7471,1305.0,15.210924824229314,1794.375,slow
31,male,175,58,4361,1523.75,18.93877551020408,1828.5,slow
28,male,171,76,4880,1693.75,25.990903183885642,2032.5,medium
49,male,179,76,5812,1638.75,23.719609250647608,2253.28125,medium
49,female,150,62,6807,1151.5,27.555555555555557,1583.3125,slow
41,male,164,65,7507,1475.0,24.167162403331353,2286.25,fast
34,male,151,68,7417,1458.75,29.823253366080436,2005.78125,medium
45,female,158,47,10396,1071.5,18.82711103989745,1848.3375,slow
44,female,164,72,7957,1364.0,26.769779892920884,2114.2000000000003,medium
30,female,173,71,5994,1480.25,23.722810651876106,2035.34375,medium
33,male,150,69,10585,1467.5,30.666666666666668,2531.4375,fast
18,female,150,72,7358,1406.5,32.0,1933.9375,medium
41,male,171,65,5827,1518.75,22.229061933586404,2088.28125,medium
47,female,161,80,7391,1410.25,30.86300682844026,1939.09375,medium
39,female,153,88,11399,1480.25,37.5923789995301,2553.43125,fast
43,male,167,60,3450,1433.75,21.513858510523864,1720.5,slow
39,female,163,67,3288,1332.75,25.21735857578381,1599.3,slow
28,female,163,60,10645,1317.75,22.582709172343712,2273.11875,fast
37,male,174,62,14244,1527.5,20.478266613819528,2902.25,fast
29,female,158,59,8564,1271.5,23.634033007530842,1970.825,medium
25,male,174,59,2987,1557.5,19.487382745408905,1869.0,slow
24,male,163,50,3371,1403.75,18.818924310286427,1684.5,slow
48,male,188,89,6601,1830.0,25.18107741059303,2516.25,fast
49,female,162,52,7737,1126.5,19.81405273586343,1746.075,slow
24,female,156,80,10099,1494.0,32.87310979618672,2577.15,fast
25,female,170,85,6272,1626.5,29.411764705882355,2236.4375,medium
35,male,174,71,10336,1627.5,23.450918219051392,2807.4375,fast
30,male,158,68,7044,1522.5,27.239224483255885,2093.4375,medium
18,male,164,88,7868,1820.0,32.718619869125526,2821.0,fast
22,male,165,71,7345,1636.25,26.07897153351699,2249.84375,medium
34,female,168,49,8393,1209.0,17.361111111111114,1873.95,slow
37,female,157,82,7092,1455.25,33.26706965799829,2000.96875,medium
25,male,174,73,2000,1697.5,24.111507464658473,2037.0,medium
48,male,169,66,9164,1481.25,23.1084345786212,2295.9375,fast
20,female,159,60,6354,1332.75,23.73323840037973,1832.53125,slow
47,male,171,89,9122,1728.75,30.436715570602924,2679.5625,fast
24,female,163,45,8516,1187.75,16.937031879257784,1841.0125,slow
45,female,164,58,11146,1219.0,21.564544913741823,2102.775,medium
45,female,150,62,11745,1171.5,27.555555555555557,2020.8375,medium
34,male,161,89,6383,1731.25,34.33509509663978,2380.46875,fast
43,female,161,84,6295,1470.25,32.40615716986227,2021.59375,medium
42,male,160,69,9535,1485.0,26.953124999999996,2301.75,fast
35,male,175,91,5009,1833.75,29.714285714285715,2521.40625,fast
48,male,167,66,6094,1468.75,23.66524436157625,2019.53125,medium
29,female,154,66,10255,1316.5,27.82931354359926,2270.9625,fast
35,female,170,68,13887,1406.5,23.529411764705884,2672.35,fast
44,male,165,58,4899,1396.25,21.30394857667585,1675.5,slow
46,male,168,77,2000,1595.0,27.281746031746035,1914.0,slow
39,male,172,75,4606,1635.0,25.351541373715524,1962.0,medium
28,male,169,64,2984,1561.25,22.40817898532965,1873.5,slow
37,female,161,76,7575,1420.25,29.319856487018246,2201.3875000000003,medium
33,female,173,52,9528,1275.25,17.374452871796585,1976.6375,medium
54,female,150,59,6420,1096.5,26.22222222222222,1507.6875,slow
36,male,176,84,6302,1765.0,27.117768595041323,2426.875,fast
25,female,160,61,10984,1324.0,23.828124999999996,2283.9,fast
26,male,172,63,7355,1580.0,21.29529475392104,2172.5,medium
35,male,158,92,6593,1737.5,36.85306841852267,2389.0625,fast
33,female,168,50,6451,1224.0,17.71541950113379,1683.0,slow
27,male,168,75,11452,1670.0,26.573129251700685,2880.75,fast
32,male,168,70,6224,1595.0,24.801587301587304,2193.125,medium
39,female,155,70,8203,1312.75,29.1363163371488,2034.7625,medium
23,female,161,72,12175,1450.25,27.776706145596233,2501.68125,fast
40,male,169,100,12326,1861.25,35.01277966457757,3210.65625,fast
34,male,176,56,5216,1495.0,18.078512396694215,2055.625,medium
33,male,173,79,8130,1711.25,26.395803401383272,2652.4375,fast
37,female,154,66,6230,1276.5,27.82931354359926,1755.1875,slow
26,male,161,78,8072,1661.25,30.091431657729252,2574.9375,fast
45,female,153,65,8673,1220.25,27.76709812465291,1891.3875,slow
33,female,161,68,11965,1360.25,26.23355580417422,2346.43125,fast
23,female,157,63,7791,1335.25,25.558846200657225,2069.6375000000003,medium
40,male,156,61,2000,1390.0,25.06574621959237,1668.0,slow
37,female,169,83,8450,1540.25,29.060607121599386,2387.3875000000003,fast
34,female,173,77,8811,1520.25,25.727555214006482,2356.3875000000003,fast
30,female,164,57,3737,1284.0,21.192742415229034,1540.8,slow
18,female,172,66,7231,1484.0,22.30935640886966,2040.5,medium
31,female,162,70,10169,1396.5,26.672763298277697,2408.9625,fast
47,male,179,86,5795,1748.75,26.840610467838083,2404.53125,fast
29,male,175,72,6059,1673.75,23.510204081632654,2301.40625,fast
36,female,165,72,8581,1410.25,26.44628099173554,2185.8875000000003,medium
28,female,158,75,6757,1436.5,30.043262297708697,1975.1875,medium
40,male,169,63,6857,1491.25,22.058051188683873,2050.46875,medium
18,female,150,45,6547,1136.5,20.0,1562.6875,slow
38,male,180,75,7965,1690.0,23.148148148148145,2619.5,fast
36,female,157,69,5823,1330.25,27.993022029291247,1829.09375,slow
40,male,174,84,10875,1732.5,27.74474831549742,2988.5625,fast
25,female,168,69,6536,1454.0,24.44727891156463,1999.25,medium
46,male,164,82,6335,1620.0,30.487804878048784,2227.5,medium
36,female,162,56,10516,1231.5,21.338210638622158,2124.3375,medium
48,male,179,70,7804,1583.75,21.847008520333322,2454.8125,fast
26,male,172,67,8684,1620.0,22.647376960519203,2511.0,fast
25,male,174,83,5975,1797.5,27.414453692693883,2471.5625,fast
42,female,154,45,7780,1041.5,18.974531961544947,1614.325,slow
34,male,164,60,8720,1460.0,22.308149910767405,2263.0,medium
60,female,170,56,9517,1161.5,19.377162629757787,1800.325,slow
49,male,168,61,12437,1420.0,21.612811791383223,2449.5,fast
45,female,165,54,9199,1185.25,19.834710743801654,1837.1375,slow
29,female,176,45,8772,1244.0,14.527376033057852,1928.2,medium
43,female,155,61,13098,1202.75,25.390218522372525,2285.225,fast
29,female,151,51,6765,1147.75,22.367440024560327,1578.15625,slow
36,male,176,71,9269,1635.0,22.920971074380166,2534.25,fast
33,female,157,45,7072,1105.25,18.25631871475516,1519.71875,slow
39,male,182,71,6849,1657.5,21.434609346697258,2279.0625,fast
24,female,153,45,2176,1125.25,19.223375624759708,1350.3,slow
37,male,174,78,6660,1687.5,25.762980578676178,2320.3125,fast
26,male,181,65,5108,1656.25,19.840664204389366,2277.34375,fast
38,female,164,60,13331,1274.0,22.308149910767405,2420.6,fast
49,female,155,90,7378,1462.75,37.460978147762745,2011.28125,medium
31,female,166,63,9168,1351.5,22.8625344752504,2094.8250000000003,medium
23,male,176,79,3933,1780.0,25.50361570247934,2136.0,medium
20,male,160,67,2081,1575.0,26.171874999999996,1890.0,slow
28,male,158,58,11614,1432.5,23.233456176894723,2471.0625,fast
33,female,156,64,9671,1289.0,26.298487836949374,1997.95,medium
44,female,173,76,10758,1460.25,25.393431120318084,2518.93125,fast
27,female,150,60,10380,1241.5,26.666666666666668,2141.5875,medium
32,male,160,76,8372,1605.0,29.687499999999993,2487.75,fast
42,male,161,56,7270,1361.25,21.60410477990818,1871.71875,slow
26,male,165,86,6488,1766.25,31.58861340679523,2428.59375,fast
25,female,156,52,7175,1209.0,21.367521367521366,1662.375,slow
38,male,168,76,10255,1625.0,26.92743764172336,2803.125,fast
29,female,150,66,11775,1291.5,29.333333333333332,2227.8375,medium
26,male,161,81,9991,1691.25,31.24879441379576,2621.4375,fast
40,male,174,63,5003,1522.5,20.808561236623067,2093.4375,medium
50,female,155,59,2683,1147.75,24.55775234131113,1377.3,slow
18,male,160,78,8768,1695.0,30.468749999999993,2627.25,fast
29,male,167,57,5973,1473.75,20.43816558499767,2026.40625,medium
37,female,153,66,6145,1270.25,28.194284249647573,1746.59375,slow
46,male,170,70,7328,1537.5,24.221453287197235,2114.0625,medium
31,female,160,74,9396,1424.0,28.906249999999993,2207.2000000000003,medium
49,female,165,46,6746,1085.25,16.896235078053262,1492.21875,slow
43,male,190,90,7565,1877.5,24.930747922437675,2910.125,fast
20,male,179,66,9270,1683.75,20.598608033457133,2609.8125,fast
50,female,157,67,7135,1240.25,27.18163008641324,1705.34375,slow
21,female,157,79,7405,1505.25,32.049981743681286,2069.71875,medium
22,male,160,59,2449,1485.0,23.046874999999996,1782.0,slow
40,male,172,45,4998,1330.0,15.210924824229314,1596.0,slow
24,male,178,83,9533,1827.5,26.19618735008206,2832.625,fast
36,male,179,100,4344,1943.75,31.210012171904747,2332.5,fast
22,male,178,67,7694,1677.5,21.146319909102385,2600.125,fast
18,female,165,66,9043,1440.25,24.242424242424246,2232.3875000000003,medium
29,male,152,84,6071,1650.0,36.35734072022161,2268.75,medium
40,female,158,56,5174,1186.5,22.432302515622492,1631.4375,slow
22,male,155,82,12178,1683.75,34.131113423517164,2904.46875,fast
30,female,164,45,2000,1164.0,16.731112433075552,1396.8,slow
38,female,151,45,7413,1042.75,19.735976492259113,1433.78125,slow
37,male,177,61,2233,1536.25,19.4707778735357,1843.5,slow
44,male,173,49,6989,1356.25,16.372080590731397,1864.84375,slow
46,male,179,81,10116,1703.75,25.280109859242845,2938.96875,fast
39,female,163,81,9030,1472.75,30.48665738266401,2282.7625000000003,fast
34,male,172,89,8153,1800.0,30.08382909680909,2790.0,fast
26,female,157,64,2574,1330.25,25.96454217209623,1596.3,slow
30,female,150,79,14251,1416.5,35.111111111111114,2691.35,fast
49,male,172,57,4495,1405.0,19.2671714440238,1686.0,slow
45,male,165,70,2000,1511.25,25.71166207529844,1813.5,slow
30,female,159,66,12445,1342.75,26.106562240417702,2316.24375,fast
36,male,166,88,9410,1742.5,31.934968790825955,2700.875,fast
53,female,158,45,2000,1011.5,18.02595737862522,1213.8,slow
30,male,174,57,8330,1512.5,18.826793499801823,2344.375,fast
28,male,168,54,4206,1455.0,19.13265306122449,1746.0,slow
38,female,157,60,4570,1230.25,24.341758286340216,1476.3,slow
41,female,174,73,8327,1451.5,24.111507464658473,2249.8250000000003,medium
28,female,164,70,11353,1424.0,26.026174895895306,2456.4,fast
18,female,150,65,9498,1336.5,28.88888888888889,2071.5750000000003,medium
43,male,174,77,6311,1647.5,25.43268595587264,2265.3125,medium
50,female,162,62,8785,1221.5,23.624447492760247,1893.325,slow
26,female,159,45,7215,1152.75,17.799928800284796,1585.03125,slow
31,female,160,45,8320,1134.0,17.578124999999996,1757.7,slow
42,male,176,62,3655,1515.0,20.015495867768596,1818.0,slow
31,male,170,74,4871,1652.5,25.605536332179934,1983.0,medium
41,female,155,61,6916,1212.75,25.390218522372525,1667.53125,slow
30,male,178,55,6222,1517.5,17.35891932836763,2086.5625,medium
22,female,150,45,7447,1116.5,20.0,1535.1875,slow
27,male,172,78,4656,1725.0,26.365603028664147,2070.0,medium
22,male,168,73,3471,1675.0,25.86451247165533,2010.0,medium
41,female,167,53,4823,1207.75,19.003908350962746,1449.3,slow
35,male,174,75,7862,1667.5,24.772096710265558,2584.625,fast
27,male,167,61,9057,1523.75,21.872422819032593,2361.8125,fast
45,male,179,82,6958,1718.75,25.592209980961893,2363.28125,fast
39,male,169,74,2449,1606.25,25.909456951787405,1927.5,medium
57,male,171,62,8379,1408.75,21.20310522895934,2183.5625,medium
42,male,169,65,7645,1501.25,22.758306781975424,2326.9375,fast
29,male,171,71,7536,1638.75,24.280975342840534,2540.0625,fast
46,female,161,79,7013,1405.25,30.477219243084754,1932.21875,medium
41,female,170,76,4701,1456.5,26.29757785467128,1747.8,slow
30,male,182,82,6795,1812.5,24.755464315903875,2492.1875,fast
28,male,169,53,5802,1451.25,18.556773222226116,1995.46875,medium
21,male,166,97,9817,1907.5,35.20104514443316,2956.625,fast
35,female,150,78,9493,1381.5,34.666666666666664,2141.3250000000003,medium
40,female,166,65,10205,1326.5,23.588329220496444,2288.2125,fast
31,female,151,69,5235,1317.75,30.26183062146397,1811.90625,slow
45,male,168,79,5969,1620.0,27.99036281179139,2227.5,medium
40,male,173,56,7805,1446.25,18.710949246550168,2241.6875,medium
51,male,168,69,10170,1490.0,24.44727891156463,2570.25,fast
34,female,164,96,11864,1654.0,35.693039857227845,2853.15,fast
42,male,163,70,6022,1513.75,26.346494034400994,2081.40625,medium
44,male,169,63,10391,1471.25,22.058051188683873,2537.90625,fast
50,male,169,64,6332,1451.25,22.40817898532965,1995.46875,medium
29,female,155,46,5470,1122.75,19.14672216441207,1543.78125,slow
29,female,155,72,11410,1382.75,29.968782518210194,2385.24375,fast
26,female,151,54,9143,1192.75,23.683171790710933,1848.7625,slow
23,male,172,80,10523,1765.0,27.041644131963228,3044.625,fast
32,male,179,73,7313,1693.75,22.783308885490467,2328.90625,fast
38,female,162,48,5794,1141.5,18.289894833104707,1569.5625,slow
21,female,162,85,7445,1596.5,32.38835543362292,2195.1875,medium
60,male,169,61,6143,1371.25,21.35779559539232,1885.46875,slow
43,male,170,73,4336,1582.5,25.25951557093426,1899.0,slow
43,female,162,66,2091,1296.5,25.14860539551897,1555.8,slow
44,female,150,59,7905,1146.5,26.22222222222222,1777.075,slow
35,male,161,74,9542,1576.25,28.54828131630724,2443.1875,fast
33,female,164,61,7651,1309.0,22.679952409280194,2028.95,medium
28,female,173,45,7416,1230.25,15.035584215977813,1691.59375,slow
48,female,161,60,10920,1205.25,23.147255121330193,2079.05625,medium
35,female,163,55,6300,1232.75,20.70081674131507,1695.03125,slow
29,female,165,76,4381,1485.25,27.915518824609737,1782.3,slow
46,male,159,72,8161,1488.75,28.479886080455675,2307.5625,fast
20,female,159,56,5898,1292.75,22.151022507021082,1777.53125,slow
24,female,159,52,8263,1232.75,20.56880661366243,1910.7625,slow
30,female,160,75,7088,1439.0,29.296874999999993,1978.625,medium
32,male,168,86,9699,1755.0,30.470521541950117,2720.25,fast
33,female,156,51,9623,1159.0,20.956607495069033,1796.45,slow
33,female,155,55,7440,1192.75,22.892819979188342,1640.03125,slow
31,female,156,65,11668,1309.0,26.709401709401707,2258.025,medium
44,male,167,82,8408,1648.75,29.402273297715947,2555.5625,fast
41,female,164,60,8006,1259.0,22.308149910767405,1951.45,medium
45,female,164,76,9978,1399.0,28.256989886972047,2168.4500000000003,medium
25,male,174,47,3736,1437.5,15.523847271766416,1725.0,slow
21,female,150,76,7157,1431.5,33.77777777777778,1968.3125,medium
26,female,154,64,9190,1311.5,26.986001011975038,2032.825,medium
36,male,167,57,7178,1438.75,20.43816558499767,1978.28125,medium
36,female,157,61,4296,1250.25,24.747454257779218,1500.3,slow
43,male,164,53,8930,1345.0,19.705532421177875,2084.75,medium
41,female,150,65,8157,1221.5,28.88888888888889,1893.325,slow
39,male,167,60,11217,1453.75,21.513858510523864,2507.71875,fast
37,female,150,65,8056,1241.5,28.88888888888889,1924.325,slow
26,female,159,67,6120,1372.75,26.502116213757365,1887.53125,slow
31,female,162,67,6167,1366.5,25.529644871208653,1878.9375,slow
51,male,172,85,3944,1675.0,28.73174689021093,2010.0,medium
32,male,176,79,7357,1735.0,25.50361570247934,2385.625,fast
42,female,150,65,5692,1216.5,28.88888888888889,1672.6875,slow
49,female,153,64,4205,1190.25,27.339911999658252,1428.3,slow
18,female,157,45,8940,1180.25,18.25631871475516,1829.3875,slow
34,female,152,61,12455,1229.0,26.40235457063712,2120.025,medium
34,male,168,74,10387,1625.0,26.218820861678008,2803.125,fast
28,female,163,69,7314,1407.75,25.970115548195267,1935.65625,medium
27,male,174,60,6210,1557.5,19.817677368212443,2141.5625,medium
39,female,157,45,14257,1075.25,18.25631871475516,2042.975,medium
40,male,173,70,11514,1586.25,23.38868655818771,2736.28125,fast
44,female,155,65,9650,1237.75,27.055150884495315,1918.5125,slow
59,male,173,84,9832,1631.25,28.06642386982525,2528.4375,fast
35,male,177,54,8583,1476.25,17.236426314277505,2288.1875,fast
37,male,176,70,9233,1620.0,22.59814049586777,2511.0,fast
33,male,169,56,6873,1456.25,19.607156612163443,2002.34375,medium
28,female,150,72,7075,1356.5,32.0,1865.1875,slow
22,female,160,68,7717,1409.0,26.562499999999996,2183.9500000000003,medium
36,male,163,78,6239,1623.75,29.357521924046825,2232.65625,medium
32,male,176,49,7371,1435.0,15.81869834710744,1973.125,medium
40,female,164,48,7376,1144.0,17.846519928613922,1573.0,slow
28,female,150,62,7524,1256.5,27.555555555555557,1947.575,medium
25,male,173,59,10863,1551.25,19.713321527615356,2675.90625,fast
31,female,168,68,7115,1414.0,24.092970521541954,1944.25,medium
57,male,175,69,5122,1503.75,22.53061224489796,2067.65625,medium
58,male,176,68,8424,1495.0,21.952479338842977,2317.25,fast
39,female,168,82,6796,1514.0,29.053287981859416,2081.75,medium
41,female,158,74,8104,1361.5,29.642685467072578,2110.3250000000003,medium
21,female,153,45,5433,1140.25,19.223375624759708,1567.84375,slow
24,male,160,59,5026,1475.0,23.046874999999996,2028.125,medium
18,male,164,45,2000,1390.0,16.731112433075552,1668.0,slow
41,male,164,83,2653,1655.0,30.859607376561577,1986.0,medium
37,male,157,73,3599,1531.25,29.61580591504726,1837.5,slow
28,female,163,45,5931,1167.75,16.937031879257784,1605.65625,slow
54,male,180,70,9616,1560.0,21.604938271604937,2418.0,fast
41,female,158,59,9414,1211.5,23.634033007530842,1877.825,slow
24,female,156,68,3171,1374.0,27.94214332675871,1648.8,slow
18,male,174,60,2000,1602.5,19.817677368212443,1923.0,slow
23,female,160,65,8421,1374.0,25.390624999999996,2129.7000000000003,medium
54,female,158,66,7840,1216.5,26.43807082198365,1885.575,slow
32,male,162,61,7739,1467.5,23.243408017070564,2274.625,fast
25,male,171,77,8627,1718.75,26.332888752094664,2664.0625,fast
37,female,160,55,6958,1204.0,21.484374999999996,1655.5,slow
53,female,150,69,7557,1201.5,30.666666666666668,1862.325,slow
32,male,175,85,8280,1788.75,27.755102040816325,2772.5625,fast
31,male,184,72,4242,1720.0,21.266540642722116,2064.0,medium
34,female,157,72,7144,1370.25,29.21010994360826,1884.09375,slow
28,female,150,61,7306,1246.5,27.11111111111111,1713.9375,slow
39,male,170,67,7979,1542.5,23.18339100346021,2390.875,fast
32,male,167,83,8356,1718.75,29.760837606224676,2664.0625,fast
25,female,170,66,5678,1436.5,22.837370242214536,1975.1875,medium
36,male,163,75,9031,1593.75,28.228386465429637,2470.3125,fast
41,female,158,62,11814,1241.5,24.83576349943919,2141.5875,medium
18,male,166,72,4292,1672.5,26.1286108288576,2007.0,medium
49,male,174,73,3233,1577.5,24.111507464658473,1893.0,slow
52,male,174,86,10033,1692.5,28.405337561104506,2919.5625,fast
41,male,160,70,10732,1500.0,27.343749999999996,2587.5,fast
23,male,171,91,7117,1868.75,31.120686707020965,2569.53125,fast
22,female,150,74,7096,1406.5,32.888888888888886,1933.9375,medium
36,male,164,79,11689,1640.0,29.372397382510414,2829.0,fast
35,female,175,63,5410,1387.75,20.571428571428573,1908.15625,slow
38,female,153,65,9391,1255.25,27.76709812465291,1945.6375,medium
44,female,150,72,8341,1276.5,32.0,1978.575,medium
34,female,159,53,4492,1192.75,20.964360587002094,1431.3,slow
51,male,187,54,3014,1458.75,15.442248848980523,1750.5,slow
35,female,167,53,7189,1237.75,19.003908350962746,1701.90625,slow
43,female,150,55,8586,1111.5,24.444444444444443,1722.825,slow
48,female,160,65,8375,1249.0,25.390624999999996,1935.95,medium
48,male,173,63,7483,1476.25,21.04981790236894,2029.84375,medium
18,male,164,68,6777,1620.0,25.282569898869724,2227.5,medium
48,male,175,71,7708,1568.75,23.183673469387756,2431.5625,fast
36,female,157,62,10744,1260.25,25.153150229218223,2173.93125,medium
41,female,151,67,7414,1247.75,29.384676110696898,1715.65625,slow
36,male,169,68,6540,1561.25,23.80869017191275,2146.71875,medium
37,male,153,56,5480,1336.25,23.92242299970097,1837.34375,slow
30,female,150,68,8403,1306.5,30.22222222222222,2025.075,medium
46,male,175,73,5037,1598.75,23.836734693877553,2198.28125,medium
42,female,155,48,9675,1077.75,19.979188345473464,1670.5125,slow
42,female,164,58,8812,1234.0,21.564544913741823,1912.7,slow
40,female,170,79,7658,1491.5,27.33564013840831,2311.8250000000003,fast
25,male,156,72,3649,1575.0,29.585798816568044,1890.0,slow
47,female,159,91,4141,1507.75,35.99541157390926,1809.3,slow
35,female,168,50,12199,1214.0,17.71541950113379,2094.15,medium
24,female,165,45,3604,1200.25,16.528925619834713,1440.3,slow
33,female,158,50,5666,1161.5,20.028841531805796,1597.0625,slow
52,male,171,74,7492,1553.75,25.3069320474676,2136.40625,medium
43,male,175,76,7297,1643.75,24.816326530612244,2260.15625,medium
51,female,155,73,13093,1282.75,30.38501560874089,2437.225,fast
45,female,171,61,8184,1292.75,20.86111966075032,2003.7625,medium
37,female,153,60,6275,1210.25,25.63116749967961,1664.09375,slow
46,male,178,69,6351,1577.5,21.777553339224845,2169.0625,medium
43,female,169,69,6761,1370.25,24.158817968558527,1884.09375,slow
31,male,168,72,10613,1620.0,25.510204081632658,2794.5,fast
44,female,157,63,6608,1230.25,25.558846200657225,1691.59375,slow
55,female,151,67,4917,1177.75,29.384676110696898,1413.3,slow
30,male,164,76,9145,1640.0,28.256989886972047,2542.0,fast
27,female,150,63,5999,1271.5,28.0,1748.3125,slow
27,female,161,63,10054,1340.25,24.3046178773967,2311.93125,fast
26,male,168,70,7287,1625.0,24.801587301587304,2234.375,medium
33,male,166,91,8026,1787.5,33.02366090869502,2770.625,fast
24,male,189,47,6687,1536.25,13.157526385039613,2112.34375,medium
29,male,176,59,2353,1550.0,19.047004132231404,1860.0,slow
27,female,165,67,9349,1405.25,24.609733700642796,2178.1375000000003,medium
33,male,177,79,8783,1736.25,25.2162533116282,2691.1875,fast
28,female,158,54,9399,1226.5,21.63114885435026,1901.075,slow
23,female,152,56,7626,1234.0,24.238227146814403,1912.7,slow
22,male,167,79,8383,1728.75,28.326580372189753,2679.5625,fast
37,male,165,92,5022,1771.25,33.792470156106525,2435.46875,fast
19,female,150,48,8670,1161.5,21.333333333333332,1800.325,slow
31,female,155,70,11678,1352.75,29.1363163371488,2333.49375,fast
26,male,175,96,4178,1928.75,31.346938775510203,2314.5,fast
26,female,160,61,7923,1319.0,23.828124999999996,2044.45,medium
41,female,162,52,3156,1166.5,19.81405273586343,1399.8,slow
24,female,168,80,8451,1569.0,28.344671201814062,2431.9500000000003,fast
25,female,174,48,14577,1281.5,15.854141894569956,2434.85,fast
39,female,162,59,7083,1246.5,22.481329065691202,1713.9375,slow
24,female,166,56,8736,1316.5,20.322252866889244,2040.575,medium
26,male,166,80,9691,1712.5,29.03178980984178,2654.375,fast
44,male,171,73,9364,1583.75,24.96494647925858,2454.8125,fast
30,female,155,72,8565,1377.75,29.968782518210194,2135.5125000000003,medium
34,female,160,59,6121,1259.0,23.046874999999996,1731.125,slow
33,male,178,85,8861,1802.5,26.82742078020452,2793.875,fast
22,male,177,62,8602,1621.25,19.789970953429727,2512.9375,fast
34,male,168,81,6471,1695.0,28.69897959183674,2330.625,fast
49,female,168,65,9617,1294.0,23.030045351473927,2005.7,medium
18,male,174,63,6915,1632.5,20.808561236623067,2244.6875,medium
37,female,156,54,8081,1169.0,22.189349112426033,1811.95,slow
18,female,158,66,5075,1396.5,26.43807082198365,1920.1875,slow
